CMake Deprecation Warning at /opt/hostedtoolcache/ndk/r27c/x64/build/cmake/android.toolchain.cmake:35 (cmake_minimum_required):
  Compatibility with CMake < 3.10 will be removed from a future version of
  CMake.

  Update the VERSION argument <min> value.  Or, use the <min>...<max> syntax
  to tell CMake that the project requires at least <min> but has been updated
  to work with policies introduced by <max> or earlier.
Call Stack (most recent call first):
  /home/runner/vcpkg/scripts/buildsystems/vcpkg.cmake:210 (include)
  /usr/local/share/cmake-3.31/Modules/CMakeDetermineSystem.cmake:146 (include)
  CMakeLists.txt:34 (project)

Preset CMake variables:

  ANDROID_ABI="arm64-v8a"
  ANDROID_PLATFORM="android-29"
  ANDROID_STL="c++_static"
  CMAKE_BUILD_TYPE="RelWithDebInfo"
  CMAKE_EXPORT_COMPILE_COMMANDS="ON"
  CMAKE_MSVC_DEBUG_INFORMATION_FORMAT="$<$<CONFIG:Release,Debug,RelWithDebInfo>:Embedded>"
  CMAKE_MSVC_RUNTIME_LIBRARY="MultiThreaded$<$<CONFIG:Debug>:Debug>DLL"
  CMAKE_TOOLCHAIN_FILE="/home/runner/vcpkg/scripts/buildsystems/vcpkg.cmake"
  RTS_BUILD_CORE_TOOLS="OFF"
  RTS_BUILD_GENERALS="OFF"
  RTS_BUILD_OPTION_FFMPEG="ON"
  RTS_BUILD_OPTION_SAGE_PATCH="OFF"
  RTS_BUILD_ZEROHOUR_EXTRAS="OFF"
  RTS_BUILD_ZEROHOUR_TOOLS="OFF"
  RTS_CRASHDUMP_ENABLE="OFF"
  SAGE_UPDATE_CHECK="OFF"
  SAGE_USE_DX8="OFF"
  SAGE_USE_GLM="ON"
  SAGE_USE_OPENAL="ON"
  SAGE_USE_SDL3="ON"
  VCPKG_CHAINLOAD_TOOLCHAIN_FILE="/opt/hostedtoolcache/ndk/r27c/x64/build/cmake/android.toolchain.cmake"
  VCPKG_OVERLAY_TRIPLETS="/home/runner/work/zh-mobile/zh-mobile/cmake/triplets"
  VCPKG_TARGET_TRIPLET="arm64-android-zh"

Preset environment variables:

  PKG_CONFIG_PATH=""


CMake Deprecation Warning at /opt/hostedtoolcache/ndk/r27c/x64/build/cmake/android-legacy.toolchain.cmake:35 (cmake_minimum_required):
  Compatibility with CMake < 3.10 will be removed from a future version of
  CMake.

  Update the VERSION argument <min> value.  Or, use the <min>...<max> syntax
  to tell CMake that the project requires at least <min> but has been updated
  to work with policies introduced by <max> or earlier.
Call Stack (most recent call first):
  /opt/hostedtoolcache/ndk/r27c/x64/build/cmake/android.toolchain.cmake:55 (include)
  /home/runner/vcpkg/scripts/buildsystems/vcpkg.cmake:210 (include)
  /usr/local/share/cmake-3.31/Modules/CMakeDetermineSystem.cmake:146 (include)
  CMakeLists.txt:34 (project)


-- Running vcpkg install
A suitable version of cmake was not found (required v4.4.3).
Downloading https://github.com/Kitware/CMake/releases/download/v4.4.3/cmake-4.4.3-linux-x86_64.tar.gz -> cmake-4.4.3-linux-x86_64.tar.gz
Successfully downloaded cmake-4.4.3-linux-x86_64.tar.gz
Extracting cmake...
Detecting compiler hash for triplet x64-linux...
Compiler found: /usr/bin/c++
Detecting compiler hash for triplet arm64-android-zh...
Compiler found: /opt/hostedtoolcache/ndk/r27c/x64/toolchains/llvm/prebuilt/linux-x86_64/bin/clang++
The following packages will be built and installed:
  * brotli:arm64-android-zh@1.1.0#1
  * bzip2[core,tool]:arm64-android-zh@1.0.8#6
    ffmpeg[avcodec,avdevice,avfilter,avformat,core,swresample,swscale]:arm64-android-zh@8.1.1#2
  * ffmpeg-bin2c:x64-linux@8.1.1
    freetype[brotli,bzip2,core,png,zlib]:arm64-android-zh@2.13.3
    gli:arm64-android-zh@2021-07-06#2
    glm:arm64-android-zh@1.0.1#3
  * libpng:arm64-android-zh@1.6.46
    openal-soft:arm64-android-zh@1.24.3
  * pkgconf:x64-linux@2.4.3
  * vcpkg-cmake:x64-linux@2024-04-23
  * vcpkg-cmake-config:x64-linux@2024-05-23
  * vcpkg-cmake-get-vars:x64-linux@2024-09-22
  * vcpkg-pkgconfig-get-modules:x64-linux@2024-04-03
  * vcpkg-tool-meson:x64-linux@1.6.1
    zlib:arm64-android-zh@1.3.1
Additional packages (*) will be modified to complete this operation.
Restored 16 package(s) from /home/runner/.cache/vcpkg/archives in 2.9 s. Use --debug to see more details.
Installing 1/16 vcpkg-cmake:x64-linux@2024-04-23...
vcpkg-cmake:x64-linux@2024-04-23 package ABI: fd03e5f87f10ffa557dd9c301fa24001b072d9d4674d69587a386868aea751f2
Elapsed time to handle vcpkg-cmake:x64-linux: 954 us
Installing 2/16 vcpkg-cmake-get-vars:x64-linux@2024-09-22...
vcpkg-cmake-get-vars:x64-linux@2024-09-22 package ABI: ea5bec53e77b9bc39c922f4d193ece7950ffa7f2239b9d48d3f509dd2674eabc
Elapsed time to handle vcpkg-cmake-get-vars:x64-linux: 858 us
Installing 3/16 vcpkg-tool-meson:x64-linux@1.6.1...
vcpkg-tool-meson:x64-linux@1.6.1 package ABI: dc6bdf7fc344e3755bcc2ab49be546121f2e2db22dad112693c21431f27dea8a
Elapsed time to handle vcpkg-tool-meson:x64-linux: 936 us
Installing 4/16 pkgconf:x64-linux@2.4.3...
pkgconf:x64-linux@2.4.3 package ABI: 81e52609aadb6de9aee3ae42f853a0f97833cd30080f1ba827043628191cd454
Elapsed time to handle pkgconf:x64-linux: 1.3 ms
Installing 5/16 vcpkg-pkgconfig-get-modules:x64-linux@2024-04-03...
vcpkg-pkgconfig-get-modules:x64-linux@2024-04-03 package ABI: 5f59968c88eca9b69617191aaa3bd48e90c4c46bfc5102ecb2598cf56259d392
Elapsed time to handle vcpkg-pkgconfig-get-modules:x64-linux: 809 us
Installing 6/16 ffmpeg-bin2c:x64-linux@8.1.1...
ffmpeg-bin2c:x64-linux@8.1.1 package ABI: ef89b7ff59a268c4650bf8e8344645d65009a9e4156c8917e63b564231206da9
Elapsed time to handle ffmpeg-bin2c:x64-linux: 887 us
Installing 7/16 ffmpeg[avcodec,avdevice,avfilter,avformat,core,swresample,swscale]:arm64-android-zh@8.1.1#2...
ffmpeg[avcodec,avdevice,avfilter,avformat,core,swresample,swscale]:arm64-android-zh@8.1.1#2 package ABI: 231b0a588c7528034a96f315cc93afe217a25c548856f10bc9501e9e4691ac1d
Elapsed time to handle ffmpeg:arm64-android-zh: 5.19 ms
Installing 8/16 zlib:arm64-android-zh@1.3.1...
zlib:arm64-android-zh@1.3.1 package ABI: 1615f01565aed19e50caa54c9197ea29481268ae5188360f419abb9fab5e251e
Elapsed time to handle zlib:arm64-android-zh: 1.11 ms
Installing 9/16 vcpkg-cmake-config:x64-linux@2024-05-23...
vcpkg-cmake-config:x64-linux@2024-05-23 package ABI: 9602f1e4dbf04813d6074668438292af30150895ae61d2c409ac44d3636e7a36
Elapsed time to handle vcpkg-cmake-config:x64-linux: 964 us
Installing 10/16 libpng:arm64-android-zh@1.6.46...
libpng:arm64-android-zh@1.6.46 package ABI: 7d3a1fde8d0bc58f8b73af94848b100f5a66d5e84d207576382af53864455c01
Elapsed time to handle libpng:arm64-android-zh: 1.52 ms
Installing 11/16 bzip2[core,tool]:arm64-android-zh@1.0.8#6...
bzip2[core,tool]:arm64-android-zh@1.0.8#6 package ABI: f743fc638f1e54c43fe696c991e15b23dee13af5adf751b6857dfba39d8b55ba
Elapsed time to handle bzip2:arm64-android-zh: 1.4 ms
Installing 12/16 brotli:arm64-android-zh@1.1.0#1...
brotli:arm64-android-zh@1.1.0#1 package ABI: b37b528a860703cd7efcc402a1cd1bba88ba0285c64c66d63d93675508a4418c
Elapsed time to handle brotli:arm64-android-zh: 1.58 ms
Installing 13/16 freetype[brotli,bzip2,core,png,zlib]:arm64-android-zh@2.13.3...
freetype[brotli,bzip2,core,png,zlib]:arm64-android-zh@2.13.3 package ABI: e6d98617eae4cd327056a569397c1aa7bca0b4b912d32bfa5d856e92ed644712
Elapsed time to handle freetype:arm64-android-zh: 2.86 ms
Installing 14/16 glm:arm64-android-zh@1.0.1#3...
glm:arm64-android-zh@1.0.1#3 package ABI: d228ffeaf251ddb180d46bdd63e7cb6013d23fba44df9219ffa9a13bdeddc846
Elapsed time to handle glm:arm64-android-zh: 10.3 ms
Installing 15/16 gli:arm64-android-zh@2021-07-06#2...
gli:arm64-android-zh@2021-07-06#2 package ABI: 75b76edb3870e05c03afee73b8c94d201371eaa4f168dd97a2f8eb310db21d29
Elapsed time to handle gli:arm64-android-zh: 3.13 ms
Installing 16/16 openal-soft:arm64-android-zh@1.24.3...
openal-soft:arm64-android-zh@1.24.3 package ABI: 6f36cdd26c50c89a453c819d45d8b3f5d6e8e35a18fb3caa8aae6e538d14342c
Elapsed time to handle openal-soft:arm64-android-zh: 1.8 ms
Installed contents are licensed to you by owners. Microsoft is not responsible for, nor does it grant any licenses to, third-party packages.
Some packages did not declare an SPDX license. Check the `copyright` file for each package for more information about their licensing.
Packages installed in this vcpkg installation declare the following licenses:
(FTL OR GPL-2.0-or-later)
Apache-2.0
LGPL-2.0-or-later
LGPL-2.1-or-later
MIT
Zlib
bzip2-1.0.6
libpng-2.0
ffmpeg provides CMake integration:

  find_package(FFMPEG REQUIRED)
  target_include_directories(main PRIVATE ${FFMPEG_INCLUDE_DIRS})
  target_link_directories(main PRIVATE ${FFMPEG_LIBRARY_DIRS})
  target_link_libraries(main PRIVATE ${FFMPEG_LIBRARIES})

ffmpeg provides pkg-config modules:

  # FFmpeg codec library
  libavcodec

  # FFmpeg device handling library
  libavdevice

  # FFmpeg audio/video filtering library
  libavfilter

  # FFmpeg container format library
  libavformat

  # FFmpeg utility library
  libavutil

  # FFmpeg audio resampling library
  libswresample

  # FFmpeg image rescaling library
  libswscale

To use the static libraries to build your own shared library,
you may need to add the following link option for your library:

  -Wl,-Bsymbolic

The package zlib is compatible with built-in CMake targets:

    find_package(ZLIB REQUIRED)
    target_link_libraries(main PRIVATE ZLIB::ZLIB)

freetype is compatible with built-in CMake targets:

    find_package(Freetype REQUIRED)
    target_link_libraries(main PRIVATE Freetype::Freetype) # since CMake 3.10

The package glm provides CMake targets:

    find_package(glm CONFIG REQUIRED)
    target_link_libraries(main PRIVATE glm::glm)

    # Or use the header-only version
    find_package(glm CONFIG REQUIRED)
    target_link_libraries(main PRIVATE glm::glm-header-only)

gli provides CMake targets:

  # this is heuristically generated, and may not be correct
  find_package(gli CONFIG REQUIRED)
  target_link_libraries(main PRIVATE gli)

The package openal-soft provides CMake targets:

    find_package(OpenAL CONFIG REQUIRED)
    target_link_libraries(main PRIVATE OpenAL::OpenAL)

All requested installations completed successfully in: 37.8 ms
-- Running vcpkg install - done
CMake Deprecation Warning at /opt/hostedtoolcache/ndk/r27c/x64/build/cmake/android.toolchain.cmake:35 (cmake_minimum_required):
  Compatibility with CMake < 3.10 will be removed from a future version of
  CMake.

  Update the VERSION argument <min> value.  Or, use the <min>...<max> syntax
  to tell CMake that the project requires at least <min> but has been updated
  to work with policies introduced by <max> or earlier.
Call Stack (most recent call first):
  /home/runner/vcpkg/scripts/buildsystems/vcpkg.cmake:210 (include)
  build/android-arm64/CMakeFiles/3.31.6/CMakeSystem.cmake:6 (include)
  CMakeLists.txt:34 (project)


-- The C compiler identification is Clang 18.0.3
-- The CXX compiler identification is Clang 18.0.3
CMake Deprecation Warning at /opt/hostedtoolcache/ndk/r27c/x64/build/cmake/flags.cmake:18 (cmake_minimum_required):
  Compatibility with CMake < 3.10 will be removed from a future version of
  CMake.

  Update the VERSION argument <min> value.  Or, use the <min>...<max> syntax
  to tell CMake that the project requires at least <min> but has been updated
  to work with policies introduced by <max> or earlier.
Call Stack (most recent call first):
  /usr/local/share/cmake-3.31/Modules/Platform/Android-Clang.cmake:23 (include)
  /usr/local/share/cmake-3.31/Modules/Platform/Android-Clang-C.cmake:1 (include)
  /usr/local/share/cmake-3.31/Modules/CMakeCInformation.cmake:48 (include)
  CMakeLists.txt:34 (project)


-- Detecting C compiler ABI info
CMake Deprecation Warning at /opt/hostedtoolcache/ndk/r27c/x64/build/cmake/android.toolchain.cmake:35 (cmake_minimum_required):
  Compatibility with CMake < 3.10 will be removed from a future version of
  CMake.

  Update the VERSION argument <min> value.  Or, use the <min>...<max> syntax
  to tell CMake that the project requires at least <min> but has been updated
  to work with policies introduced by <max> or earlier.
Call Stack (most recent call first):
  /home/runner/vcpkg/scripts/buildsystems/vcpkg.cmake:210 (include)
  /home/runner/work/zh-mobile/zh-mobile/build/android-arm64/CMakeFiles/3.31.6/CMakeSystem.cmake:6 (include)
  /home/runner/work/zh-mobile/zh-mobile/build/android-arm64/CMakeFiles/CMakeScratch/TryCompile-RYewU0/CMakeLists.txt:3 (project)


CMake Deprecation Warning at /opt/hostedtoolcache/ndk/r27c/x64/build/cmake/android-legacy.toolchain.cmake:35 (cmake_minimum_required):
  Compatibility with CMake < 3.10 will be removed from a future version of
  CMake.

  Update the VERSION argument <min> value.  Or, use the <min>...<max> syntax
  to tell CMake that the project requires at least <min> but has been updated
  to work with policies introduced by <max> or earlier.
Call Stack (most recent call first):
  /opt/hostedtoolcache/ndk/r27c/x64/build/cmake/android.toolchain.cmake:55 (include)
  /home/runner/vcpkg/scripts/buildsystems/vcpkg.cmake:210 (include)
  /home/runner/work/zh-mobile/zh-mobile/build/android-arm64/CMakeFiles/3.31.6/CMakeSystem.cmake:6 (include)
  /home/runner/work/zh-mobile/zh-mobile/build/android-arm64/CMakeFiles/CMakeScratch/TryCompile-RYewU0/CMakeLists.txt:3 (project)


CMake Deprecation Warning at /opt/hostedtoolcache/ndk/r27c/x64/build/cmake/flags.cmake:18 (cmake_minimum_required):
  Compatibility with CMake < 3.10 will be removed from a future version of
  CMake.

  Update the VERSION argument <min> value.  Or, use the <min>...<max> syntax
  to tell CMake that the project requires at least <min> but has been updated
  to work with policies introduced by <max> or earlier.
Call Stack (most recent call first):
  /usr/local/share/cmake-3.31/Modules/Platform/Android-Clang.cmake:23 (include)
  /usr/local/share/cmake-3.31/Modules/Platform/Android-Clang-C.cmake:1 (include)
  /usr/local/share/cmake-3.31/Modules/CMakeCInformation.cmake:48 (include)
  /home/runner/work/zh-mobile/zh-mobile/build/android-arm64/CMakeFiles/CMakeScratch/TryCompile-RYewU0/CMakeLists.txt:3 (project)


-- Detecting C compiler ABI info - done
-- Check for working C compiler: /opt/hostedtoolcache/ndk/r27c/x64/toolchains/llvm/prebuilt/linux-x86_64/bin/clang - skipped
-- Detecting C compile features
-- Detecting C compile features - done
-- Detecting CXX compiler ABI info
CMake Deprecation Warning at /opt/hostedtoolcache/ndk/r27c/x64/build/cmake/android.toolchain.cmake:35 (cmake_minimum_required):
  Compatibility with CMake < 3.10 will be removed from a future version of
  CMake.

  Update the VERSION argument <min> value.  Or, use the <min>...<max> syntax
  to tell CMake that the project requires at least <min> but has been updated
  to work with policies introduced by <max> or earlier.
Call Stack (most recent call first):
  /home/runner/vcpkg/scripts/buildsystems/vcpkg.cmake:210 (include)
  /home/runner/work/zh-mobile/zh-mobile/build/android-arm64/CMakeFiles/3.31.6/CMakeSystem.cmake:6 (include)
  /home/runner/work/zh-mobile/zh-mobile/build/android-arm64/CMakeFiles/CMakeScratch/TryCompile-xIPhMw/CMakeLists.txt:3 (project)


CMake Deprecation Warning at /opt/hostedtoolcache/ndk/r27c/x64/build/cmake/android-legacy.toolchain.cmake:35 (cmake_minimum_required):
  Compatibility with CMake < 3.10 will be removed from a future version of
  CMake.

  Update the VERSION argument <min> value.  Or, use the <min>...<max> syntax
  to tell CMake that the project requires at least <min> but has been updated
  to work with policies introduced by <max> or earlier.
Call Stack (most recent call first):
  /opt/hostedtoolcache/ndk/r27c/x64/build/cmake/android.toolchain.cmake:55 (include)
  /home/runner/vcpkg/scripts/buildsystems/vcpkg.cmake:210 (include)
  /home/runner/work/zh-mobile/zh-mobile/build/android-arm64/CMakeFiles/3.31.6/CMakeSystem.cmake:6 (include)
  /home/runner/work/zh-mobile/zh-mobile/build/android-arm64/CMakeFiles/CMakeScratch/TryCompile-xIPhMw/CMakeLists.txt:3 (project)


CMake Deprecation Warning at /opt/hostedtoolcache/ndk/r27c/x64/build/cmake/flags.cmake:18 (cmake_minimum_required):
  Compatibility with CMake < 3.10 will be removed from a future version of
  CMake.

  Update the VERSION argument <min> value.  Or, use the <min>...<max> syntax
  to tell CMake that the project requires at least <min> but has been updated
  to work with policies introduced by <max> or earlier.
Call Stack (most recent call first):
  /usr/local/share/cmake-3.31/Modules/Platform/Android-Clang.cmake:23 (include)
  /usr/local/share/cmake-3.31/Modules/Platform/Android-Clang-CXX.cmake:1 (include)
  /usr/local/share/cmake-3.31/Modules/CMakeCXXInformation.cmake:48 (include)
  /home/runner/work/zh-mobile/zh-mobile/build/android-arm64/CMakeFiles/CMakeScratch/TryCompile-xIPhMw/CMakeLists.txt:3 (project)


-- Detecting CXX compiler ABI info - done
-- Check for working CXX compiler: /opt/hostedtoolcache/ndk/r27c/x64/toolchains/llvm/prebuilt/linux-x86_64/bin/clang++ - skipped
-- Detecting CXX compile features
-- Detecting CXX compile features - done
-- ccache enabled: /bin/ccache
-- CMAKE_CXX_COMPILER: /opt/hostedtoolcache/ndk/r27c/x64/toolchains/llvm/prebuilt/linux-x86_64/bin/clang++
-- CMAKE_CXX_COMPILER_ID: Clang
-- CMAKE_CXX_COMPILER_VERSION: 18.0.3
-- CMAKE_INSTALL_PREFIX: /usr/local
-- DXVK Android: applied Patches/dxvk-android.patch
-- DXVK Android build from /home/runner/work/zh-mobile/zh-mobile/references/fbraz3-dxvk
-- Configuring SDL3 (v3.4.2) with FetchContent (native build)...
-- Found PkgConfig: /bin/pkg-config (found version "1.8.1")
-- Detecting Target CPU Architecture
CMake Deprecation Warning at /opt/hostedtoolcache/ndk/r27c/x64/build/cmake/android.toolchain.cmake:35 (cmake_minimum_required):
  Compatibility with CMake < 3.10 will be removed from a future version of
  CMake.

  Update the VERSION argument <min> value.  Or, use the <min>...<max> syntax
  to tell CMake that the project requires at least <min> but has been updated
  to work with policies introduced by <max> or earlier.
Call Stack (most recent call first):
  /home/runner/vcpkg/scripts/buildsystems/vcpkg.cmake:210 (include)
  /home/runner/work/zh-mobile/zh-mobile/build/android-arm64/CMakeFiles/3.31.6/CMakeSystem.cmake:6 (include)
  /home/runner/work/zh-mobile/zh-mobile/build/android-arm64/_deps/sdl3-build/CMakeFiles/CMakeTmp/SDL_detect_arch/CMakeFiles/CMakeTmp/CMakeLists.txt:5 (project)


CMake Deprecation Warning at /opt/hostedtoolcache/ndk/r27c/x64/build/cmake/android-legacy.toolchain.cmake:35 (cmake_minimum_required):
  Compatibility with CMake < 3.10 will be removed from a future version of
  CMake.

  Update the VERSION argument <min> value.  Or, use the <min>...<max> syntax
  to tell CMake that the project requires at least <min> but has been updated
  to work with policies introduced by <max> or earlier.
Call Stack (most recent call first):
  /opt/hostedtoolcache/ndk/r27c/x64/build/cmake/android.toolchain.cmake:55 (include)
  /home/runner/vcpkg/scripts/buildsystems/vcpkg.cmake:210 (include)
  /home/runner/work/zh-mobile/zh-mobile/build/android-arm64/CMakeFiles/3.31.6/CMakeSystem.cmake:6 (include)
  /home/runner/work/zh-mobile/zh-mobile/build/android-arm64/_deps/sdl3-build/CMakeFiles/CMakeTmp/SDL_detect_arch/CMakeFiles/CMakeTmp/CMakeLists.txt:5 (project)


CMake Deprecation Warning at /opt/hostedtoolcache/ndk/r27c/x64/build/cmake/flags.cmake:18 (cmake_minimum_required):
  Compatibility with CMake < 3.10 will be removed from a future version of
  CMake.

  Update the VERSION argument <min> value.  Or, use the <min>...<max> syntax
  to tell CMake that the project requires at least <min> but has been updated
  to work with policies introduced by <max> or earlier.
Call Stack (most recent call first):
  /usr/local/share/cmake-3.31/Modules/Platform/Android-Clang.cmake:23 (include)
  /usr/local/share/cmake-3.31/Modules/Platform/Android-Clang-C.cmake:1 (include)
  /usr/local/share/cmake-3.31/Modules/CMakeCInformation.cmake:48 (include)
  /home/runner/work/zh-mobile/zh-mobile/build/android-arm64/_deps/sdl3-build/CMakeFiles/CMakeTmp/SDL_detect_arch/CMakeFiles/CMakeTmp/CMakeLists.txt:5 (project)


-- Detecting Target CPU Architecture - ARM64
-- Performing Test HAVE_GCC_WALL
CMake Deprecation Warning at /opt/hostedtoolcache/ndk/r27c/x64/build/cmake/android.toolchain.cmake:35 (cmake_minimum_required):
  Compatibility with CMake < 3.10 will be removed from a future version of
  CMake.

  Update the VERSION argument <min> value.  Or, use the <min>...<max> syntax
  to tell CMake that the project requires at least <min> but has been updated
  to work with policies introduced by <max> or earlier.
Call Stack (most recent call first):
  /home/runner/vcpkg/scripts/buildsystems/vcpkg.cmake:210 (include)
  /home/runner/work/zh-mobile/zh-mobile/build/android-arm64/CMakeFiles/3.31.6/CMakeSystem.cmake:6 (include)
  /home/runner/work/zh-mobile/zh-mobile/build/android-arm64/CMakeFiles/CMakeScratch/TryCompile-EFRYVj/CMakeLists.txt:5 (project)


CMake Deprecation Warning at /opt/hostedtoolcache/ndk/r27c/x64/build/cmake/android-legacy.toolchain.cmake:35 (cmake_minimum_required):
  Compatibility with CMake < 3.10 will be removed from a future version of
  CMake.

  Update the VERSION argument <min> value.  Or, use the <min>...<max> syntax
  to tell CMake that the project requires at least <min> but has been updated
  to work with policies introduced by <max> or earlier.
Call Stack (most recent call first):
  /opt/hostedtoolcache/ndk/r27c/x64/build/cmake/android.toolchain.cmake:55 (include)
  /home/runner/vcpkg/scripts/buildsystems/vcpkg.cmake:210 (include)
  /home/runner/work/zh-mobile/zh-mobile/build/android-arm64/CMakeFiles/3.31.6/CMakeSystem.cmake:6 (include)
  /home/runner/work/zh-mobile/zh-mobile/build/android-arm64/CMakeFiles/CMakeScratch/TryCompile-EFRYVj/CMakeLists.txt:5 (project)


CMake Deprecation Warning at /opt/hostedtoolcache/ndk/r27c/x64/build/cmake/flags.cmake:18 (cmake_minimum_required):
  Compatibility with CMake < 3.10 will be removed from a future version of
  CMake.

  Update the VERSION argument <min> value.  Or, use the <min>...<max> syntax
  to tell CMake that the project requires at least <min> but has been updated
  to work with policies introduced by <max> or earlier.
Call Stack (most recent call first):
  /usr/local/share/cmake-3.31/Modules/Platform/Android-Clang.cmake:23 (include)
  /usr/local/share/cmake-3.31/Modules/Platform/Android-Clang-C.cmake:1 (include)
  /usr/local/share/cmake-3.31/Modules/CMakeCInformation.cmake:48 (include)
  /home/runner/work/zh-mobile/zh-mobile/build/android-arm64/CMakeFiles/CMakeScratch/TryCompile-EFRYVj/CMakeLists.txt:5 (project)


-- Performing Test HAVE_GCC_WALL - Success
-- Performing Test HAVE_GCC_WUNDEF
CMake Deprecation Warning at /opt/hostedtoolcache/ndk/r27c/x64/build/cmake/android.toolchain.cmake:35 (cmake_minimum_required):
  Compatibility with CMake < 3.10 will be removed from a future version of
  CMake.

  Update the VERSION argument <min> value.  Or, use the <min>...<max> syntax
  to tell CMake that the project requires at least <min> but has been updated
  to work with policies introduced by <max> or earlier.
Call Stack (most recent call first):
  /home/runner/vcpkg/scripts/buildsystems/vcpkg.cmake:210 (include)
  /home/runner/work/zh-mobile/zh-mobile/build/android-arm64/CMakeFiles/3.31.6/CMakeSystem.cmake:6 (include)
  /home/runner/work/zh-mobile/zh-mobile/build/android-arm64/CMakeFiles/CMakeScratch/TryCompile-AnzBmA/CMakeLists.txt:5 (project)


CMake Deprecation Warning at /opt/hostedtoolcache/ndk/r27c/x64/build/cmake/android-legacy.toolchain.cmake:35 (cmake_minimum_required):
  Compatibility with CMake < 3.10 will be removed from a future version of
  CMake.

  Update the VERSION argument <min> value.  Or, use the <min>...<max> syntax
  to tell CMake that the project requires at least <min> but has been updated
  to work with policies introduced by <max> or earlier.
Call Stack (most recent call first):
  /opt/hostedtoolcache/ndk/r27c/x64/build/cmake/android.toolchain.cmake:55 (include)
  /home/runner/vcpkg/scripts/buildsystems/vcpkg.cmake:210 (include)
  /home/runner/work/zh-mobile/zh-mobile/build/android-arm64/CMakeFiles/3.31.6/CMakeSystem.cmake:6 (include)
  /home/runner/work/zh-mobile/zh-mobile/build/android-arm64/CMakeFiles/CMakeScratch/TryCompile-AnzBmA/CMakeLists.txt:5 (project)


CMake Deprecation Warning at /opt/hostedtoolcache/ndk/r27c/x64/build/cmake/flags.cmake:18 (cmake_minimum_required):
  Compatibility with CMake < 3.10 will be removed from a future version of
  CMake.

  Update the VERSION argument <min> value.  Or, use the <min>...<max> syntax
  to tell CMake that the project requires at least <min> but has been updated
  to work with policies introduced by <max> or earlier.
Call Stack (most recent call first):
  /usr/local/share/cmake-3.31/Modules/Platform/Android-Clang.cmake:23 (include)
  /usr/local/share/cmake-3.31/Modules/Platform/Android-Clang-C.cmake:1 (include)
  /usr/local/share/cmake-3.31/Modules/CMakeCInformation.cmake:48 (include)
  /home/runner/work/zh-mobile/zh-mobile/build/android-arm64/CMakeFiles/CMakeScratch/TryCompile-AnzBmA/CMakeLists.txt:5 (project)


-- Performing Test HAVE_GCC_WUNDEF - Success
-- Performing Test HAVE_GCC_WFLOAT_CONVERSION
CMake Deprecation Warning at /opt/hostedtoolcache/ndk/r27c/x64/build/cmake/android.toolchain.cmake:35 (cmake_minimum_required):
  Compatibility with CMake < 3.10 will be removed from a future version of
  CMake.

  Update the VERSION argument <min> value.  Or, use the <min>...<max> syntax
  to tell CMake that the project requires at least <min> but has been updated
  to work with policies introduced by <max> or earlier.
Call Stack (most recent call first):
  /home/runner/vcpkg/scripts/buildsystems/vcpkg.cmake:210 (include)
  /home/runner/work/zh-mobile/zh-mobile/build/android-arm64/CMakeFiles/3.31.6/CMakeSystem.cmake:6 (include)
  /home/runner/work/zh-mobile/zh-mobile/build/android-arm64/CMakeFiles/CMakeScratch/TryCompile-WZCji2/CMakeLists.txt:5 (project)


CMake Deprecation Warning at /opt/hostedtoolcache/ndk/r27c/x64/build/cmake/android-legacy.toolchain.cmake:35 (cmake_minimum_required):
  Compatibility with CMake < 3.10 will be removed from a future version of
  CMake.

  Update the VERSION argument <min> value.  Or, use the <min>...<max> syntax
  to tell CMake that the project requires at least <min> but has been updated
  to work with policies introduced by <max> or earlier.
Call Stack (most recent call first):
  /opt/hostedtoolcache/ndk/r27c/x64/build/cmake/android.toolchain.cmake:55 (include)
  /home/runner/vcpkg/scripts/buildsystems/vcpkg.cmake:210 (include)
  /home/runner/work/zh-mobile/zh-mobile/build/android-arm64/CMakeFiles/3.31.6/CMakeSystem.cmake:6 (include)
  /home/runner/work/zh-mobile/zh-mobile/build/android-arm64/CMakeFiles/CMakeScratch/TryCompile-WZCji2/CMakeLists.txt:5 (project)


CMake Deprecation Warning at /opt/hostedtoolcache/ndk/r27c/x64/build/cmake/flags.cmake:18 (cmake_minimum_required):
  Compatibility with CMake < 3.10 will be removed from a future version of
  CMake.

  Update the VERSION argument <min> value.  Or, use the <min>...<max> syntax
  to tell CMake that the project requires at least <min> but has been updated
  to work with policies introduced by <max> or earlier.
Call Stack (most recent call first):
  /usr/local/share/cmake-3.31/Modules/Platform/Android-Clang.cmake:23 (include)
  /usr/local/share/cmake-3.31/Modules/Platform/Android-Clang-C.cmake:1 (include)
  /usr/local/share/cmake-3.31/Modules/CMakeCInformation.cmake:48 (include)
  /home/runner/work/zh-mobile/zh-mobile/build/android-arm64/CMakeFiles/CMakeScratch/TryCompile-WZCji2/CMakeLists.txt:5 (project)


-- Performing Test HAVE_GCC_WFLOAT_CONVERSION - Success
-- Performing Test HAVE_GCC_NO_STRICT_ALIASING
CMake Deprecation Warning at /opt/hostedtoolcache/ndk/r27c/x64/build/cmake/android.toolchain.cmake:35 (cmake_minimum_required):
  Compatibility with CMake < 3.10 will be removed from a future version of
  CMake.

  Update the VERSION argument <min> value.  Or, use the <min>...<max> syntax
  to tell CMake that the project requires at least <min> but has been updated
  to work with policies introduced by <max> or earlier.
Call Stack (most recent call first):
  /home/runner/vcpkg/scripts/buildsystems/vcpkg.cmake:210 (include)
  /home/runner/work/zh-mobile/zh-mobile/build/android-arm64/CMakeFiles/3.31.6/CMakeSystem.cmake:6 (include)
  /home/runner/work/zh-mobile/zh-mobile/build/android-arm64/CMakeFiles/CMakeScratch/TryCompile-gKHkLg/CMakeLists.txt:5 (project)


CMake Deprecation Warning at /opt/hostedtoolcache/ndk/r27c/x64/build/cmake/android-legacy.toolchain.cmake:35 (cmake_minimum_required):
  Compatibility with CMake < 3.10 will be removed from a future version of
  CMake.

  Update the VERSION argument <min> value.  Or, use the <min>...<max> syntax
  to tell CMake that the project requires at least <min> but has been updated
  to work with policies introduced by <max> or earlier.
Call Stack (most recent call first):
  /opt/hostedtoolcache/ndk/r27c/x64/build/cmake/android.toolchain.cmake:55 (include)
  /home/runner/vcpkg/scripts/buildsystems/vcpkg.cmake:210 (include)
  /home/runner/work/zh-mobile/zh-mobile/build/android-arm64/CMakeFiles/3.31.6/CMakeSystem.cmake:6 (include)
  /home/runner/work/zh-mobile/zh-mobile/build/android-arm64/CMakeFiles/CMakeScratch/TryCompile-gKHkLg/CMakeLists.txt:5 (project)


CMake Deprecation Warning at /opt/hostedtoolcache/ndk/r27c/x64/build/cmake/flags.cmake:18 (cmake_minimum_required):
  Compatibility with CMake < 3.10 will be removed from a future version of
  CMake.

  Update the VERSION argument <min> value.  Or, use the <min>...<max> syntax
  to tell CMake that the project requires at least <min> but has been updated
  to work with policies introduced by <max> or earlier.
Call Stack (most recent call first):
  /usr/local/share/cmake-3.31/Modules/Platform/Android-Clang.cmake:23 (include)
  /usr/local/share/cmake-3.31/Modules/Platform/Android-Clang-C.cmake:1 (include)
  /usr/local/share/cmake-3.31/Modules/CMakeCInformation.cmake:48 (include)
  /home/runner/work/zh-mobile/zh-mobile/build/android-arm64/CMakeFiles/CMakeScratch/TryCompile-gKHkLg/CMakeLists.txt:5 (project)


-- Performing Test HAVE_GCC_NO_STRICT_ALIASING - Success
-- Performing Test HAVE_GCC_WDOCUMENTATION
CMake Deprecation Warning at /opt/hostedtoolcache/ndk/r27c/x64/build/cmake/android.toolchain.cmake:35 (cmake_minimum_required):
  Compatibility with CMake < 3.10 will be removed from a future version of
  CMake.

  Update the VERSION argument <min> value.  Or, use the <min>...<max> syntax
  to tell CMake that the project requires at least <min> but has been updated
  to work with policies introduced by <max> or earlier.
Call Stack (most recent call first):
  /home/runner/vcpkg/scripts/buildsystems/vcpkg.cmake:210 (include)
  /home/runner/work/zh-mobile/zh-mobile/build/android-arm64/CMakeFiles/3.31.6/CMakeSystem.cmake:6 (include)
  /home/runner/work/zh-mobile/zh-mobile/build/android-arm64/CMakeFiles/CMakeScratch/TryCompile-2tgwTE/CMakeLists.txt:5 (project)


CMake Deprecation Warning at /opt/hostedtoolcache/ndk/r27c/x64/build/cmake/android-legacy.toolchain.cmake:35 (cmake_minimum_required):
  Compatibility with CMake < 3.10 will be removed from a future version of
  CMake.

  Update the VERSION argument <min> value.  Or, use the <min>...<max> syntax
  to tell CMake that the project requires at least <min> but has been updated
  to work with policies introduced by <max> or earlier.
Call Stack (most recent call first):
  /opt/hostedtoolcache/ndk/r27c/x64/build/cmake/android.toolchain.cmake:55 (include)
  /home/runner/vcpkg/scripts/buildsystems/vcpkg.cmake:210 (include)
  /home/runner/work/zh-mobile/zh-mobile/build/android-arm64/CMakeFiles/3.31.6/CMakeSystem.cmake:6 (include)
  /home/runner/work/zh-mobile/zh-mobile/build/android-arm64/CMakeFiles/CMakeScratch/TryCompile-2tgwTE/CMakeLists.txt:5 (project)


CMake Deprecation Warning at /opt/hostedtoolcache/ndk/r27c/x64/build/cmake/flags.cmake:18 (cmake_minimum_required):
  Compatibility with CMake < 3.10 will be removed from a future version of
  CMake.

  Update the VERSION argument <min> value.  Or, use the <min>...<max> syntax
  to tell CMake that the project requires at least <min> but has been updated
  to work with policies introduced by <max> or earlier.
Call Stack (most recent call first):
  /usr/local/share/cmake-3.31/Modules/Platform/Android-Clang.cmake:23 (include)
  /usr/local/share/cmake-3.31/Modules/Platform/Android-Clang-C.cmake:1 (include)
  /usr/local/share/cmake-3.31/Modules/CMakeCInformation.cmake:48 (include)
  /home/runner/work/zh-mobile/zh-mobile/build/android-arm64/CMakeFiles/CMakeScratch/TryCompile-2tgwTE/CMakeLists.txt:5 (project)


-- Performing Test HAVE_GCC_WDOCUMENTATION - Success
-- Performing Test HAVE_GCC_WDOCUMENTATION_UNKNOWN_COMMAND
CMake Deprecation Warning at /opt/hostedtoolcache/ndk/r27c/x64/build/cmake/android.toolchain.cmake:35 (cmake_minimum_required):
  Compatibility with CMake < 3.10 will be removed from a future version of
  CMake.

  Update the VERSION argument <min> value.  Or, use the <min>...<max> syntax
  to tell CMake that the project requires at least <min> but has been updated
  to work with policies introduced by <max> or earlier.
Call Stack (most recent call first):
  /home/runner/vcpkg/scripts/buildsystems/vcpkg.cmake:210 (include)
  /home/runner/work/zh-mobile/zh-mobile/build/android-arm64/CMakeFiles/3.31.6/CMakeSystem.cmake:6 (include)
  /home/runner/work/zh-mobile/zh-mobile/build/android-arm64/CMakeFiles/CMakeScratch/TryCompile-HX5FPy/CMakeLists.txt:5 (project)


CMake Deprecation Warning at /opt/hostedtoolcache/ndk/r27c/x64/build/cmake/android-legacy.toolchain.cmake:35 (cmake_minimum_required):
  Compatibility with CMake < 3.10 will be removed from a future version of
  CMake.

  Update the VERSION argument <min> value.  Or, use the <min>...<max> syntax
  to tell CMake that the project requires at least <min> but has been updated
  to work with policies introduced by <max> or earlier.
Call Stack (most recent call first):
  /opt/hostedtoolcache/ndk/r27c/x64/build/cmake/android.toolchain.cmake:55 (include)
  /home/runner/vcpkg/scripts/buildsystems/vcpkg.cmake:210 (include)
  /home/runner/work/zh-mobile/zh-mobile/build/android-arm64/CMakeFiles/3.31.6/CMakeSystem.cmake:6 (include)
  /home/runner/work/zh-mobile/zh-mobile/build/android-arm64/CMakeFiles/CMakeScratch/TryCompile-HX5FPy/CMakeLists.txt:5 (project)


CMake Deprecation Warning at /opt/hostedtoolcache/ndk/r27c/x64/build/cmake/flags.cmake:18 (cmake_minimum_required):
  Compatibility with CMake < 3.10 will be removed from a future version of
  CMake.

  Update the VERSION argument <min> value.  Or, use the <min>...<max> syntax
  to tell CMake that the project requires at least <min> but has been updated
  to work with policies introduced by <max> or earlier.
Call Stack (most recent call first):
  /usr/local/share/cmake-3.31/Modules/Platform/Android-Clang.cmake:23 (include)
  /usr/local/share/cmake-3.31/Modules/Platform/Android-Clang-C.cmake:1 (include)
  /usr/local/share/cmake-3.31/Modules/CMakeCInformation.cmake:48 (include)
  /home/runner/work/zh-mobile/zh-mobile/build/android-arm64/CMakeFiles/CMakeScratch/TryCompile-HX5FPy/CMakeLists.txt:5 (project)


-- Performing Test HAVE_GCC_WDOCUMENTATION_UNKNOWN_COMMAND - Success
-- Performing Test HAVE_GCC_COMMENT_BLOCK_COMMANDS
CMake Deprecation Warning at /opt/hostedtoolcache/ndk/r27c/x64/build/cmake/android.toolchain.cmake:35 (cmake_minimum_required):
  Compatibility with CMake < 3.10 will be removed from a future version of
  CMake.

  Update the VERSION argument <min> value.  Or, use the <min>...<max> syntax
  to tell CMake that the project requires at least <min> but has been updated
  to work with policies introduced by <max> or earlier.
Call Stack (most recent call first):
  /home/runner/vcpkg/scripts/buildsystems/vcpkg.cmake:210 (include)
  /home/runner/work/zh-mobile/zh-mobile/build/android-arm64/CMakeFiles/3.31.6/CMakeSystem.cmake:6 (include)
  /home/runner/work/zh-mobile/zh-mobile/build/android-arm64/CMakeFiles/CMakeScratch/TryCompile-mCw4VN/CMakeLists.txt:5 (project)


CMake Deprecation Warning at /opt/hostedtoolcache/ndk/r27c/x64/build/cmake/android-legacy.toolchain.cmake:35 (cmake_minimum_required):
  Compatibility with CMake < 3.10 will be removed from a future version of
  CMake.

  Update the VERSION argument <min> value.  Or, use the <min>...<max> syntax
  to tell CMake that the project requires at least <min> but has been updated
  to work with policies introduced by <max> or earlier.
Call Stack (most recent call first):
  /opt/hostedtoolcache/ndk/r27c/x64/build/cmake/android.toolchain.cmake:55 (include)
  /home/runner/vcpkg/scripts/buildsystems/vcpkg.cmake:210 (include)
  /home/runner/work/zh-mobile/zh-mobile/build/android-arm64/CMakeFiles/3.31.6/CMakeSystem.cmake:6 (include)
  /home/runner/work/zh-mobile/zh-mobile/build/android-arm64/CMakeFiles/CMakeScratch/TryCompile-mCw4VN/CMakeLists.txt:5 (project)


CMake Deprecation Warning at /opt/hostedtoolcache/ndk/r27c/x64/build/cmake/flags.cmake:18 (cmake_minimum_required):
  Compatibility with CMake < 3.10 will be removed from a future version of
  CMake.

  Update the VERSION argument <min> value.  Or, use the <min>...<max> syntax
  to tell CMake that the project requires at least <min> but has been updated
  to work with policies introduced by <max> or earlier.
Call Stack (most recent call first):
  /usr/local/share/cmake-3.31/Modules/Platform/Android-Clang.cmake:23 (include)
  /usr/local/share/cmake-3.31/Modules/Platform/Android-Clang-C.cmake:1 (include)
  /usr/local/share/cmake-3.31/Modules/CMakeCInformation.cmake:48 (include)
  /home/runner/work/zh-mobile/zh-mobile/build/android-arm64/CMakeFiles/CMakeScratch/TryCompile-mCw4VN/CMakeLists.txt:5 (project)


-- Performing Test HAVE_GCC_COMMENT_BLOCK_COMMANDS - Success
-- Performing Test HAVE_GCC_WSHADOW
CMake Deprecation Warning at /opt/hostedtoolcache/ndk/r27c/x64/build/cmake/android.toolchain.cmake:35 (cmake_minimum_required):
  Compatibility with CMake < 3.10 will be removed from a future version of
  CMake.

  Update the VERSION argument <min> value.  Or, use the <min>...<max> syntax
  to tell CMake that the project requires at least <min> but has been updated
  to work with policies introduced by <max> or earlier.
Call Stack (most recent call first):
  /home/runner/vcpkg/scripts/buildsystems/vcpkg.cmake:210 (include)
  /home/runner/work/zh-mobile/zh-mobile/build/android-arm64/CMakeFiles/3.31.6/CMakeSystem.cmake:6 (include)
  /home/runner/work/zh-mobile/zh-mobile/build/android-arm64/CMakeFiles/CMakeScratch/TryCompile-pK13sC/CMakeLists.txt:5 (project)


CMake Deprecation Warning at /opt/hostedtoolcache/ndk/r27c/x64/build/cmake/android-legacy.toolchain.cmake:35 (cmake_minimum_required):
  Compatibility with CMake < 3.10 will be removed from a future version of
  CMake.

  Update the VERSION argument <min> value.  Or, use the <min>...<max> syntax
  to tell CMake that the project requires at least <min> but has been updated
  to work with policies introduced by <max> or earlier.
Call Stack (most recent call first):
  /opt/hostedtoolcache/ndk/r27c/x64/build/cmake/android.toolchain.cmake:55 (include)
  /home/runner/vcpkg/scripts/buildsystems/vcpkg.cmake:210 (include)
  /home/runner/work/zh-mobile/zh-mobile/build/android-arm64/CMakeFiles/3.31.6/CMakeSystem.cmake:6 (include)
  /home/runner/work/zh-mobile/zh-mobile/build/android-arm64/CMakeFiles/CMakeScratch/TryCompile-pK13sC/CMakeLists.txt:5 (project)


CMake Deprecation Warning at /opt/hostedtoolcache/ndk/r27c/x64/build/cmake/flags.cmake:18 (cmake_minimum_required):
  Compatibility with CMake < 3.10 will be removed from a future version of
  CMake.

  Update the VERSION argument <min> value.  Or, use the <min>...<max> syntax
  to tell CMake that the project requires at least <min> but has been updated
  to work with policies introduced by <max> or earlier.
Call Stack (most recent call first):
  /usr/local/share/cmake-3.31/Modules/Platform/Android-Clang.cmake:23 (include)
  /usr/local/share/cmake-3.31/Modules/Platform/Android-Clang-C.cmake:1 (include)
  /usr/local/share/cmake-3.31/Modules/CMakeCInformation.cmake:48 (include)
  /home/runner/work/zh-mobile/zh-mobile/build/android-arm64/CMakeFiles/CMakeScratch/TryCompile-pK13sC/CMakeLists.txt:5 (project)


-- Performing Test HAVE_GCC_WSHADOW - Success
-- Performing Test HAVE_GCC_WUNUSED_LOCAL_TYPEDEFS
CMake Deprecation Warning at /opt/hostedtoolcache/ndk/r27c/x64/build/cmake/android.toolchain.cmake:35 (cmake_minimum_required):
  Compatibility with CMake < 3.10 will be removed from a future version of
  CMake.

  Update the VERSION argument <min> value.  Or, use the <min>...<max> syntax
  to tell CMake that the project requires at least <min> but has been updated
  to work with policies introduced by <max> or earlier.
Call Stack (most recent call first):
  /home/runner/vcpkg/scripts/buildsystems/vcpkg.cmake:210 (include)
  /home/runner/work/zh-mobile/zh-mobile/build/android-arm64/CMakeFiles/3.31.6/CMakeSystem.cmake:6 (include)
  /home/runner/work/zh-mobile/zh-mobile/build/android-arm64/CMakeFiles/CMakeScratch/TryCompile-U0UkX0/CMakeLists.txt:5 (project)


CMake Deprecation Warning at /opt/hostedtoolcache/ndk/r27c/x64/build/cmake/android-legacy.toolchain.cmake:35 (cmake_minimum_required):
  Compatibility with CMake < 3.10 will be removed from a future version of
  CMake.

  Update the VERSION argument <min> value.  Or, use the <min>...<max> syntax
  to tell CMake that the project requires at least <min> but has been updated
  to work with policies introduced by <max> or earlier.
Call Stack (most recent call first):
  /opt/hostedtoolcache/ndk/r27c/x64/build/cmake/android.toolchain.cmake:55 (include)
  /home/runner/vcpkg/scripts/buildsystems/vcpkg.cmake:210 (include)
  /home/runner/work/zh-mobile/zh-mobile/build/android-arm64/CMakeFiles/3.31.6/CMakeSystem.cmake:6 (include)
  /home/runner/work/zh-mobile/zh-mobile/build/android-arm64/CMakeFiles/CMakeScratch/TryCompile-U0UkX0/CMakeLists.txt:5 (project)


CMake Deprecation Warning at /opt/hostedtoolcache/ndk/r27c/x64/build/cmake/flags.cmake:18 (cmake_minimum_required):
  Compatibility with CMake < 3.10 will be removed from a future version of
  CMake.

  Update the VERSION argument <min> value.  Or, use the <min>...<max> syntax
  to tell CMake that the project requires at least <min> but has been updated
  to work with policies introduced by <max> or earlier.
Call Stack (most recent call first):
  /usr/local/share/cmake-3.31/Modules/Platform/Android-Clang.cmake:23 (include)
  /usr/local/share/cmake-3.31/Modules/Platform/Android-Clang-C.cmake:1 (include)
  /usr/local/share/cmake-3.31/Modules/CMakeCInformation.cmake:48 (include)
  /home/runner/work/zh-mobile/zh-mobile/build/android-arm64/CMakeFiles/CMakeScratch/TryCompile-U0UkX0/CMakeLists.txt:5 (project)


-- Performing Test HAVE_GCC_WUNUSED_LOCAL_TYPEDEFS - Success
-- Performing Test HAVE_GCC_WIMPLICIT_FALLTHROUGH
CMake Deprecation Warning at /opt/hostedtoolcache/ndk/r27c/x64/build/cmake/android.toolchain.cmake:35 (cmake_minimum_required):
  Compatibility with CMake < 3.10 will be removed from a future version of
  CMake.

  Update the VERSION argument <min> value.  Or, use the <min>...<max> syntax
  to tell CMake that the project requires at least <min> but has been updated
  to work with policies introduced by <max> or earlier.
Call Stack (most recent call first):
  /home/runner/vcpkg/scripts/buildsystems/vcpkg.cmake:210 (include)
  /home/runner/work/zh-mobile/zh-mobile/build/android-arm64/CMakeFiles/3.31.6/CMakeSystem.cmake:6 (include)
  /home/runner/work/zh-mobile/zh-mobile/build/android-arm64/CMakeFiles/CMakeScratch/TryCompile-hiY2jd/CMakeLists.txt:5 (project)


CMake Deprecation Warning at /opt/hostedtoolcache/ndk/r27c/x64/build/cmake/android-legacy.toolchain.cmake:35 (cmake_minimum_required):
  Compatibility with CMake < 3.10 will be removed from a future version of
  CMake.

  Update the VERSION argument <min> value.  Or, use the <min>...<max> syntax
  to tell CMake that the project requires at least <min> but has been updated
  to work with policies introduced by <max> or earlier.
Call Stack (most recent call first):
  /opt/hostedtoolcache/ndk/r27c/x64/build/cmake/android.toolchain.cmake:55 (include)
  /home/runner/vcpkg/scripts/buildsystems/vcpkg.cmake:210 (include)
  /home/runner/work/zh-mobile/zh-mobile/build/android-arm64/CMakeFiles/3.31.6/CMakeSystem.cmake:6 (include)
  /home/runner/work/zh-mobile/zh-mobile/build/android-arm64/CMakeFiles/CMakeScratch/TryCompile-hiY2jd/CMakeLists.txt:5 (project)


CMake Deprecation Warning at /opt/hostedtoolcache/ndk/r27c/x64/build/cmake/flags.cmake:18 (cmake_minimum_required):
  Compatibility with CMake < 3.10 will be removed from a future version of
  CMake.

  Update the VERSION argument <min> value.  Or, use the <min>...<max> syntax
  to tell CMake that the project requires at least <min> but has been updated
  to work with policies introduced by <max> or earlier.
Call Stack (most recent call first):
  /usr/local/share/cmake-3.31/Modules/Platform/Android-Clang.cmake:23 (include)
  /usr/local/share/cmake-3.31/Modules/Platform/Android-Clang-C.cmake:1 (include)
  /usr/local/share/cmake-3.31/Modules/CMakeCInformation.cmake:48 (include)
  /home/runner/work/zh-mobile/zh-mobile/build/android-arm64/CMakeFiles/CMakeScratch/TryCompile-hiY2jd/CMakeLists.txt:5 (project)


-- Performing Test HAVE_GCC_WIMPLICIT_FALLTHROUGH - Success
-- Performing Test COMPILER_SUPPORTS_FCOLOR_DIAGNOSTICS
CMake Deprecation Warning at /opt/hostedtoolcache/ndk/r27c/x64/build/cmake/android.toolchain.cmake:35 (cmake_minimum_required):
  Compatibility with CMake < 3.10 will be removed from a future version of
  CMake.

  Update the VERSION argument <min> value.  Or, use the <min>...<max> syntax
  to tell CMake that the project requires at least <min> but has been updated
  to work with policies introduced by <max> or earlier.
Call Stack (most recent call first):
  /home/runner/vcpkg/scripts/buildsystems/vcpkg.cmake:210 (include)
  /home/runner/work/zh-mobile/zh-mobile/build/android-arm64/CMakeFiles/3.31.6/CMakeSystem.cmake:6 (include)
  /home/runner/work/zh-mobile/zh-mobile/build/android-arm64/CMakeFiles/CMakeScratch/TryCompile-fC23Hz/CMakeLists.txt:5 (project)


CMake Deprecation Warning at /opt/hostedtoolcache/ndk/r27c/x64/build/cmake/android-legacy.toolchain.cmake:35 (cmake_minimum_required):
  Compatibility with CMake < 3.10 will be removed from a future version of
  CMake.

  Update the VERSION argument <min> value.  Or, use the <min>...<max> syntax
  to tell CMake that the project requires at least <min> but has been updated
  to work with policies introduced by <max> or earlier.
Call Stack (most recent call first):
  /opt/hostedtoolcache/ndk/r27c/x64/build/cmake/android.toolchain.cmake:55 (include)
  /home/runner/vcpkg/scripts/buildsystems/vcpkg.cmake:210 (include)
  /home/runner/work/zh-mobile/zh-mobile/build/android-arm64/CMakeFiles/3.31.6/CMakeSystem.cmake:6 (include)
  /home/runner/work/zh-mobile/zh-mobile/build/android-arm64/CMakeFiles/CMakeScratch/TryCompile-fC23Hz/CMakeLists.txt:5 (project)


CMake Deprecation Warning at /opt/hostedtoolcache/ndk/r27c/x64/build/cmake/flags.cmake:18 (cmake_minimum_required):
  Compatibility with CMake < 3.10 will be removed from a future version of
  CMake.

  Update the VERSION argument <min> value.  Or, use the <min>...<max> syntax
  to tell CMake that the project requires at least <min> but has been updated
  to work with policies introduced by <max> or earlier.
Call Stack (most recent call first):
  /usr/local/share/cmake-3.31/Modules/Platform/Android-Clang.cmake:23 (include)
  /usr/local/share/cmake-3.31/Modules/Platform/Android-Clang-C.cmake:1 (include)
  /usr/local/share/cmake-3.31/Modules/CMakeCInformation.cmake:48 (include)
  /home/runner/work/zh-mobile/zh-mobile/build/android-arm64/CMakeFiles/CMakeScratch/TryCompile-fC23Hz/CMakeLists.txt:5 (project)


-- Performing Test COMPILER_SUPPORTS_FCOLOR_DIAGNOSTICS - Success
-- Looking for __GLIBC__
CMake Deprecation Warning at /opt/hostedtoolcache/ndk/r27c/x64/build/cmake/android.toolchain.cmake:35 (cmake_minimum_required):
  Compatibility with CMake < 3.10 will be removed from a future version of
  CMake.

  Update the VERSION argument <min> value.  Or, use the <min>...<max> syntax
  to tell CMake that the project requires at least <min> but has been updated
  to work with policies introduced by <max> or earlier.
Call Stack (most recent call first):
  /home/runner/vcpkg/scripts/buildsystems/vcpkg.cmake:210 (include)
  /home/runner/work/zh-mobile/zh-mobile/build/android-arm64/CMakeFiles/3.31.6/CMakeSystem.cmake:6 (include)
  /home/runner/work/zh-mobile/zh-mobile/build/android-arm64/CMakeFiles/CMakeScratch/TryCompile-g1TYjH/CMakeLists.txt:5 (project)


CMake Deprecation Warning at /opt/hostedtoolcache/ndk/r27c/x64/build/cmake/android-legacy.toolchain.cmake:35 (cmake_minimum_required):
  Compatibility with CMake < 3.10 will be removed from a future version of
  CMake.

  Update the VERSION argument <min> value.  Or, use the <min>...<max> syntax
  to tell CMake that the project requires at least <min> but has been updated
  to work with policies introduced by <max> or earlier.
Call Stack (most recent call first):
  /opt/hostedtoolcache/ndk/r27c/x64/build/cmake/android.toolchain.cmake:55 (include)
  /home/runner/vcpkg/scripts/buildsystems/vcpkg.cmake:210 (include)
  /home/runner/work/zh-mobile/zh-mobile/build/android-arm64/CMakeFiles/3.31.6/CMakeSystem.cmake:6 (include)
  /home/runner/work/zh-mobile/zh-mobile/build/android-arm64/CMakeFiles/CMakeScratch/TryCompile-g1TYjH/CMakeLists.txt:5 (project)


CMake Deprecation Warning at /opt/hostedtoolcache/ndk/r27c/x64/build/cmake/flags.cmake:18 (cmake_minimum_required):
  Compatibility with CMake < 3.10 will be removed from a future version of
  CMake.

  Update the VERSION argument <min> value.  Or, use the <min>...<max> syntax
  to tell CMake that the project requires at least <min> but has been updated
  to work with policies introduced by <max> or earlier.
Call Stack (most recent call first):
  /usr/local/share/cmake-3.31/Modules/Platform/Android-Clang.cmake:23 (include)
  /usr/local/share/cmake-3.31/Modules/Platform/Android-Clang-C.cmake:1 (include)
  /usr/local/share/cmake-3.31/Modules/CMakeCInformation.cmake:48 (include)
  /home/runner/work/zh-mobile/zh-mobile/build/android-arm64/CMakeFiles/CMakeScratch/TryCompile-g1TYjH/CMakeLists.txt:5 (project)


-- Looking for __GLIBC__ - not found
-- Performing Test HAVE_WL_VERSION_SCRIPT
CMake Deprecation Warning at /opt/hostedtoolcache/ndk/r27c/x64/build/cmake/android.toolchain.cmake:35 (cmake_minimum_required):
  Compatibility with CMake < 3.10 will be removed from a future version of
  CMake.

  Update the VERSION argument <min> value.  Or, use the <min>...<max> syntax
  to tell CMake that the project requires at least <min> but has been updated
  to work with policies introduced by <max> or earlier.
Call Stack (most recent call first):
  /home/runner/vcpkg/scripts/buildsystems/vcpkg.cmake:210 (include)
  /home/runner/work/zh-mobile/zh-mobile/build/android-arm64/CMakeFiles/3.31.6/CMakeSystem.cmake:6 (include)
  /home/runner/work/zh-mobile/zh-mobile/build/android-arm64/CMakeFiles/CMakeScratch/TryCompile-ObycN0/CMakeLists.txt:5 (project)


CMake Deprecation Warning at /opt/hostedtoolcache/ndk/r27c/x64/build/cmake/android-legacy.toolchain.cmake:35 (cmake_minimum_required):
  Compatibility with CMake < 3.10 will be removed from a future version of
  CMake.

  Update the VERSION argument <min> value.  Or, use the <min>...<max> syntax
  to tell CMake that the project requires at least <min> but has been updated
  to work with policies introduced by <max> or earlier.
Call Stack (most recent call first):
  /opt/hostedtoolcache/ndk/r27c/x64/build/cmake/android.toolchain.cmake:55 (include)
  /home/runner/vcpkg/scripts/buildsystems/vcpkg.cmake:210 (include)
  /home/runner/work/zh-mobile/zh-mobile/build/android-arm64/CMakeFiles/3.31.6/CMakeSystem.cmake:6 (include)
  /home/runner/work/zh-mobile/zh-mobile/build/android-arm64/CMakeFiles/CMakeScratch/TryCompile-ObycN0/CMakeLists.txt:5 (project)


CMake Deprecation Warning at /opt/hostedtoolcache/ndk/r27c/x64/build/cmake/flags.cmake:18 (cmake_minimum_required):
  Compatibility with CMake < 3.10 will be removed from a future version of
  CMake.

  Update the VERSION argument <min> value.  Or, use the <min>...<max> syntax
  to tell CMake that the project requires at least <min> but has been updated
  to work with policies introduced by <max> or earlier.
Call Stack (most recent call first):
  /usr/local/share/cmake-3.31/Modules/Platform/Android-Clang.cmake:23 (include)
  /usr/local/share/cmake-3.31/Modules/Platform/Android-Clang-C.cmake:1 (include)
  /usr/local/share/cmake-3.31/Modules/CMakeCInformation.cmake:48 (include)
  /home/runner/work/zh-mobile/zh-mobile/build/android-arm64/CMakeFiles/CMakeScratch/TryCompile-ObycN0/CMakeLists.txt:5 (project)


-- Performing Test HAVE_WL_VERSION_SCRIPT - Success
-- Performing Test COMPILER_SUPPORTS_GCC_ATOMICS
CMake Deprecation Warning at /opt/hostedtoolcache/ndk/r27c/x64/build/cmake/android.toolchain.cmake:35 (cmake_minimum_required):
  Compatibility with CMake < 3.10 will be removed from a future version of
  CMake.

  Update the VERSION argument <min> value.  Or, use the <min>...<max> syntax
  to tell CMake that the project requires at least <min> but has been updated
  to work with policies introduced by <max> or earlier.
Call Stack (most recent call first):
  /home/runner/vcpkg/scripts/buildsystems/vcpkg.cmake:210 (include)
  /home/runner/work/zh-mobile/zh-mobile/build/android-arm64/CMakeFiles/3.31.6/CMakeSystem.cmake:6 (include)
  /home/runner/work/zh-mobile/zh-mobile/build/android-arm64/CMakeFiles/CMakeScratch/TryCompile-ejBoa2/CMakeLists.txt:5 (project)


CMake Deprecation Warning at /opt/hostedtoolcache/ndk/r27c/x64/build/cmake/android-legacy.toolchain.cmake:35 (cmake_minimum_required):
  Compatibility with CMake < 3.10 will be removed from a future version of
  CMake.

  Update the VERSION argument <min> value.  Or, use the <min>...<max> syntax
  to tell CMake that the project requires at least <min> but has been updated
  to work with policies introduced by <max> or earlier.
Call Stack (most recent call first):
  /opt/hostedtoolcache/ndk/r27c/x64/build/cmake/android.toolchain.cmake:55 (include)
  /home/runner/vcpkg/scripts/buildsystems/vcpkg.cmake:210 (include)
  /home/runner/work/zh-mobile/zh-mobile/build/android-arm64/CMakeFiles/3.31.6/CMakeSystem.cmake:6 (include)
  /home/runner/work/zh-mobile/zh-mobile/build/android-arm64/CMakeFiles/CMakeScratch/TryCompile-ejBoa2/CMakeLists.txt:5 (project)


CMake Deprecation Warning at /opt/hostedtoolcache/ndk/r27c/x64/build/cmake/flags.cmake:18 (cmake_minimum_required):
  Compatibility with CMake < 3.10 will be removed from a future version of
  CMake.

  Update the VERSION argument <min> value.  Or, use the <min>...<max> syntax
  to tell CMake that the project requires at least <min> but has been updated
  to work with policies introduced by <max> or earlier.
Call Stack (most recent call first):
  /usr/local/share/cmake-3.31/Modules/Platform/Android-Clang.cmake:23 (include)
  /usr/local/share/cmake-3.31/Modules/Platform/Android-Clang-C.cmake:1 (include)
  /usr/local/share/cmake-3.31/Modules/CMakeCInformation.cmake:48 (include)
  /home/runner/work/zh-mobile/zh-mobile/build/android-arm64/CMakeFiles/CMakeScratch/TryCompile-ejBoa2/CMakeLists.txt:5 (project)


-- Performing Test COMPILER_SUPPORTS_GCC_ATOMICS - Success
-- Performing Test HAVE_GCC_FVISIBILITY
CMake Deprecation Warning at /opt/hostedtoolcache/ndk/r27c/x64/build/cmake/android.toolchain.cmake:35 (cmake_minimum_required):
  Compatibility with CMake < 3.10 will be removed from a future version of
  CMake.

  Update the VERSION argument <min> value.  Or, use the <min>...<max> syntax
  to tell CMake that the project requires at least <min> but has been updated
  to work with policies introduced by <max> or earlier.
Call Stack (most recent call first):
  /home/runner/vcpkg/scripts/buildsystems/vcpkg.cmake:210 (include)
  /home/runner/work/zh-mobile/zh-mobile/build/android-arm64/CMakeFiles/3.31.6/CMakeSystem.cmake:6 (include)
  /home/runner/work/zh-mobile/zh-mobile/build/android-arm64/CMakeFiles/CMakeScratch/TryCompile-qbJcqW/CMakeLists.txt:5 (project)


CMake Deprecation Warning at /opt/hostedtoolcache/ndk/r27c/x64/build/cmake/android-legacy.toolchain.cmake:35 (cmake_minimum_required):
  Compatibility with CMake < 3.10 will be removed from a future version of
  CMake.

  Update the VERSION argument <min> value.  Or, use the <min>...<max> syntax
  to tell CMake that the project requires at least <min> but has been updated
  to work with policies introduced by <max> or earlier.
Call Stack (most recent call first):
  /opt/hostedtoolcache/ndk/r27c/x64/build/cmake/android.toolchain.cmake:55 (include)
  /home/runner/vcpkg/scripts/buildsystems/vcpkg.cmake:210 (include)
  /home/runner/work/zh-mobile/zh-mobile/build/android-arm64/CMakeFiles/3.31.6/CMakeSystem.cmake:6 (include)
  /home/runner/work/zh-mobile/zh-mobile/build/android-arm64/CMakeFiles/CMakeScratch/TryCompile-qbJcqW/CMakeLists.txt:5 (project)


CMake Deprecation Warning at /opt/hostedtoolcache/ndk/r27c/x64/build/cmake/flags.cmake:18 (cmake_minimum_required):
  Compatibility with CMake < 3.10 will be removed from a future version of
  CMake.

  Update the VERSION argument <min> value.  Or, use the <min>...<max> syntax
  to tell CMake that the project requires at least <min> but has been updated
  to work with policies introduced by <max> or earlier.
Call Stack (most recent call first):
  /usr/local/share/cmake-3.31/Modules/Platform/Android-Clang.cmake:23 (include)
  /usr/local/share/cmake-3.31/Modules/Platform/Android-Clang-C.cmake:1 (include)
  /usr/local/share/cmake-3.31/Modules/CMakeCInformation.cmake:48 (include)
  /home/runner/work/zh-mobile/zh-mobile/build/android-arm64/CMakeFiles/CMakeScratch/TryCompile-qbJcqW/CMakeLists.txt:5 (project)


-- Performing Test HAVE_GCC_FVISIBILITY - Success
-- Performing Test LINKER_SUPPORTS_WL_NO_UNDEFINED
CMake Deprecation Warning at /opt/hostedtoolcache/ndk/r27c/x64/build/cmake/android.toolchain.cmake:35 (cmake_minimum_required):
  Compatibility with CMake < 3.10 will be removed from a future version of
  CMake.

  Update the VERSION argument <min> value.  Or, use the <min>...<max> syntax
  to tell CMake that the project requires at least <min> but has been updated
  to work with policies introduced by <max> or earlier.
Call Stack (most recent call first):
  /home/runner/vcpkg/scripts/buildsystems/vcpkg.cmake:210 (include)
  /home/runner/work/zh-mobile/zh-mobile/build/android-arm64/CMakeFiles/3.31.6/CMakeSystem.cmake:6 (include)
  /home/runner/work/zh-mobile/zh-mobile/build/android-arm64/CMakeFiles/CMakeScratch/TryCompile-Dpyeok/CMakeLists.txt:5 (project)


CMake Deprecation Warning at /opt/hostedtoolcache/ndk/r27c/x64/build/cmake/android-legacy.toolchain.cmake:35 (cmake_minimum_required):
  Compatibility with CMake < 3.10 will be removed from a future version of
  CMake.

  Update the VERSION argument <min> value.  Or, use the <min>...<max> syntax
  to tell CMake that the project requires at least <min> but has been updated
  to work with policies introduced by <max> or earlier.
Call Stack (most recent call first):
  /opt/hostedtoolcache/ndk/r27c/x64/build/cmake/android.toolchain.cmake:55 (include)
  /home/runner/vcpkg/scripts/buildsystems/vcpkg.cmake:210 (include)
  /home/runner/work/zh-mobile/zh-mobile/build/android-arm64/CMakeFiles/3.31.6/CMakeSystem.cmake:6 (include)
  /home/runner/work/zh-mobile/zh-mobile/build/android-arm64/CMakeFiles/CMakeScratch/TryCompile-Dpyeok/CMakeLists.txt:5 (project)


CMake Deprecation Warning at /opt/hostedtoolcache/ndk/r27c/x64/build/cmake/flags.cmake:18 (cmake_minimum_required):
  Compatibility with CMake < 3.10 will be removed from a future version of
  CMake.

  Update the VERSION argument <min> value.  Or, use the <min>...<max> syntax
  to tell CMake that the project requires at least <min> but has been updated
  to work with policies introduced by <max> or earlier.
Call Stack (most recent call first):
  /usr/local/share/cmake-3.31/Modules/Platform/Android-Clang.cmake:23 (include)
  /usr/local/share/cmake-3.31/Modules/Platform/Android-Clang-C.cmake:1 (include)
  /usr/local/share/cmake-3.31/Modules/CMakeCInformation.cmake:48 (include)
  /home/runner/work/zh-mobile/zh-mobile/build/android-arm64/CMakeFiles/CMakeScratch/TryCompile-Dpyeok/CMakeLists.txt:5 (project)


-- Performing Test LINKER_SUPPORTS_WL_NO_UNDEFINED - Success
-- Performing Test COMPILER_SUPPORTS_ARMNEON
CMake Deprecation Warning at /opt/hostedtoolcache/ndk/r27c/x64/build/cmake/android.toolchain.cmake:35 (cmake_minimum_required):
  Compatibility with CMake < 3.10 will be removed from a future version of
  CMake.

  Update the VERSION argument <min> value.  Or, use the <min>...<max> syntax
  to tell CMake that the project requires at least <min> but has been updated
  to work with policies introduced by <max> or earlier.
Call Stack (most recent call first):
  /home/runner/vcpkg/scripts/buildsystems/vcpkg.cmake:210 (include)
  /home/runner/work/zh-mobile/zh-mobile/build/android-arm64/CMakeFiles/3.31.6/CMakeSystem.cmake:6 (include)
  /home/runner/work/zh-mobile/zh-mobile/build/android-arm64/CMakeFiles/CMakeScratch/TryCompile-6ThRrT/CMakeLists.txt:5 (project)


CMake Deprecation Warning at /opt/hostedtoolcache/ndk/r27c/x64/build/cmake/android-legacy.toolchain.cmake:35 (cmake_minimum_required):
  Compatibility with CMake < 3.10 will be removed from a future version of
  CMake.

  Update the VERSION argument <min> value.  Or, use the <min>...<max> syntax
  to tell CMake that the project requires at least <min> but has been updated
  to work with policies introduced by <max> or earlier.
Call Stack (most recent call first):
  /opt/hostedtoolcache/ndk/r27c/x64/build/cmake/android.toolchain.cmake:55 (include)
  /home/runner/vcpkg/scripts/buildsystems/vcpkg.cmake:210 (include)
  /home/runner/work/zh-mobile/zh-mobile/build/android-arm64/CMakeFiles/3.31.6/CMakeSystem.cmake:6 (include)
  /home/runner/work/zh-mobile/zh-mobile/build/android-arm64/CMakeFiles/CMakeScratch/TryCompile-6ThRrT/CMakeLists.txt:5 (project)


CMake Deprecation Warning at /opt/hostedtoolcache/ndk/r27c/x64/build/cmake/flags.cmake:18 (cmake_minimum_required):
  Compatibility with CMake < 3.10 will be removed from a future version of
  CMake.

  Update the VERSION argument <min> value.  Or, use the <min>...<max> syntax
  to tell CMake that the project requires at least <min> but has been updated
  to work with policies introduced by <max> or earlier.
Call Stack (most recent call first):
  /usr/local/share/cmake-3.31/Modules/Platform/Android-Clang.cmake:23 (include)
  /usr/local/share/cmake-3.31/Modules/Platform/Android-Clang-C.cmake:1 (include)
  /usr/local/share/cmake-3.31/Modules/CMakeCInformation.cmake:48 (include)
  /home/runner/work/zh-mobile/zh-mobile/build/android-arm64/CMakeFiles/CMakeScratch/TryCompile-6ThRrT/CMakeLists.txt:5 (project)


-- Performing Test COMPILER_SUPPORTS_ARMNEON - Success
-- Looking for alloca.h
CMake Deprecation Warning at /opt/hostedtoolcache/ndk/r27c/x64/build/cmake/android.toolchain.cmake:35 (cmake_minimum_required):
  Compatibility with CMake < 3.10 will be removed from a future version of
  CMake.

  Update the VERSION argument <min> value.  Or, use the <min>...<max> syntax
  to tell CMake that the project requires at least <min> but has been updated
  to work with policies introduced by <max> or earlier.
Call Stack (most recent call first):
  /home/runner/vcpkg/scripts/buildsystems/vcpkg.cmake:210 (include)
  /home/runner/work/zh-mobile/zh-mobile/build/android-arm64/CMakeFiles/3.31.6/CMakeSystem.cmake:6 (include)
  /home/runner/work/zh-mobile/zh-mobile/build/android-arm64/CMakeFiles/CMakeScratch/TryCompile-cCSTvq/CMakeLists.txt:5 (project)


CMake Deprecation Warning at /opt/hostedtoolcache/ndk/r27c/x64/build/cmake/android-legacy.toolchain.cmake:35 (cmake_minimum_required):
  Compatibility with CMake < 3.10 will be removed from a future version of
  CMake.

  Update the VERSION argument <min> value.  Or, use the <min>...<max> syntax
  to tell CMake that the project requires at least <min> but has been updated
  to work with policies introduced by <max> or earlier.
Call Stack (most recent call first):
  /opt/hostedtoolcache/ndk/r27c/x64/build/cmake/android.toolchain.cmake:55 (include)
  /home/runner/vcpkg/scripts/buildsystems/vcpkg.cmake:210 (include)
  /home/runner/work/zh-mobile/zh-mobile/build/android-arm64/CMakeFiles/3.31.6/CMakeSystem.cmake:6 (include)
  /home/runner/work/zh-mobile/zh-mobile/build/android-arm64/CMakeFiles/CMakeScratch/TryCompile-cCSTvq/CMakeLists.txt:5 (project)


CMake Deprecation Warning at /opt/hostedtoolcache/ndk/r27c/x64/build/cmake/flags.cmake:18 (cmake_minimum_required):
  Compatibility with CMake < 3.10 will be removed from a future version of
  CMake.

  Update the VERSION argument <min> value.  Or, use the <min>...<max> syntax
  to tell CMake that the project requires at least <min> but has been updated
  to work with policies introduced by <max> or earlier.
Call Stack (most recent call first):
  /usr/local/share/cmake-3.31/Modules/Platform/Android-Clang.cmake:23 (include)
  /usr/local/share/cmake-3.31/Modules/Platform/Android-Clang-C.cmake:1 (include)
  /usr/local/share/cmake-3.31/Modules/CMakeCInformation.cmake:48 (include)
  /home/runner/work/zh-mobile/zh-mobile/build/android-arm64/CMakeFiles/CMakeScratch/TryCompile-cCSTvq/CMakeLists.txt:5 (project)


-- Looking for alloca.h - found
-- Looking for float.h
CMake Deprecation Warning at /opt/hostedtoolcache/ndk/r27c/x64/build/cmake/android.toolchain.cmake:35 (cmake_minimum_required):
  Compatibility with CMake < 3.10 will be removed from a future version of
  CMake.

  Update the VERSION argument <min> value.  Or, use the <min>...<max> syntax
  to tell CMake that the project requires at least <min> but has been updated
  to work with policies introduced by <max> or earlier.
Call Stack (most recent call first):
  /home/runner/vcpkg/scripts/buildsystems/vcpkg.cmake:210 (include)
  /home/runner/work/zh-mobile/zh-mobile/build/android-arm64/CMakeFiles/3.31.6/CMakeSystem.cmake:6 (include)
  /home/runner/work/zh-mobile/zh-mobile/build/android-arm64/CMakeFiles/CMakeScratch/TryCompile-FusvHf/CMakeLists.txt:5 (project)


CMake Deprecation Warning at /opt/hostedtoolcache/ndk/r27c/x64/build/cmake/android-legacy.toolchain.cmake:35 (cmake_minimum_required):
  Compatibility with CMake < 3.10 will be removed from a future version of
  CMake.

  Update the VERSION argument <min> value.  Or, use the <min>...<max> syntax
  to tell CMake that the project requires at least <min> but has been updated
  to work with policies introduced by <max> or earlier.
Call Stack (most recent call first):
  /opt/hostedtoolcache/ndk/r27c/x64/build/cmake/android.toolchain.cmake:55 (include)
  /home/runner/vcpkg/scripts/buildsystems/vcpkg.cmake:210 (include)
  /home/runner/work/zh-mobile/zh-mobile/build/android-arm64/CMakeFiles/3.31.6/CMakeSystem.cmake:6 (include)
  /home/runner/work/zh-mobile/zh-mobile/build/android-arm64/CMakeFiles/CMakeScratch/TryCompile-FusvHf/CMakeLists.txt:5 (project)


CMake Deprecation Warning at /opt/hostedtoolcache/ndk/r27c/x64/build/cmake/flags.cmake:18 (cmake_minimum_required):
  Compatibility with CMake < 3.10 will be removed from a future version of
  CMake.

  Update the VERSION argument <min> value.  Or, use the <min>...<max> syntax
  to tell CMake that the project requires at least <min> but has been updated
  to work with policies introduced by <max> or earlier.
Call Stack (most recent call first):
  /usr/local/share/cmake-3.31/Modules/Platform/Android-Clang.cmake:23 (include)
  /usr/local/share/cmake-3.31/Modules/Platform/Android-Clang-C.cmake:1 (include)
  /usr/local/share/cmake-3.31/Modules/CMakeCInformation.cmake:48 (include)
  /home/runner/work/zh-mobile/zh-mobile/build/android-arm64/CMakeFiles/CMakeScratch/TryCompile-FusvHf/CMakeLists.txt:5 (project)


-- Looking for float.h - found
-- Looking for iconv.h
CMake Deprecation Warning at /opt/hostedtoolcache/ndk/r27c/x64/build/cmake/android.toolchain.cmake:35 (cmake_minimum_required):
  Compatibility with CMake < 3.10 will be removed from a future version of
  CMake.

  Update the VERSION argument <min> value.  Or, use the <min>...<max> syntax
  to tell CMake that the project requires at least <min> but has been updated
  to work with policies introduced by <max> or earlier.
Call Stack (most recent call first):
  /home/runner/vcpkg/scripts/buildsystems/vcpkg.cmake:210 (include)
  /home/runner/work/zh-mobile/zh-mobile/build/android-arm64/CMakeFiles/3.31.6/CMakeSystem.cmake:6 (include)
  /home/runner/work/zh-mobile/zh-mobile/build/android-arm64/CMakeFiles/CMakeScratch/TryCompile-QMaPNo/CMakeLists.txt:5 (project)


CMake Deprecation Warning at /opt/hostedtoolcache/ndk/r27c/x64/build/cmake/android-legacy.toolchain.cmake:35 (cmake_minimum_required):
  Compatibility with CMake < 3.10 will be removed from a future version of
  CMake.

  Update the VERSION argument <min> value.  Or, use the <min>...<max> syntax
  to tell CMake that the project requires at least <min> but has been updated
  to work with policies introduced by <max> or earlier.
Call Stack (most recent call first):
  /opt/hostedtoolcache/ndk/r27c/x64/build/cmake/android.toolchain.cmake:55 (include)
  /home/runner/vcpkg/scripts/buildsystems/vcpkg.cmake:210 (include)
  /home/runner/work/zh-mobile/zh-mobile/build/android-arm64/CMakeFiles/3.31.6/CMakeSystem.cmake:6 (include)
  /home/runner/work/zh-mobile/zh-mobile/build/android-arm64/CMakeFiles/CMakeScratch/TryCompile-QMaPNo/CMakeLists.txt:5 (project)


CMake Deprecation Warning at /opt/hostedtoolcache/ndk/r27c/x64/build/cmake/flags.cmake:18 (cmake_minimum_required):
  Compatibility with CMake < 3.10 will be removed from a future version of
  CMake.

  Update the VERSION argument <min> value.  Or, use the <min>...<max> syntax
  to tell CMake that the project requires at least <min> but has been updated
  to work with policies introduced by <max> or earlier.
Call Stack (most recent call first):
  /usr/local/share/cmake-3.31/Modules/Platform/Android-Clang.cmake:23 (include)
  /usr/local/share/cmake-3.31/Modules/Platform/Android-Clang-C.cmake:1 (include)
  /usr/local/share/cmake-3.31/Modules/CMakeCInformation.cmake:48 (include)
  /home/runner/work/zh-mobile/zh-mobile/build/android-arm64/CMakeFiles/CMakeScratch/TryCompile-QMaPNo/CMakeLists.txt:5 (project)


-- Looking for iconv.h - found
-- Looking for inttypes.h
CMake Deprecation Warning at /opt/hostedtoolcache/ndk/r27c/x64/build/cmake/android.toolchain.cmake:35 (cmake_minimum_required):
  Compatibility with CMake < 3.10 will be removed from a future version of
  CMake.

  Update the VERSION argument <min> value.  Or, use the <min>...<max> syntax
  to tell CMake that the project requires at least <min> but has been updated
  to work with policies introduced by <max> or earlier.
Call Stack (most recent call first):
  /home/runner/vcpkg/scripts/buildsystems/vcpkg.cmake:210 (include)
  /home/runner/work/zh-mobile/zh-mobile/build/android-arm64/CMakeFiles/3.31.6/CMakeSystem.cmake:6 (include)
  /home/runner/work/zh-mobile/zh-mobile/build/android-arm64/CMakeFiles/CMakeScratch/TryCompile-7UW1wA/CMakeLists.txt:5 (project)


CMake Deprecation Warning at /opt/hostedtoolcache/ndk/r27c/x64/build/cmake/android-legacy.toolchain.cmake:35 (cmake_minimum_required):
  Compatibility with CMake < 3.10 will be removed from a future version of
  CMake.

  Update the VERSION argument <min> value.  Or, use the <min>...<max> syntax
  to tell CMake that the project requires at least <min> but has been updated
  to work with policies introduced by <max> or earlier.
Call Stack (most recent call first):
  /opt/hostedtoolcache/ndk/r27c/x64/build/cmake/android.toolchain.cmake:55 (include)
  /home/runner/vcpkg/scripts/buildsystems/vcpkg.cmake:210 (include)
  /home/runner/work/zh-mobile/zh-mobile/build/android-arm64/CMakeFiles/3.31.6/CMakeSystem.cmake:6 (include)
  /home/runner/work/zh-mobile/zh-mobile/build/android-arm64/CMakeFiles/CMakeScratch/TryCompile-7UW1wA/CMakeLists.txt:5 (project)


CMake Deprecation Warning at /opt/hostedtoolcache/ndk/r27c/x64/build/cmake/flags.cmake:18 (cmake_minimum_required):
  Compatibility with CMake < 3.10 will be removed from a future version of
  CMake.

  Update the VERSION argument <min> value.  Or, use the <min>...<max> syntax
  to tell CMake that the project requires at least <min> but has been updated
  to work with policies introduced by <max> or earlier.
Call Stack (most recent call first):
  /usr/local/share/cmake-3.31/Modules/Platform/Android-Clang.cmake:23 (include)
  /usr/local/share/cmake-3.31/Modules/Platform/Android-Clang-C.cmake:1 (include)
  /usr/local/share/cmake-3.31/Modules/CMakeCInformation.cmake:48 (include)
  /home/runner/work/zh-mobile/zh-mobile/build/android-arm64/CMakeFiles/CMakeScratch/TryCompile-7UW1wA/CMakeLists.txt:5 (project)


-- Looking for inttypes.h - found
-- Looking for limits.h
CMake Deprecation Warning at /opt/hostedtoolcache/ndk/r27c/x64/build/cmake/android.toolchain.cmake:35 (cmake_minimum_required):
  Compatibility with CMake < 3.10 will be removed from a future version of
  CMake.

  Update the VERSION argument <min> value.  Or, use the <min>...<max> syntax
  to tell CMake that the project requires at least <min> but has been updated
  to work with policies introduced by <max> or earlier.
Call Stack (most recent call first):
  /home/runner/vcpkg/scripts/buildsystems/vcpkg.cmake:210 (include)
  /home/runner/work/zh-mobile/zh-mobile/build/android-arm64/CMakeFiles/3.31.6/CMakeSystem.cmake:6 (include)
  /home/runner/work/zh-mobile/zh-mobile/build/android-arm64/CMakeFiles/CMakeScratch/TryCompile-eVfe9A/CMakeLists.txt:5 (project)


CMake Deprecation Warning at /opt/hostedtoolcache/ndk/r27c/x64/build/cmake/android-legacy.toolchain.cmake:35 (cmake_minimum_required):
  Compatibility with CMake < 3.10 will be removed from a future version of
  CMake.

  Update the VERSION argument <min> value.  Or, use the <min>...<max> syntax
  to tell CMake that the project requires at least <min> but has been updated
  to work with policies introduced by <max> or earlier.
Call Stack (most recent call first):
  /opt/hostedtoolcache/ndk/r27c/x64/build/cmake/android.toolchain.cmake:55 (include)
  /home/runner/vcpkg/scripts/buildsystems/vcpkg.cmake:210 (include)
  /home/runner/work/zh-mobile/zh-mobile/build/android-arm64/CMakeFiles/3.31.6/CMakeSystem.cmake:6 (include)
  /home/runner/work/zh-mobile/zh-mobile/build/android-arm64/CMakeFiles/CMakeScratch/TryCompile-eVfe9A/CMakeLists.txt:5 (project)


CMake Deprecation Warning at /opt/hostedtoolcache/ndk/r27c/x64/build/cmake/flags.cmake:18 (cmake_minimum_required):
  Compatibility with CMake < 3.10 will be removed from a future version of
  CMake.

  Update the VERSION argument <min> value.  Or, use the <min>...<max> syntax
  to tell CMake that the project requires at least <min> but has been updated
  to work with policies introduced by <max> or earlier.
Call Stack (most recent call first):
  /usr/local/share/cmake-3.31/Modules/Platform/Android-Clang.cmake:23 (include)
  /usr/local/share/cmake-3.31/Modules/Platform/Android-Clang-C.cmake:1 (include)
  /usr/local/share/cmake-3.31/Modules/CMakeCInformation.cmake:48 (include)
  /home/runner/work/zh-mobile/zh-mobile/build/android-arm64/CMakeFiles/CMakeScratch/TryCompile-eVfe9A/CMakeLists.txt:5 (project)


-- Looking for limits.h - found
-- Looking for malloc.h
CMake Deprecation Warning at /opt/hostedtoolcache/ndk/r27c/x64/build/cmake/android.toolchain.cmake:35 (cmake_minimum_required):
  Compatibility with CMake < 3.10 will be removed from a future version of
  CMake.

  Update the VERSION argument <min> value.  Or, use the <min>...<max> syntax
  to tell CMake that the project requires at least <min> but has been updated
  to work with policies introduced by <max> or earlier.
Call Stack (most recent call first):
  /home/runner/vcpkg/scripts/buildsystems/vcpkg.cmake:210 (include)
  /home/runner/work/zh-mobile/zh-mobile/build/android-arm64/CMakeFiles/3.31.6/CMakeSystem.cmake:6 (include)
  /home/runner/work/zh-mobile/zh-mobile/build/android-arm64/CMakeFiles/CMakeScratch/TryCompile-bRVOiD/CMakeLists.txt:5 (project)


CMake Deprecation Warning at /opt/hostedtoolcache/ndk/r27c/x64/build/cmake/android-legacy.toolchain.cmake:35 (cmake_minimum_required):
  Compatibility with CMake < 3.10 will be removed from a future version of
  CMake.

  Update the VERSION argument <min> value.  Or, use the <min>...<max> syntax
  to tell CMake that the project requires at least <min> but has been updated
  to work with policies introduced by <max> or earlier.
Call Stack (most recent call first):
  /opt/hostedtoolcache/ndk/r27c/x64/build/cmake/android.toolchain.cmake:55 (include)
  /home/runner/vcpkg/scripts/buildsystems/vcpkg.cmake:210 (include)
  /home/runner/work/zh-mobile/zh-mobile/build/android-arm64/CMakeFiles/3.31.6/CMakeSystem.cmake:6 (include)
  /home/runner/work/zh-mobile/zh-mobile/build/android-arm64/CMakeFiles/CMakeScratch/TryCompile-bRVOiD/CMakeLists.txt:5 (project)


CMake Deprecation Warning at /opt/hostedtoolcache/ndk/r27c/x64/build/cmake/flags.cmake:18 (cmake_minimum_required):
  Compatibility with CMake < 3.10 will be removed from a future version of
  CMake.

  Update the VERSION argument <min> value.  Or, use the <min>...<max> syntax
  to tell CMake that the project requires at least <min> but has been updated
  to work with policies introduced by <max> or earlier.
Call Stack (most recent call first):
  /usr/local/share/cmake-3.31/Modules/Platform/Android-Clang.cmake:23 (include)
  /usr/local/share/cmake-3.31/Modules/Platform/Android-Clang-C.cmake:1 (include)
  /usr/local/share/cmake-3.31/Modules/CMakeCInformation.cmake:48 (include)
  /home/runner/work/zh-mobile/zh-mobile/build/android-arm64/CMakeFiles/CMakeScratch/TryCompile-bRVOiD/CMakeLists.txt:5 (project)


-- Looking for malloc.h - found
-- Looking for math.h
CMake Deprecation Warning at /opt/hostedtoolcache/ndk/r27c/x64/build/cmake/android.toolchain.cmake:35 (cmake_minimum_required):
  Compatibility with CMake < 3.10 will be removed from a future version of
  CMake.

  Update the VERSION argument <min> value.  Or, use the <min>...<max> syntax
  to tell CMake that the project requires at least <min> but has been updated
  to work with policies introduced by <max> or earlier.
Call Stack (most recent call first):
  /home/runner/vcpkg/scripts/buildsystems/vcpkg.cmake:210 (include)
  /home/runner/work/zh-mobile/zh-mobile/build/android-arm64/CMakeFiles/3.31.6/CMakeSystem.cmake:6 (include)
  /home/runner/work/zh-mobile/zh-mobile/build/android-arm64/CMakeFiles/CMakeScratch/TryCompile-OUv6kn/CMakeLists.txt:5 (project)


CMake Deprecation Warning at /opt/hostedtoolcache/ndk/r27c/x64/build/cmake/android-legacy.toolchain.cmake:35 (cmake_minimum_required):
  Compatibility with CMake < 3.10 will be removed from a future version of
  CMake.

  Update the VERSION argument <min> value.  Or, use the <min>...<max> syntax
  to tell CMake that the project requires at least <min> but has been updated
  to work with policies introduced by <max> or earlier.
Call Stack (most recent call first):
  /opt/hostedtoolcache/ndk/r27c/x64/build/cmake/android.toolchain.cmake:55 (include)
  /home/runner/vcpkg/scripts/buildsystems/vcpkg.cmake:210 (include)
  /home/runner/work/zh-mobile/zh-mobile/build/android-arm64/CMakeFiles/3.31.6/CMakeSystem.cmake:6 (include)
  /home/runner/work/zh-mobile/zh-mobile/build/android-arm64/CMakeFiles/CMakeScratch/TryCompile-OUv6kn/CMakeLists.txt:5 (project)


CMake Deprecation Warning at /opt/hostedtoolcache/ndk/r27c/x64/build/cmake/flags.cmake:18 (cmake_minimum_required):
  Compatibility with CMake < 3.10 will be removed from a future version of
  CMake.

  Update the VERSION argument <min> value.  Or, use the <min>...<max> syntax
  to tell CMake that the project requires at least <min> but has been updated
  to work with policies introduced by <max> or earlier.
Call Stack (most recent call first):
  /usr/local/share/cmake-3.31/Modules/Platform/Android-Clang.cmake:23 (include)
  /usr/local/share/cmake-3.31/Modules/Platform/Android-Clang-C.cmake:1 (include)
  /usr/local/share/cmake-3.31/Modules/CMakeCInformation.cmake:48 (include)
  /home/runner/work/zh-mobile/zh-mobile/build/android-arm64/CMakeFiles/CMakeScratch/TryCompile-OUv6kn/CMakeLists.txt:5 (project)


-- Looking for math.h - found
-- Looking for memory.h
CMake Deprecation Warning at /opt/hostedtoolcache/ndk/r27c/x64/build/cmake/android.toolchain.cmake:35 (cmake_minimum_required):
  Compatibility with CMake < 3.10 will be removed from a future version of
  CMake.

  Update the VERSION argument <min> value.  Or, use the <min>...<max> syntax
  to tell CMake that the project requires at least <min> but has been updated
  to work with policies introduced by <max> or earlier.
Call Stack (most recent call first):
  /home/runner/vcpkg/scripts/buildsystems/vcpkg.cmake:210 (include)
  /home/runner/work/zh-mobile/zh-mobile/build/android-arm64/CMakeFiles/3.31.6/CMakeSystem.cmake:6 (include)
  /home/runner/work/zh-mobile/zh-mobile/build/android-arm64/CMakeFiles/CMakeScratch/TryCompile-QhxWjm/CMakeLists.txt:5 (project)


CMake Deprecation Warning at /opt/hostedtoolcache/ndk/r27c/x64/build/cmake/android-legacy.toolchain.cmake:35 (cmake_minimum_required):
  Compatibility with CMake < 3.10 will be removed from a future version of
  CMake.

  Update the VERSION argument <min> value.  Or, use the <min>...<max> syntax
  to tell CMake that the project requires at least <min> but has been updated
  to work with policies introduced by <max> or earlier.
Call Stack (most recent call first):
  /opt/hostedtoolcache/ndk/r27c/x64/build/cmake/android.toolchain.cmake:55 (include)
  /home/runner/vcpkg/scripts/buildsystems/vcpkg.cmake:210 (include)
  /home/runner/work/zh-mobile/zh-mobile/build/android-arm64/CMakeFiles/3.31.6/CMakeSystem.cmake:6 (include)
  /home/runner/work/zh-mobile/zh-mobile/build/android-arm64/CMakeFiles/CMakeScratch/TryCompile-QhxWjm/CMakeLists.txt:5 (project)


CMake Deprecation Warning at /opt/hostedtoolcache/ndk/r27c/x64/build/cmake/flags.cmake:18 (cmake_minimum_required):
  Compatibility with CMake < 3.10 will be removed from a future version of
  CMake.

  Update the VERSION argument <min> value.  Or, use the <min>...<max> syntax
  to tell CMake that the project requires at least <min> but has been updated
  to work with policies introduced by <max> or earlier.
Call Stack (most recent call first):
  /usr/local/share/cmake-3.31/Modules/Platform/Android-Clang.cmake:23 (include)
  /usr/local/share/cmake-3.31/Modules/Platform/Android-Clang-C.cmake:1 (include)
  /usr/local/share/cmake-3.31/Modules/CMakeCInformation.cmake:48 (include)
  /home/runner/work/zh-mobile/zh-mobile/build/android-arm64/CMakeFiles/CMakeScratch/TryCompile-QhxWjm/CMakeLists.txt:5 (project)


-- Looking for memory.h - found
-- Looking for signal.h
CMake Deprecation Warning at /opt/hostedtoolcache/ndk/r27c/x64/build/cmake/android.toolchain.cmake:35 (cmake_minimum_required):
  Compatibility with CMake < 3.10 will be removed from a future version of
  CMake.

  Update the VERSION argument <min> value.  Or, use the <min>...<max> syntax
  to tell CMake that the project requires at least <min> but has been updated
  to work with policies introduced by <max> or earlier.
Call Stack (most recent call first):
  /home/runner/vcpkg/scripts/buildsystems/vcpkg.cmake:210 (include)
  /home/runner/work/zh-mobile/zh-mobile/build/android-arm64/CMakeFiles/3.31.6/CMakeSystem.cmake:6 (include)
  /home/runner/work/zh-mobile/zh-mobile/build/android-arm64/CMakeFiles/CMakeScratch/TryCompile-QX0h4o/CMakeLists.txt:5 (project)


CMake Deprecation Warning at /opt/hostedtoolcache/ndk/r27c/x64/build/cmake/android-legacy.toolchain.cmake:35 (cmake_minimum_required):
  Compatibility with CMake < 3.10 will be removed from a future version of
  CMake.

  Update the VERSION argument <min> value.  Or, use the <min>...<max> syntax
  to tell CMake that the project requires at least <min> but has been updated
  to work with policies introduced by <max> or earlier.
Call Stack (most recent call first):
  /opt/hostedtoolcache/ndk/r27c/x64/build/cmake/android.toolchain.cmake:55 (include)
  /home/runner/vcpkg/scripts/buildsystems/vcpkg.cmake:210 (include)
  /home/runner/work/zh-mobile/zh-mobile/build/android-arm64/CMakeFiles/3.31.6/CMakeSystem.cmake:6 (include)
  /home/runner/work/zh-mobile/zh-mobile/build/android-arm64/CMakeFiles/CMakeScratch/TryCompile-QX0h4o/CMakeLists.txt:5 (project)


CMake Deprecation Warning at /opt/hostedtoolcache/ndk/r27c/x64/build/cmake/flags.cmake:18 (cmake_minimum_required):
  Compatibility with CMake < 3.10 will be removed from a future version of
  CMake.

  Update the VERSION argument <min> value.  Or, use the <min>...<max> syntax
  to tell CMake that the project requires at least <min> but has been updated
  to work with policies introduced by <max> or earlier.
Call Stack (most recent call first):
  /usr/local/share/cmake-3.31/Modules/Platform/Android-Clang.cmake:23 (include)
  /usr/local/share/cmake-3.31/Modules/Platform/Android-Clang-C.cmake:1 (include)
  /usr/local/share/cmake-3.31/Modules/CMakeCInformation.cmake:48 (include)
  /home/runner/work/zh-mobile/zh-mobile/build/android-arm64/CMakeFiles/CMakeScratch/TryCompile-QX0h4o/CMakeLists.txt:5 (project)


-- Looking for signal.h - found
-- Looking for stdarg.h
CMake Deprecation Warning at /opt/hostedtoolcache/ndk/r27c/x64/build/cmake/android.toolchain.cmake:35 (cmake_minimum_required):
  Compatibility with CMake < 3.10 will be removed from a future version of
  CMake.

  Update the VERSION argument <min> value.  Or, use the <min>...<max> syntax
  to tell CMake that the project requires at least <min> but has been updated
  to work with policies introduced by <max> or earlier.
Call Stack (most recent call first):
  /home/runner/vcpkg/scripts/buildsystems/vcpkg.cmake:210 (include)
  /home/runner/work/zh-mobile/zh-mobile/build/android-arm64/CMakeFiles/3.31.6/CMakeSystem.cmake:6 (include)
  /home/runner/work/zh-mobile/zh-mobile/build/android-arm64/CMakeFiles/CMakeScratch/TryCompile-BUSo3D/CMakeLists.txt:5 (project)


CMake Deprecation Warning at /opt/hostedtoolcache/ndk/r27c/x64/build/cmake/android-legacy.toolchain.cmake:35 (cmake_minimum_required):
  Compatibility with CMake < 3.10 will be removed from a future version of
  CMake.

  Update the VERSION argument <min> value.  Or, use the <min>...<max> syntax
  to tell CMake that the project requires at least <min> but has been updated
  to work with policies introduced by <max> or earlier.
Call Stack (most recent call first):
  /opt/hostedtoolcache/ndk/r27c/x64/build/cmake/android.toolchain.cmake:55 (include)
  /home/runner/vcpkg/scripts/buildsystems/vcpkg.cmake:210 (include)
  /home/runner/work/zh-mobile/zh-mobile/build/android-arm64/CMakeFiles/3.31.6/CMakeSystem.cmake:6 (include)
  /home/runner/work/zh-mobile/zh-mobile/build/android-arm64/CMakeFiles/CMakeScratch/TryCompile-BUSo3D/CMakeLists.txt:5 (project)


CMake Deprecation Warning at /opt/hostedtoolcache/ndk/r27c/x64/build/cmake/flags.cmake:18 (cmake_minimum_required):
  Compatibility with CMake < 3.10 will be removed from a future version of
  CMake.

  Update the VERSION argument <min> value.  Or, use the <min>...<max> syntax
  to tell CMake that the project requires at least <min> but has been updated
  to work with policies introduced by <max> or earlier.
Call Stack (most recent call first):
  /usr/local/share/cmake-3.31/Modules/Platform/Android-Clang.cmake:23 (include)
  /usr/local/share/cmake-3.31/Modules/Platform/Android-Clang-C.cmake:1 (include)
  /usr/local/share/cmake-3.31/Modules/CMakeCInformation.cmake:48 (include)
  /home/runner/work/zh-mobile/zh-mobile/build/android-arm64/CMakeFiles/CMakeScratch/TryCompile-BUSo3D/CMakeLists.txt:5 (project)


-- Looking for stdarg.h - found
-- Looking for stdbool.h
CMake Deprecation Warning at /opt/hostedtoolcache/ndk/r27c/x64/build/cmake/android.toolchain.cmake:35 (cmake_minimum_required):
  Compatibility with CMake < 3.10 will be removed from a future version of
  CMake.

  Update the VERSION argument <min> value.  Or, use the <min>...<max> syntax
  to tell CMake that the project requires at least <min> but has been updated
  to work with policies introduced by <max> or earlier.
Call Stack (most recent call first):
  /home/runner/vcpkg/scripts/buildsystems/vcpkg.cmake:210 (include)
  /home/runner/work/zh-mobile/zh-mobile/build/android-arm64/CMakeFiles/3.31.6/CMakeSystem.cmake:6 (include)
  /home/runner/work/zh-mobile/zh-mobile/build/android-arm64/CMakeFiles/CMakeScratch/TryCompile-QPiml8/CMakeLists.txt:5 (project)


CMake Deprecation Warning at /opt/hostedtoolcache/ndk/r27c/x64/build/cmake/android-legacy.toolchain.cmake:35 (cmake_minimum_required):
  Compatibility with CMake < 3.10 will be removed from a future version of
  CMake.

  Update the VERSION argument <min> value.  Or, use the <min>...<max> syntax
  to tell CMake that the project requires at least <min> but has been updated
  to work with policies introduced by <max> or earlier.
Call Stack (most recent call first):
  /opt/hostedtoolcache/ndk/r27c/x64/build/cmake/android.toolchain.cmake:55 (include)
  /home/runner/vcpkg/scripts/buildsystems/vcpkg.cmake:210 (include)
  /home/runner/work/zh-mobile/zh-mobile/build/android-arm64/CMakeFiles/3.31.6/CMakeSystem.cmake:6 (include)
  /home/runner/work/zh-mobile/zh-mobile/build/android-arm64/CMakeFiles/CMakeScratch/TryCompile-QPiml8/CMakeLists.txt:5 (project)


CMake Deprecation Warning at /opt/hostedtoolcache/ndk/r27c/x64/build/cmake/flags.cmake:18 (cmake_minimum_required):
  Compatibility with CMake < 3.10 will be removed from a future version of
  CMake.

  Update the VERSION argument <min> value.  Or, use the <min>...<max> syntax
  to tell CMake that the project requires at least <min> but has been updated
  to work with policies introduced by <max> or earlier.
Call Stack (most recent call first):
  /usr/local/share/cmake-3.31/Modules/Platform/Android-Clang.cmake:23 (include)
  /usr/local/share/cmake-3.31/Modules/Platform/Android-Clang-C.cmake:1 (include)
  /usr/local/share/cmake-3.31/Modules/CMakeCInformation.cmake:48 (include)
  /home/runner/work/zh-mobile/zh-mobile/build/android-arm64/CMakeFiles/CMakeScratch/TryCompile-QPiml8/CMakeLists.txt:5 (project)


-- Looking for stdbool.h - found
-- Looking for stddef.h
CMake Deprecation Warning at /opt/hostedtoolcache/ndk/r27c/x64/build/cmake/android.toolchain.cmake:35 (cmake_minimum_required):
  Compatibility with CMake < 3.10 will be removed from a future version of
  CMake.

  Update the VERSION argument <min> value.  Or, use the <min>...<max> syntax
  to tell CMake that the project requires at least <min> but has been updated
  to work with policies introduced by <max> or earlier.
Call Stack (most recent call first):
  /home/runner/vcpkg/scripts/buildsystems/vcpkg.cmake:210 (include)
  /home/runner/work/zh-mobile/zh-mobile/build/android-arm64/CMakeFiles/3.31.6/CMakeSystem.cmake:6 (include)
  /home/runner/work/zh-mobile/zh-mobile/build/android-arm64/CMakeFiles/CMakeScratch/TryCompile-KMHYIb/CMakeLists.txt:5 (project)


CMake Deprecation Warning at /opt/hostedtoolcache/ndk/r27c/x64/build/cmake/android-legacy.toolchain.cmake:35 (cmake_minimum_required):
  Compatibility with CMake < 3.10 will be removed from a future version of
  CMake.

  Update the VERSION argument <min> value.  Or, use the <min>...<max> syntax
  to tell CMake that the project requires at least <min> but has been updated
  to work with policies introduced by <max> or earlier.
Call Stack (most recent call first):
  /opt/hostedtoolcache/ndk/r27c/x64/build/cmake/android.toolchain.cmake:55 (include)
  /home/runner/vcpkg/scripts/buildsystems/vcpkg.cmake:210 (include)
  /home/runner/work/zh-mobile/zh-mobile/build/android-arm64/CMakeFiles/3.31.6/CMakeSystem.cmake:6 (include)
  /home/runner/work/zh-mobile/zh-mobile/build/android-arm64/CMakeFiles/CMakeScratch/TryCompile-KMHYIb/CMakeLists.txt:5 (project)


CMake Deprecation Warning at /opt/hostedtoolcache/ndk/r27c/x64/build/cmake/flags.cmake:18 (cmake_minimum_required):
  Compatibility with CMake < 3.10 will be removed from a future version of
  CMake.

  Update the VERSION argument <min> value.  Or, use the <min>...<max> syntax
  to tell CMake that the project requires at least <min> but has been updated
  to work with policies introduced by <max> or earlier.
Call Stack (most recent call first):
  /usr/local/share/cmake-3.31/Modules/Platform/Android-Clang.cmake:23 (include)
  /usr/local/share/cmake-3.31/Modules/Platform/Android-Clang-C.cmake:1 (include)
  /usr/local/share/cmake-3.31/Modules/CMakeCInformation.cmake:48 (include)
  /home/runner/work/zh-mobile/zh-mobile/build/android-arm64/CMakeFiles/CMakeScratch/TryCompile-KMHYIb/CMakeLists.txt:5 (project)


-- Looking for stddef.h - found
-- Looking for stdint.h
CMake Deprecation Warning at /opt/hostedtoolcache/ndk/r27c/x64/build/cmake/android.toolchain.cmake:35 (cmake_minimum_required):
  Compatibility with CMake < 3.10 will be removed from a future version of
  CMake.

  Update the VERSION argument <min> value.  Or, use the <min>...<max> syntax
  to tell CMake that the project requires at least <min> but has been updated
  to work with policies introduced by <max> or earlier.
Call Stack (most recent call first):
  /home/runner/vcpkg/scripts/buildsystems/vcpkg.cmake:210 (include)
  /home/runner/work/zh-mobile/zh-mobile/build/android-arm64/CMakeFiles/3.31.6/CMakeSystem.cmake:6 (include)
  /home/runner/work/zh-mobile/zh-mobile/build/android-arm64/CMakeFiles/CMakeScratch/TryCompile-FmnThG/CMakeLists.txt:5 (project)


CMake Deprecation Warning at /opt/hostedtoolcache/ndk/r27c/x64/build/cmake/android-legacy.toolchain.cmake:35 (cmake_minimum_required):
  Compatibility with CMake < 3.10 will be removed from a future version of
  CMake.

  Update the VERSION argument <min> value.  Or, use the <min>...<max> syntax
  to tell CMake that the project requires at least <min> but has been updated
  to work with policies introduced by <max> or earlier.
Call Stack (most recent call first):
  /opt/hostedtoolcache/ndk/r27c/x64/build/cmake/android.toolchain.cmake:55 (include)
  /home/runner/vcpkg/scripts/buildsystems/vcpkg.cmake:210 (include)
  /home/runner/work/zh-mobile/zh-mobile/build/android-arm64/CMakeFiles/3.31.6/CMakeSystem.cmake:6 (include)
  /home/runner/work/zh-mobile/zh-mobile/build/android-arm64/CMakeFiles/CMakeScratch/TryCompile-FmnThG/CMakeLists.txt:5 (project)


CMake Deprecation Warning at /opt/hostedtoolcache/ndk/r27c/x64/build/cmake/flags.cmake:18 (cmake_minimum_required):
  Compatibility with CMake < 3.10 will be removed from a future version of
  CMake.

  Update the VERSION argument <min> value.  Or, use the <min>...<max> syntax
  to tell CMake that the project requires at least <min> but has been updated
  to work with policies introduced by <max> or earlier.
Call Stack (most recent call first):
  /usr/local/share/cmake-3.31/Modules/Platform/Android-Clang.cmake:23 (include)
  /usr/local/share/cmake-3.31/Modules/Platform/Android-Clang-C.cmake:1 (include)
  /usr/local/share/cmake-3.31/Modules/CMakeCInformation.cmake:48 (include)
  /home/runner/work/zh-mobile/zh-mobile/build/android-arm64/CMakeFiles/CMakeScratch/TryCompile-FmnThG/CMakeLists.txt:5 (project)


-- Looking for stdint.h - found
-- Looking for stdio.h
CMake Deprecation Warning at /opt/hostedtoolcache/ndk/r27c/x64/build/cmake/android.toolchain.cmake:35 (cmake_minimum_required):
  Compatibility with CMake < 3.10 will be removed from a future version of
  CMake.

  Update the VERSION argument <min> value.  Or, use the <min>...<max> syntax
  to tell CMake that the project requires at least <min> but has been updated
  to work with policies introduced by <max> or earlier.
Call Stack (most recent call first):
  /home/runner/vcpkg/scripts/buildsystems/vcpkg.cmake:210 (include)
  /home/runner/work/zh-mobile/zh-mobile/build/android-arm64/CMakeFiles/3.31.6/CMakeSystem.cmake:6 (include)
  /home/runner/work/zh-mobile/zh-mobile/build/android-arm64/CMakeFiles/CMakeScratch/TryCompile-Pxnm9M/CMakeLists.txt:5 (project)


CMake Deprecation Warning at /opt/hostedtoolcache/ndk/r27c/x64/build/cmake/android-legacy.toolchain.cmake:35 (cmake_minimum_required):
  Compatibility with CMake < 3.10 will be removed from a future version of
  CMake.

  Update the VERSION argument <min> value.  Or, use the <min>...<max> syntax
  to tell CMake that the project requires at least <min> but has been updated
  to work with policies introduced by <max> or earlier.
Call Stack (most recent call first):
  /opt/hostedtoolcache/ndk/r27c/x64/build/cmake/android.toolchain.cmake:55 (include)
  /home/runner/vcpkg/scripts/buildsystems/vcpkg.cmake:210 (include)
  /home/runner/work/zh-mobile/zh-mobile/build/android-arm64/CMakeFiles/3.31.6/CMakeSystem.cmake:6 (include)
  /home/runner/work/zh-mobile/zh-mobile/build/android-arm64/CMakeFiles/CMakeScratch/TryCompile-Pxnm9M/CMakeLists.txt:5 (project)


CMake Deprecation Warning at /opt/hostedtoolcache/ndk/r27c/x64/build/cmake/flags.cmake:18 (cmake_minimum_required):
  Compatibility with CMake < 3.10 will be removed from a future version of
  CMake.

  Update the VERSION argument <min> value.  Or, use the <min>...<max> syntax
  to tell CMake that the project requires at least <min> but has been updated
  to work with policies introduced by <max> or earlier.
Call Stack (most recent call first):
  /usr/local/share/cmake-3.31/Modules/Platform/Android-Clang.cmake:23 (include)
  /usr/local/share/cmake-3.31/Modules/Platform/Android-Clang-C.cmake:1 (include)
  /usr/local/share/cmake-3.31/Modules/CMakeCInformation.cmake:48 (include)
  /home/runner/work/zh-mobile/zh-mobile/build/android-arm64/CMakeFiles/CMakeScratch/TryCompile-Pxnm9M/CMakeLists.txt:5 (project)


-- Looking for stdio.h - found
-- Looking for stdlib.h
CMake Deprecation Warning at /opt/hostedtoolcache/ndk/r27c/x64/build/cmake/android.toolchain.cmake:35 (cmake_minimum_required):
  Compatibility with CMake < 3.10 will be removed from a future version of
  CMake.

  Update the VERSION argument <min> value.  Or, use the <min>...<max> syntax
  to tell CMake that the project requires at least <min> but has been updated
  to work with policies introduced by <max> or earlier.
Call Stack (most recent call first):
  /home/runner/vcpkg/scripts/buildsystems/vcpkg.cmake:210 (include)
  /home/runner/work/zh-mobile/zh-mobile/build/android-arm64/CMakeFiles/3.31.6/CMakeSystem.cmake:6 (include)
  /home/runner/work/zh-mobile/zh-mobile/build/android-arm64/CMakeFiles/CMakeScratch/TryCompile-vXpL23/CMakeLists.txt:5 (project)


CMake Deprecation Warning at /opt/hostedtoolcache/ndk/r27c/x64/build/cmake/android-legacy.toolchain.cmake:35 (cmake_minimum_required):
  Compatibility with CMake < 3.10 will be removed from a future version of
  CMake.

  Update the VERSION argument <min> value.  Or, use the <min>...<max> syntax
  to tell CMake that the project requires at least <min> but has been updated
  to work with policies introduced by <max> or earlier.
Call Stack (most recent call first):
  /opt/hostedtoolcache/ndk/r27c/x64/build/cmake/android.toolchain.cmake:55 (include)
  /home/runner/vcpkg/scripts/buildsystems/vcpkg.cmake:210 (include)
  /home/runner/work/zh-mobile/zh-mobile/build/android-arm64/CMakeFiles/3.31.6/CMakeSystem.cmake:6 (include)
  /home/runner/work/zh-mobile/zh-mobile/build/android-arm64/CMakeFiles/CMakeScratch/TryCompile-vXpL23/CMakeLists.txt:5 (project)


CMake Deprecation Warning at /opt/hostedtoolcache/ndk/r27c/x64/build/cmake/flags.cmake:18 (cmake_minimum_required):
  Compatibility with CMake < 3.10 will be removed from a future version of
  CMake.

  Update the VERSION argument <min> value.  Or, use the <min>...<max> syntax
  to tell CMake that the project requires at least <min> but has been updated
  to work with policies introduced by <max> or earlier.
Call Stack (most recent call first):
  /usr/local/share/cmake-3.31/Modules/Platform/Android-Clang.cmake:23 (include)
  /usr/local/share/cmake-3.31/Modules/Platform/Android-Clang-C.cmake:1 (include)
  /usr/local/share/cmake-3.31/Modules/CMakeCInformation.cmake:48 (include)
  /home/runner/work/zh-mobile/zh-mobile/build/android-arm64/CMakeFiles/CMakeScratch/TryCompile-vXpL23/CMakeLists.txt:5 (project)


-- Looking for stdlib.h - found
-- Looking for string.h
CMake Deprecation Warning at /opt/hostedtoolcache/ndk/r27c/x64/build/cmake/android.toolchain.cmake:35 (cmake_minimum_required):
  Compatibility with CMake < 3.10 will be removed from a future version of
  CMake.

  Update the VERSION argument <min> value.  Or, use the <min>...<max> syntax
  to tell CMake that the project requires at least <min> but has been updated
  to work with policies introduced by <max> or earlier.
Call Stack (most recent call first):
  /home/runner/vcpkg/scripts/buildsystems/vcpkg.cmake:210 (include)
  /home/runner/work/zh-mobile/zh-mobile/build/android-arm64/CMakeFiles/3.31.6/CMakeSystem.cmake:6 (include)
  /home/runner/work/zh-mobile/zh-mobile/build/android-arm64/CMakeFiles/CMakeScratch/TryCompile-hfWrXX/CMakeLists.txt:5 (project)


CMake Deprecation Warning at /opt/hostedtoolcache/ndk/r27c/x64/build/cmake/android-legacy.toolchain.cmake:35 (cmake_minimum_required):
  Compatibility with CMake < 3.10 will be removed from a future version of
  CMake.

  Update the VERSION argument <min> value.  Or, use the <min>...<max> syntax
  to tell CMake that the project requires at least <min> but has been updated
  to work with policies introduced by <max> or earlier.
Call Stack (most recent call first):
  /opt/hostedtoolcache/ndk/r27c/x64/build/cmake/android.toolchain.cmake:55 (include)
  /home/runner/vcpkg/scripts/buildsystems/vcpkg.cmake:210 (include)
  /home/runner/work/zh-mobile/zh-mobile/build/android-arm64/CMakeFiles/3.31.6/CMakeSystem.cmake:6 (include)
  /home/runner/work/zh-mobile/zh-mobile/build/android-arm64/CMakeFiles/CMakeScratch/TryCompile-hfWrXX/CMakeLists.txt:5 (project)


CMake Deprecation Warning at /opt/hostedtoolcache/ndk/r27c/x64/build/cmake/flags.cmake:18 (cmake_minimum_required):
  Compatibility with CMake < 3.10 will be removed from a future version of
  CMake.

  Update the VERSION argument <min> value.  Or, use the <min>...<max> syntax
  to tell CMake that the project requires at least <min> but has been updated
  to work with policies introduced by <max> or earlier.
Call Stack (most recent call first):
  /usr/local/share/cmake-3.31/Modules/Platform/Android-Clang.cmake:23 (include)
  /usr/local/share/cmake-3.31/Modules/Platform/Android-Clang-C.cmake:1 (include)
  /usr/local/share/cmake-3.31/Modules/CMakeCInformation.cmake:48 (include)
  /home/runner/work/zh-mobile/zh-mobile/build/android-arm64/CMakeFiles/CMakeScratch/TryCompile-hfWrXX/CMakeLists.txt:5 (project)


-- Looking for string.h - found
-- Looking for strings.h
CMake Deprecation Warning at /opt/hostedtoolcache/ndk/r27c/x64/build/cmake/android.toolchain.cmake:35 (cmake_minimum_required):
  Compatibility with CMake < 3.10 will be removed from a future version of
  CMake.

  Update the VERSION argument <min> value.  Or, use the <min>...<max> syntax
  to tell CMake that the project requires at least <min> but has been updated
  to work with policies introduced by <max> or earlier.
Call Stack (most recent call first):
  /home/runner/vcpkg/scripts/buildsystems/vcpkg.cmake:210 (include)
  /home/runner/work/zh-mobile/zh-mobile/build/android-arm64/CMakeFiles/3.31.6/CMakeSystem.cmake:6 (include)
  /home/runner/work/zh-mobile/zh-mobile/build/android-arm64/CMakeFiles/CMakeScratch/TryCompile-AkHiK4/CMakeLists.txt:5 (project)


CMake Deprecation Warning at /opt/hostedtoolcache/ndk/r27c/x64/build/cmake/android-legacy.toolchain.cmake:35 (cmake_minimum_required):
  Compatibility with CMake < 3.10 will be removed from a future version of
  CMake.

  Update the VERSION argument <min> value.  Or, use the <min>...<max> syntax
  to tell CMake that the project requires at least <min> but has been updated
  to work with policies introduced by <max> or earlier.
Call Stack (most recent call first):
  /opt/hostedtoolcache/ndk/r27c/x64/build/cmake/android.toolchain.cmake:55 (include)
  /home/runner/vcpkg/scripts/buildsystems/vcpkg.cmake:210 (include)
  /home/runner/work/zh-mobile/zh-mobile/build/android-arm64/CMakeFiles/3.31.6/CMakeSystem.cmake:6 (include)
  /home/runner/work/zh-mobile/zh-mobile/build/android-arm64/CMakeFiles/CMakeScratch/TryCompile-AkHiK4/CMakeLists.txt:5 (project)


CMake Deprecation Warning at /opt/hostedtoolcache/ndk/r27c/x64/build/cmake/flags.cmake:18 (cmake_minimum_required):
  Compatibility with CMake < 3.10 will be removed from a future version of
  CMake.

  Update the VERSION argument <min> value.  Or, use the <min>...<max> syntax
  to tell CMake that the project requires at least <min> but has been updated
  to work with policies introduced by <max> or earlier.
Call Stack (most recent call first):
  /usr/local/share/cmake-3.31/Modules/Platform/Android-Clang.cmake:23 (include)
  /usr/local/share/cmake-3.31/Modules/Platform/Android-Clang-C.cmake:1 (include)
  /usr/local/share/cmake-3.31/Modules/CMakeCInformation.cmake:48 (include)
  /home/runner/work/zh-mobile/zh-mobile/build/android-arm64/CMakeFiles/CMakeScratch/TryCompile-AkHiK4/CMakeLists.txt:5 (project)


-- Looking for strings.h - found
-- Looking for sys/types.h
CMake Deprecation Warning at /opt/hostedtoolcache/ndk/r27c/x64/build/cmake/android.toolchain.cmake:35 (cmake_minimum_required):
  Compatibility with CMake < 3.10 will be removed from a future version of
  CMake.

  Update the VERSION argument <min> value.  Or, use the <min>...<max> syntax
  to tell CMake that the project requires at least <min> but has been updated
  to work with policies introduced by <max> or earlier.
Call Stack (most recent call first):
  /home/runner/vcpkg/scripts/buildsystems/vcpkg.cmake:210 (include)
  /home/runner/work/zh-mobile/zh-mobile/build/android-arm64/CMakeFiles/3.31.6/CMakeSystem.cmake:6 (include)
  /home/runner/work/zh-mobile/zh-mobile/build/android-arm64/CMakeFiles/CMakeScratch/TryCompile-v9jAQO/CMakeLists.txt:5 (project)


CMake Deprecation Warning at /opt/hostedtoolcache/ndk/r27c/x64/build/cmake/android-legacy.toolchain.cmake:35 (cmake_minimum_required):
  Compatibility with CMake < 3.10 will be removed from a future version of
  CMake.

  Update the VERSION argument <min> value.  Or, use the <min>...<max> syntax
  to tell CMake that the project requires at least <min> but has been updated
  to work with policies introduced by <max> or earlier.
Call Stack (most recent call first):
  /opt/hostedtoolcache/ndk/r27c/x64/build/cmake/android.toolchain.cmake:55 (include)
  /home/runner/vcpkg/scripts/buildsystems/vcpkg.cmake:210 (include)
  /home/runner/work/zh-mobile/zh-mobile/build/android-arm64/CMakeFiles/3.31.6/CMakeSystem.cmake:6 (include)
  /home/runner/work/zh-mobile/zh-mobile/build/android-arm64/CMakeFiles/CMakeScratch/TryCompile-v9jAQO/CMakeLists.txt:5 (project)


CMake Deprecation Warning at /opt/hostedtoolcache/ndk/r27c/x64/build/cmake/flags.cmake:18 (cmake_minimum_required):
  Compatibility with CMake < 3.10 will be removed from a future version of
  CMake.

  Update the VERSION argument <min> value.  Or, use the <min>...<max> syntax
  to tell CMake that the project requires at least <min> but has been updated
  to work with policies introduced by <max> or earlier.
Call Stack (most recent call first):
  /usr/local/share/cmake-3.31/Modules/Platform/Android-Clang.cmake:23 (include)
  /usr/local/share/cmake-3.31/Modules/Platform/Android-Clang-C.cmake:1 (include)
  /usr/local/share/cmake-3.31/Modules/CMakeCInformation.cmake:48 (include)
  /home/runner/work/zh-mobile/zh-mobile/build/android-arm64/CMakeFiles/CMakeScratch/TryCompile-v9jAQO/CMakeLists.txt:5 (project)


-- Looking for sys/types.h - found
-- Looking for time.h
CMake Deprecation Warning at /opt/hostedtoolcache/ndk/r27c/x64/build/cmake/android.toolchain.cmake:35 (cmake_minimum_required):
  Compatibility with CMake < 3.10 will be removed from a future version of
  CMake.

  Update the VERSION argument <min> value.  Or, use the <min>...<max> syntax
  to tell CMake that the project requires at least <min> but has been updated
  to work with policies introduced by <max> or earlier.
Call Stack (most recent call first):
  /home/runner/vcpkg/scripts/buildsystems/vcpkg.cmake:210 (include)
  /home/runner/work/zh-mobile/zh-mobile/build/android-arm64/CMakeFiles/3.31.6/CMakeSystem.cmake:6 (include)
  /home/runner/work/zh-mobile/zh-mobile/build/android-arm64/CMakeFiles/CMakeScratch/TryCompile-NGX8fa/CMakeLists.txt:5 (project)


CMake Deprecation Warning at /opt/hostedtoolcache/ndk/r27c/x64/build/cmake/android-legacy.toolchain.cmake:35 (cmake_minimum_required):
  Compatibility with CMake < 3.10 will be removed from a future version of
  CMake.

  Update the VERSION argument <min> value.  Or, use the <min>...<max> syntax
  to tell CMake that the project requires at least <min> but has been updated
  to work with policies introduced by <max> or earlier.
Call Stack (most recent call first):
  /opt/hostedtoolcache/ndk/r27c/x64/build/cmake/android.toolchain.cmake:55 (include)
  /home/runner/vcpkg/scripts/buildsystems/vcpkg.cmake:210 (include)
  /home/runner/work/zh-mobile/zh-mobile/build/android-arm64/CMakeFiles/3.31.6/CMakeSystem.cmake:6 (include)
  /home/runner/work/zh-mobile/zh-mobile/build/android-arm64/CMakeFiles/CMakeScratch/TryCompile-NGX8fa/CMakeLists.txt:5 (project)


CMake Deprecation Warning at /opt/hostedtoolcache/ndk/r27c/x64/build/cmake/flags.cmake:18 (cmake_minimum_required):
  Compatibility with CMake < 3.10 will be removed from a future version of
  CMake.

  Update the VERSION argument <min> value.  Or, use the <min>...<max> syntax
  to tell CMake that the project requires at least <min> but has been updated
  to work with policies introduced by <max> or earlier.
Call Stack (most recent call first):
  /usr/local/share/cmake-3.31/Modules/Platform/Android-Clang.cmake:23 (include)
  /usr/local/share/cmake-3.31/Modules/Platform/Android-Clang-C.cmake:1 (include)
  /usr/local/share/cmake-3.31/Modules/CMakeCInformation.cmake:48 (include)
  /home/runner/work/zh-mobile/zh-mobile/build/android-arm64/CMakeFiles/CMakeScratch/TryCompile-NGX8fa/CMakeLists.txt:5 (project)


-- Looking for time.h - found
-- Looking for wchar.h
CMake Deprecation Warning at /opt/hostedtoolcache/ndk/r27c/x64/build/cmake/android.toolchain.cmake:35 (cmake_minimum_required):
  Compatibility with CMake < 3.10 will be removed from a future version of
  CMake.

  Update the VERSION argument <min> value.  Or, use the <min>...<max> syntax
  to tell CMake that the project requires at least <min> but has been updated
  to work with policies introduced by <max> or earlier.
Call Stack (most recent call first):
  /home/runner/vcpkg/scripts/buildsystems/vcpkg.cmake:210 (include)
  /home/runner/work/zh-mobile/zh-mobile/build/android-arm64/CMakeFiles/3.31.6/CMakeSystem.cmake:6 (include)
  /home/runner/work/zh-mobile/zh-mobile/build/android-arm64/CMakeFiles/CMakeScratch/TryCompile-tkMLIP/CMakeLists.txt:5 (project)


CMake Deprecation Warning at /opt/hostedtoolcache/ndk/r27c/x64/build/cmake/android-legacy.toolchain.cmake:35 (cmake_minimum_required):
  Compatibility with CMake < 3.10 will be removed from a future version of
  CMake.

  Update the VERSION argument <min> value.  Or, use the <min>...<max> syntax
  to tell CMake that the project requires at least <min> but has been updated
  to work with policies introduced by <max> or earlier.
Call Stack (most recent call first):
  /opt/hostedtoolcache/ndk/r27c/x64/build/cmake/android.toolchain.cmake:55 (include)
  /home/runner/vcpkg/scripts/buildsystems/vcpkg.cmake:210 (include)
  /home/runner/work/zh-mobile/zh-mobile/build/android-arm64/CMakeFiles/3.31.6/CMakeSystem.cmake:6 (include)
  /home/runner/work/zh-mobile/zh-mobile/build/android-arm64/CMakeFiles/CMakeScratch/TryCompile-tkMLIP/CMakeLists.txt:5 (project)


CMake Deprecation Warning at /opt/hostedtoolcache/ndk/r27c/x64/build/cmake/flags.cmake:18 (cmake_minimum_required):
  Compatibility with CMake < 3.10 will be removed from a future version of
  CMake.

  Update the VERSION argument <min> value.  Or, use the <min>...<max> syntax
  to tell CMake that the project requires at least <min> but has been updated
  to work with policies introduced by <max> or earlier.
Call Stack (most recent call first):
  /usr/local/share/cmake-3.31/Modules/Platform/Android-Clang.cmake:23 (include)
  /usr/local/share/cmake-3.31/Modules/Platform/Android-Clang-C.cmake:1 (include)
  /usr/local/share/cmake-3.31/Modules/CMakeCInformation.cmake:48 (include)
  /home/runner/work/zh-mobile/zh-mobile/build/android-arm64/CMakeFiles/CMakeScratch/TryCompile-tkMLIP/CMakeLists.txt:5 (project)


-- Looking for wchar.h - found
-- Looking for pow in m
CMake Deprecation Warning at /opt/hostedtoolcache/ndk/r27c/x64/build/cmake/android.toolchain.cmake:35 (cmake_minimum_required):
  Compatibility with CMake < 3.10 will be removed from a future version of
  CMake.

  Update the VERSION argument <min> value.  Or, use the <min>...<max> syntax
  to tell CMake that the project requires at least <min> but has been updated
  to work with policies introduced by <max> or earlier.
Call Stack (most recent call first):
  /home/runner/vcpkg/scripts/buildsystems/vcpkg.cmake:210 (include)
  /home/runner/work/zh-mobile/zh-mobile/build/android-arm64/CMakeFiles/3.31.6/CMakeSystem.cmake:6 (include)
  /home/runner/work/zh-mobile/zh-mobile/build/android-arm64/CMakeFiles/CMakeScratch/TryCompile-xN0Rfa/CMakeLists.txt:5 (project)


CMake Deprecation Warning at /opt/hostedtoolcache/ndk/r27c/x64/build/cmake/android-legacy.toolchain.cmake:35 (cmake_minimum_required):
  Compatibility with CMake < 3.10 will be removed from a future version of
  CMake.

  Update the VERSION argument <min> value.  Or, use the <min>...<max> syntax
  to tell CMake that the project requires at least <min> but has been updated
  to work with policies introduced by <max> or earlier.
Call Stack (most recent call first):
  /opt/hostedtoolcache/ndk/r27c/x64/build/cmake/android.toolchain.cmake:55 (include)
  /home/runner/vcpkg/scripts/buildsystems/vcpkg.cmake:210 (include)
  /home/runner/work/zh-mobile/zh-mobile/build/android-arm64/CMakeFiles/3.31.6/CMakeSystem.cmake:6 (include)
  /home/runner/work/zh-mobile/zh-mobile/build/android-arm64/CMakeFiles/CMakeScratch/TryCompile-xN0Rfa/CMakeLists.txt:5 (project)


CMake Deprecation Warning at /opt/hostedtoolcache/ndk/r27c/x64/build/cmake/flags.cmake:18 (cmake_minimum_required):
  Compatibility with CMake < 3.10 will be removed from a future version of
  CMake.

  Update the VERSION argument <min> value.  Or, use the <min>...<max> syntax
  to tell CMake that the project requires at least <min> but has been updated
  to work with policies introduced by <max> or earlier.
Call Stack (most recent call first):
  /usr/local/share/cmake-3.31/Modules/Platform/Android-Clang.cmake:23 (include)
  /usr/local/share/cmake-3.31/Modules/Platform/Android-Clang-C.cmake:1 (include)
  /usr/local/share/cmake-3.31/Modules/CMakeCInformation.cmake:48 (include)
  /home/runner/work/zh-mobile/zh-mobile/build/android-arm64/CMakeFiles/CMakeScratch/TryCompile-xN0Rfa/CMakeLists.txt:5 (project)


-- Looking for pow in m - found
-- Looking for abs
CMake Deprecation Warning at /opt/hostedtoolcache/ndk/r27c/x64/build/cmake/android.toolchain.cmake:35 (cmake_minimum_required):
  Compatibility with CMake < 3.10 will be removed from a future version of
  CMake.

  Update the VERSION argument <min> value.  Or, use the <min>...<max> syntax
  to tell CMake that the project requires at least <min> but has been updated
  to work with policies introduced by <max> or earlier.
Call Stack (most recent call first):
  /home/runner/vcpkg/scripts/buildsystems/vcpkg.cmake:210 (include)
  /home/runner/work/zh-mobile/zh-mobile/build/android-arm64/CMakeFiles/3.31.6/CMakeSystem.cmake:6 (include)
  /home/runner/work/zh-mobile/zh-mobile/build/android-arm64/CMakeFiles/CMakeScratch/TryCompile-g7RLU4/CMakeLists.txt:5 (project)


CMake Deprecation Warning at /opt/hostedtoolcache/ndk/r27c/x64/build/cmake/android-legacy.toolchain.cmake:35 (cmake_minimum_required):
  Compatibility with CMake < 3.10 will be removed from a future version of
  CMake.

  Update the VERSION argument <min> value.  Or, use the <min>...<max> syntax
  to tell CMake that the project requires at least <min> but has been updated
  to work with policies introduced by <max> or earlier.
Call Stack (most recent call first):
  /opt/hostedtoolcache/ndk/r27c/x64/build/cmake/android.toolchain.cmake:55 (include)
  /home/runner/vcpkg/scripts/buildsystems/vcpkg.cmake:210 (include)
  /home/runner/work/zh-mobile/zh-mobile/build/android-arm64/CMakeFiles/3.31.6/CMakeSystem.cmake:6 (include)
  /home/runner/work/zh-mobile/zh-mobile/build/android-arm64/CMakeFiles/CMakeScratch/TryCompile-g7RLU4/CMakeLists.txt:5 (project)


CMake Deprecation Warning at /opt/hostedtoolcache/ndk/r27c/x64/build/cmake/flags.cmake:18 (cmake_minimum_required):
  Compatibility with CMake < 3.10 will be removed from a future version of
  CMake.

  Update the VERSION argument <min> value.  Or, use the <min>...<max> syntax
  to tell CMake that the project requires at least <min> but has been updated
  to work with policies introduced by <max> or earlier.
Call Stack (most recent call first):
  /usr/local/share/cmake-3.31/Modules/Platform/Android-Clang.cmake:23 (include)
  /usr/local/share/cmake-3.31/Modules/Platform/Android-Clang-C.cmake:1 (include)
  /usr/local/share/cmake-3.31/Modules/CMakeCInformation.cmake:48 (include)
  /home/runner/work/zh-mobile/zh-mobile/build/android-arm64/CMakeFiles/CMakeScratch/TryCompile-g7RLU4/CMakeLists.txt:5 (project)


-- Looking for abs - found
-- Looking for acos
CMake Deprecation Warning at /opt/hostedtoolcache/ndk/r27c/x64/build/cmake/android.toolchain.cmake:35 (cmake_minimum_required):
  Compatibility with CMake < 3.10 will be removed from a future version of
  CMake.

  Update the VERSION argument <min> value.  Or, use the <min>...<max> syntax
  to tell CMake that the project requires at least <min> but has been updated
  to work with policies introduced by <max> or earlier.
Call Stack (most recent call first):
  /home/runner/vcpkg/scripts/buildsystems/vcpkg.cmake:210 (include)
  /home/runner/work/zh-mobile/zh-mobile/build/android-arm64/CMakeFiles/3.31.6/CMakeSystem.cmake:6 (include)
  /home/runner/work/zh-mobile/zh-mobile/build/android-arm64/CMakeFiles/CMakeScratch/TryCompile-dgjSs3/CMakeLists.txt:5 (project)


CMake Deprecation Warning at /opt/hostedtoolcache/ndk/r27c/x64/build/cmake/android-legacy.toolchain.cmake:35 (cmake_minimum_required):
  Compatibility with CMake < 3.10 will be removed from a future version of
  CMake.

  Update the VERSION argument <min> value.  Or, use the <min>...<max> syntax
  to tell CMake that the project requires at least <min> but has been updated
  to work with policies introduced by <max> or earlier.
Call Stack (most recent call first):
  /opt/hostedtoolcache/ndk/r27c/x64/build/cmake/android.toolchain.cmake:55 (include)
  /home/runner/vcpkg/scripts/buildsystems/vcpkg.cmake:210 (include)
  /home/runner/work/zh-mobile/zh-mobile/build/android-arm64/CMakeFiles/3.31.6/CMakeSystem.cmake:6 (include)
  /home/runner/work/zh-mobile/zh-mobile/build/android-arm64/CMakeFiles/CMakeScratch/TryCompile-dgjSs3/CMakeLists.txt:5 (project)


CMake Deprecation Warning at /opt/hostedtoolcache/ndk/r27c/x64/build/cmake/flags.cmake:18 (cmake_minimum_required):
  Compatibility with CMake < 3.10 will be removed from a future version of
  CMake.

  Update the VERSION argument <min> value.  Or, use the <min>...<max> syntax
  to tell CMake that the project requires at least <min> but has been updated
  to work with policies introduced by <max> or earlier.
Call Stack (most recent call first):
  /usr/local/share/cmake-3.31/Modules/Platform/Android-Clang.cmake:23 (include)
  /usr/local/share/cmake-3.31/Modules/Platform/Android-Clang-C.cmake:1 (include)
  /usr/local/share/cmake-3.31/Modules/CMakeCInformation.cmake:48 (include)
  /home/runner/work/zh-mobile/zh-mobile/build/android-arm64/CMakeFiles/CMakeScratch/TryCompile-dgjSs3/CMakeLists.txt:5 (project)


-- Looking for acos - found
-- Looking for acosf
CMake Deprecation Warning at /opt/hostedtoolcache/ndk/r27c/x64/build/cmake/android.toolchain.cmake:35 (cmake_minimum_required):
  Compatibility with CMake < 3.10 will be removed from a future version of
  CMake.

  Update the VERSION argument <min> value.  Or, use the <min>...<max> syntax
  to tell CMake that the project requires at least <min> but has been updated
  to work with policies introduced by <max> or earlier.
Call Stack (most recent call first):
  /home/runner/vcpkg/scripts/buildsystems/vcpkg.cmake:210 (include)
  /home/runner/work/zh-mobile/zh-mobile/build/android-arm64/CMakeFiles/3.31.6/CMakeSystem.cmake:6 (include)
  /home/runner/work/zh-mobile/zh-mobile/build/android-arm64/CMakeFiles/CMakeScratch/TryCompile-Z0LatV/CMakeLists.txt:5 (project)


CMake Deprecation Warning at /opt/hostedtoolcache/ndk/r27c/x64/build/cmake/android-legacy.toolchain.cmake:35 (cmake_minimum_required):
  Compatibility with CMake < 3.10 will be removed from a future version of
  CMake.

  Update the VERSION argument <min> value.  Or, use the <min>...<max> syntax
  to tell CMake that the project requires at least <min> but has been updated
  to work with policies introduced by <max> or earlier.
Call Stack (most recent call first):
  /opt/hostedtoolcache/ndk/r27c/x64/build/cmake/android.toolchain.cmake:55 (include)
  /home/runner/vcpkg/scripts/buildsystems/vcpkg.cmake:210 (include)
  /home/runner/work/zh-mobile/zh-mobile/build/android-arm64/CMakeFiles/3.31.6/CMakeSystem.cmake:6 (include)
  /home/runner/work/zh-mobile/zh-mobile/build/android-arm64/CMakeFiles/CMakeScratch/TryCompile-Z0LatV/CMakeLists.txt:5 (project)


CMake Deprecation Warning at /opt/hostedtoolcache/ndk/r27c/x64/build/cmake/flags.cmake:18 (cmake_minimum_required):
  Compatibility with CMake < 3.10 will be removed from a future version of
  CMake.

  Update the VERSION argument <min> value.  Or, use the <min>...<max> syntax
  to tell CMake that the project requires at least <min> but has been updated
  to work with policies introduced by <max> or earlier.
Call Stack (most recent call first):
  /usr/local/share/cmake-3.31/Modules/Platform/Android-Clang.cmake:23 (include)
  /usr/local/share/cmake-3.31/Modules/Platform/Android-Clang-C.cmake:1 (include)
  /usr/local/share/cmake-3.31/Modules/CMakeCInformation.cmake:48 (include)
  /home/runner/work/zh-mobile/zh-mobile/build/android-arm64/CMakeFiles/CMakeScratch/TryCompile-Z0LatV/CMakeLists.txt:5 (project)


-- Looking for acosf - found
-- Looking for asin
CMake Deprecation Warning at /opt/hostedtoolcache/ndk/r27c/x64/build/cmake/android.toolchain.cmake:35 (cmake_minimum_required):
  Compatibility with CMake < 3.10 will be removed from a future version of
  CMake.

  Update the VERSION argument <min> value.  Or, use the <min>...<max> syntax
  to tell CMake that the project requires at least <min> but has been updated
  to work with policies introduced by <max> or earlier.
Call Stack (most recent call first):
  /home/runner/vcpkg/scripts/buildsystems/vcpkg.cmake:210 (include)
  /home/runner/work/zh-mobile/zh-mobile/build/android-arm64/CMakeFiles/3.31.6/CMakeSystem.cmake:6 (include)
  /home/runner/work/zh-mobile/zh-mobile/build/android-arm64/CMakeFiles/CMakeScratch/TryCompile-1FLpml/CMakeLists.txt:5 (project)


CMake Deprecation Warning at /opt/hostedtoolcache/ndk/r27c/x64/build/cmake/android-legacy.toolchain.cmake:35 (cmake_minimum_required):
  Compatibility with CMake < 3.10 will be removed from a future version of
  CMake.

  Update the VERSION argument <min> value.  Or, use the <min>...<max> syntax
  to tell CMake that the project requires at least <min> but has been updated
  to work with policies introduced by <max> or earlier.
Call Stack (most recent call first):
  /opt/hostedtoolcache/ndk/r27c/x64/build/cmake/android.toolchain.cmake:55 (include)
  /home/runner/vcpkg/scripts/buildsystems/vcpkg.cmake:210 (include)
  /home/runner/work/zh-mobile/zh-mobile/build/android-arm64/CMakeFiles/3.31.6/CMakeSystem.cmake:6 (include)
  /home/runner/work/zh-mobile/zh-mobile/build/android-arm64/CMakeFiles/CMakeScratch/TryCompile-1FLpml/CMakeLists.txt:5 (project)


CMake Deprecation Warning at /opt/hostedtoolcache/ndk/r27c/x64/build/cmake/flags.cmake:18 (cmake_minimum_required):
  Compatibility with CMake < 3.10 will be removed from a future version of
  CMake.

  Update the VERSION argument <min> value.  Or, use the <min>...<max> syntax
  to tell CMake that the project requires at least <min> but has been updated
  to work with policies introduced by <max> or earlier.
Call Stack (most recent call first):
  /usr/local/share/cmake-3.31/Modules/Platform/Android-Clang.cmake:23 (include)
  /usr/local/share/cmake-3.31/Modules/Platform/Android-Clang-C.cmake:1 (include)
  /usr/local/share/cmake-3.31/Modules/CMakeCInformation.cmake:48 (include)
  /home/runner/work/zh-mobile/zh-mobile/build/android-arm64/CMakeFiles/CMakeScratch/TryCompile-1FLpml/CMakeLists.txt:5 (project)


-- Looking for asin - found
-- Looking for asinf
CMake Deprecation Warning at /opt/hostedtoolcache/ndk/r27c/x64/build/cmake/android.toolchain.cmake:35 (cmake_minimum_required):
  Compatibility with CMake < 3.10 will be removed from a future version of
  CMake.

  Update the VERSION argument <min> value.  Or, use the <min>...<max> syntax
  to tell CMake that the project requires at least <min> but has been updated
  to work with policies introduced by <max> or earlier.
Call Stack (most recent call first):
  /home/runner/vcpkg/scripts/buildsystems/vcpkg.cmake:210 (include)
  /home/runner/work/zh-mobile/zh-mobile/build/android-arm64/CMakeFiles/3.31.6/CMakeSystem.cmake:6 (include)
  /home/runner/work/zh-mobile/zh-mobile/build/android-arm64/CMakeFiles/CMakeScratch/TryCompile-HVGF5m/CMakeLists.txt:5 (project)


CMake Deprecation Warning at /opt/hostedtoolcache/ndk/r27c/x64/build/cmake/android-legacy.toolchain.cmake:35 (cmake_minimum_required):
  Compatibility with CMake < 3.10 will be removed from a future version of
  CMake.

  Update the VERSION argument <min> value.  Or, use the <min>...<max> syntax
  to tell CMake that the project requires at least <min> but has been updated
  to work with policies introduced by <max> or earlier.
Call Stack (most recent call first):
  /opt/hostedtoolcache/ndk/r27c/x64/build/cmake/android.toolchain.cmake:55 (include)
  /home/runner/vcpkg/scripts/buildsystems/vcpkg.cmake:210 (include)
  /home/runner/work/zh-mobile/zh-mobile/build/android-arm64/CMakeFiles/3.31.6/CMakeSystem.cmake:6 (include)
  /home/runner/work/zh-mobile/zh-mobile/build/android-arm64/CMakeFiles/CMakeScratch/TryCompile-HVGF5m/CMakeLists.txt:5 (project)


CMake Deprecation Warning at /opt/hostedtoolcache/ndk/r27c/x64/build/cmake/flags.cmake:18 (cmake_minimum_required):
  Compatibility with CMake < 3.10 will be removed from a future version of
  CMake.

  Update the VERSION argument <min> value.  Or, use the <min>...<max> syntax
  to tell CMake that the project requires at least <min> but has been updated
  to work with policies introduced by <max> or earlier.
Call Stack (most recent call first):
  /usr/local/share/cmake-3.31/Modules/Platform/Android-Clang.cmake:23 (include)
  /usr/local/share/cmake-3.31/Modules/Platform/Android-Clang-C.cmake:1 (include)
  /usr/local/share/cmake-3.31/Modules/CMakeCInformation.cmake:48 (include)
  /home/runner/work/zh-mobile/zh-mobile/build/android-arm64/CMakeFiles/CMakeScratch/TryCompile-HVGF5m/CMakeLists.txt:5 (project)


-- Looking for asinf - found
-- Looking for atan
CMake Deprecation Warning at /opt/hostedtoolcache/ndk/r27c/x64/build/cmake/android.toolchain.cmake:35 (cmake_minimum_required):
  Compatibility with CMake < 3.10 will be removed from a future version of
  CMake.

  Update the VERSION argument <min> value.  Or, use the <min>...<max> syntax
  to tell CMake that the project requires at least <min> but has been updated
  to work with policies introduced by <max> or earlier.
Call Stack (most recent call first):
  /home/runner/vcpkg/scripts/buildsystems/vcpkg.cmake:210 (include)
  /home/runner/work/zh-mobile/zh-mobile/build/android-arm64/CMakeFiles/3.31.6/CMakeSystem.cmake:6 (include)
  /home/runner/work/zh-mobile/zh-mobile/build/android-arm64/CMakeFiles/CMakeScratch/TryCompile-YDvrS6/CMakeLists.txt:5 (project)


CMake Deprecation Warning at /opt/hostedtoolcache/ndk/r27c/x64/build/cmake/android-legacy.toolchain.cmake:35 (cmake_minimum_required):
  Compatibility with CMake < 3.10 will be removed from a future version of
  CMake.

  Update the VERSION argument <min> value.  Or, use the <min>...<max> syntax
  to tell CMake that the project requires at least <min> but has been updated
  to work with policies introduced by <max> or earlier.
Call Stack (most recent call first):
  /opt/hostedtoolcache/ndk/r27c/x64/build/cmake/android.toolchain.cmake:55 (include)
  /home/runner/vcpkg/scripts/buildsystems/vcpkg.cmake:210 (include)
  /home/runner/work/zh-mobile/zh-mobile/build/android-arm64/CMakeFiles/3.31.6/CMakeSystem.cmake:6 (include)
  /home/runner/work/zh-mobile/zh-mobile/build/android-arm64/CMakeFiles/CMakeScratch/TryCompile-YDvrS6/CMakeLists.txt:5 (project)


CMake Deprecation Warning at /opt/hostedtoolcache/ndk/r27c/x64/build/cmake/flags.cmake:18 (cmake_minimum_required):
  Compatibility with CMake < 3.10 will be removed from a future version of
  CMake.

  Update the VERSION argument <min> value.  Or, use the <min>...<max> syntax
  to tell CMake that the project requires at least <min> but has been updated
  to work with policies introduced by <max> or earlier.
Call Stack (most recent call first):
  /usr/local/share/cmake-3.31/Modules/Platform/Android-Clang.cmake:23 (include)
  /usr/local/share/cmake-3.31/Modules/Platform/Android-Clang-C.cmake:1 (include)
  /usr/local/share/cmake-3.31/Modules/CMakeCInformation.cmake:48 (include)
  /home/runner/work/zh-mobile/zh-mobile/build/android-arm64/CMakeFiles/CMakeScratch/TryCompile-YDvrS6/CMakeLists.txt:5 (project)


-- Looking for atan - found
-- Looking for atan2
CMake Deprecation Warning at /opt/hostedtoolcache/ndk/r27c/x64/build/cmake/android.toolchain.cmake:35 (cmake_minimum_required):
  Compatibility with CMake < 3.10 will be removed from a future version of
  CMake.

  Update the VERSION argument <min> value.  Or, use the <min>...<max> syntax
  to tell CMake that the project requires at least <min> but has been updated
  to work with policies introduced by <max> or earlier.
Call Stack (most recent call first):
  /home/runner/vcpkg/scripts/buildsystems/vcpkg.cmake:210 (include)
  /home/runner/work/zh-mobile/zh-mobile/build/android-arm64/CMakeFiles/3.31.6/CMakeSystem.cmake:6 (include)
  /home/runner/work/zh-mobile/zh-mobile/build/android-arm64/CMakeFiles/CMakeScratch/TryCompile-GvFAZZ/CMakeLists.txt:5 (project)


CMake Deprecation Warning at /opt/hostedtoolcache/ndk/r27c/x64/build/cmake/android-legacy.toolchain.cmake:35 (cmake_minimum_required):
  Compatibility with CMake < 3.10 will be removed from a future version of
  CMake.

  Update the VERSION argument <min> value.  Or, use the <min>...<max> syntax
  to tell CMake that the project requires at least <min> but has been updated
  to work with policies introduced by <max> or earlier.
Call Stack (most recent call first):
  /opt/hostedtoolcache/ndk/r27c/x64/build/cmake/android.toolchain.cmake:55 (include)
  /home/runner/vcpkg/scripts/buildsystems/vcpkg.cmake:210 (include)
  /home/runner/work/zh-mobile/zh-mobile/build/android-arm64/CMakeFiles/3.31.6/CMakeSystem.cmake:6 (include)
  /home/runner/work/zh-mobile/zh-mobile/build/android-arm64/CMakeFiles/CMakeScratch/TryCompile-GvFAZZ/CMakeLists.txt:5 (project)


CMake Deprecation Warning at /opt/hostedtoolcache/ndk/r27c/x64/build/cmake/flags.cmake:18 (cmake_minimum_required):
  Compatibility with CMake < 3.10 will be removed from a future version of
  CMake.

  Update the VERSION argument <min> value.  Or, use the <min>...<max> syntax
  to tell CMake that the project requires at least <min> but has been updated
  to work with policies introduced by <max> or earlier.
Call Stack (most recent call first):
  /usr/local/share/cmake-3.31/Modules/Platform/Android-Clang.cmake:23 (include)
  /usr/local/share/cmake-3.31/Modules/Platform/Android-Clang-C.cmake:1 (include)
  /usr/local/share/cmake-3.31/Modules/CMakeCInformation.cmake:48 (include)
  /home/runner/work/zh-mobile/zh-mobile/build/android-arm64/CMakeFiles/CMakeScratch/TryCompile-GvFAZZ/CMakeLists.txt:5 (project)


-- Looking for atan2 - found
-- Looking for atan2f
CMake Deprecation Warning at /opt/hostedtoolcache/ndk/r27c/x64/build/cmake/android.toolchain.cmake:35 (cmake_minimum_required):
  Compatibility with CMake < 3.10 will be removed from a future version of
  CMake.

  Update the VERSION argument <min> value.  Or, use the <min>...<max> syntax
  to tell CMake that the project requires at least <min> but has been updated
  to work with policies introduced by <max> or earlier.
Call Stack (most recent call first):
  /home/runner/vcpkg/scripts/buildsystems/vcpkg.cmake:210 (include)
  /home/runner/work/zh-mobile/zh-mobile/build/android-arm64/CMakeFiles/3.31.6/CMakeSystem.cmake:6 (include)
  /home/runner/work/zh-mobile/zh-mobile/build/android-arm64/CMakeFiles/CMakeScratch/TryCompile-9tzpS0/CMakeLists.txt:5 (project)


CMake Deprecation Warning at /opt/hostedtoolcache/ndk/r27c/x64/build/cmake/android-legacy.toolchain.cmake:35 (cmake_minimum_required):
  Compatibility with CMake < 3.10 will be removed from a future version of
  CMake.

  Update the VERSION argument <min> value.  Or, use the <min>...<max> syntax
  to tell CMake that the project requires at least <min> but has been updated
  to work with policies introduced by <max> or earlier.
Call Stack (most recent call first):
  /opt/hostedtoolcache/ndk/r27c/x64/build/cmake/android.toolchain.cmake:55 (include)
  /home/runner/vcpkg/scripts/buildsystems/vcpkg.cmake:210 (include)
  /home/runner/work/zh-mobile/zh-mobile/build/android-arm64/CMakeFiles/3.31.6/CMakeSystem.cmake:6 (include)
  /home/runner/work/zh-mobile/zh-mobile/build/android-arm64/CMakeFiles/CMakeScratch/TryCompile-9tzpS0/CMakeLists.txt:5 (project)


CMake Deprecation Warning at /opt/hostedtoolcache/ndk/r27c/x64/build/cmake/flags.cmake:18 (cmake_minimum_required):
  Compatibility with CMake < 3.10 will be removed from a future version of
  CMake.

  Update the VERSION argument <min> value.  Or, use the <min>...<max> syntax
  to tell CMake that the project requires at least <min> but has been updated
  to work with policies introduced by <max> or earlier.
Call Stack (most recent call first):
  /usr/local/share/cmake-3.31/Modules/Platform/Android-Clang.cmake:23 (include)
  /usr/local/share/cmake-3.31/Modules/Platform/Android-Clang-C.cmake:1 (include)
  /usr/local/share/cmake-3.31/Modules/CMakeCInformation.cmake:48 (include)
  /home/runner/work/zh-mobile/zh-mobile/build/android-arm64/CMakeFiles/CMakeScratch/TryCompile-9tzpS0/CMakeLists.txt:5 (project)


-- Looking for atan2f - found
-- Looking for atanf
CMake Deprecation Warning at /opt/hostedtoolcache/ndk/r27c/x64/build/cmake/android.toolchain.cmake:35 (cmake_minimum_required):
  Compatibility with CMake < 3.10 will be removed from a future version of
  CMake.

  Update the VERSION argument <min> value.  Or, use the <min>...<max> syntax
  to tell CMake that the project requires at least <min> but has been updated
  to work with policies introduced by <max> or earlier.
Call Stack (most recent call first):
  /home/runner/vcpkg/scripts/buildsystems/vcpkg.cmake:210 (include)
  /home/runner/work/zh-mobile/zh-mobile/build/android-arm64/CMakeFiles/3.31.6/CMakeSystem.cmake:6 (include)
  /home/runner/work/zh-mobile/zh-mobile/build/android-arm64/CMakeFiles/CMakeScratch/TryCompile-UHoSwg/CMakeLists.txt:5 (project)


CMake Deprecation Warning at /opt/hostedtoolcache/ndk/r27c/x64/build/cmake/android-legacy.toolchain.cmake:35 (cmake_minimum_required):
  Compatibility with CMake < 3.10 will be removed from a future version of
  CMake.

  Update the VERSION argument <min> value.  Or, use the <min>...<max> syntax
  to tell CMake that the project requires at least <min> but has been updated
  to work with policies introduced by <max> or earlier.
Call Stack (most recent call first):
  /opt/hostedtoolcache/ndk/r27c/x64/build/cmake/android.toolchain.cmake:55 (include)
  /home/runner/vcpkg/scripts/buildsystems/vcpkg.cmake:210 (include)
  /home/runner/work/zh-mobile/zh-mobile/build/android-arm64/CMakeFiles/3.31.6/CMakeSystem.cmake:6 (include)
  /home/runner/work/zh-mobile/zh-mobile/build/android-arm64/CMakeFiles/CMakeScratch/TryCompile-UHoSwg/CMakeLists.txt:5 (project)


CMake Deprecation Warning at /opt/hostedtoolcache/ndk/r27c/x64/build/cmake/flags.cmake:18 (cmake_minimum_required):
  Compatibility with CMake < 3.10 will be removed from a future version of
  CMake.

  Update the VERSION argument <min> value.  Or, use the <min>...<max> syntax
  to tell CMake that the project requires at least <min> but has been updated
  to work with policies introduced by <max> or earlier.
Call Stack (most recent call first):
  /usr/local/share/cmake-3.31/Modules/Platform/Android-Clang.cmake:23 (include)
  /usr/local/share/cmake-3.31/Modules/Platform/Android-Clang-C.cmake:1 (include)
  /usr/local/share/cmake-3.31/Modules/CMakeCInformation.cmake:48 (include)
  /home/runner/work/zh-mobile/zh-mobile/build/android-arm64/CMakeFiles/CMakeScratch/TryCompile-UHoSwg/CMakeLists.txt:5 (project)


-- Looking for atanf - found
-- Looking for atof
CMake Deprecation Warning at /opt/hostedtoolcache/ndk/r27c/x64/build/cmake/android.toolchain.cmake:35 (cmake_minimum_required):
  Compatibility with CMake < 3.10 will be removed from a future version of
  CMake.

  Update the VERSION argument <min> value.  Or, use the <min>...<max> syntax
  to tell CMake that the project requires at least <min> but has been updated
  to work with policies introduced by <max> or earlier.
Call Stack (most recent call first):
  /home/runner/vcpkg/scripts/buildsystems/vcpkg.cmake:210 (include)
  /home/runner/work/zh-mobile/zh-mobile/build/android-arm64/CMakeFiles/3.31.6/CMakeSystem.cmake:6 (include)
  /home/runner/work/zh-mobile/zh-mobile/build/android-arm64/CMakeFiles/CMakeScratch/TryCompile-VJc3ZH/CMakeLists.txt:5 (project)


CMake Deprecation Warning at /opt/hostedtoolcache/ndk/r27c/x64/build/cmake/android-legacy.toolchain.cmake:35 (cmake_minimum_required):
  Compatibility with CMake < 3.10 will be removed from a future version of
  CMake.

  Update the VERSION argument <min> value.  Or, use the <min>...<max> syntax
  to tell CMake that the project requires at least <min> but has been updated
  to work with policies introduced by <max> or earlier.
Call Stack (most recent call first):
  /opt/hostedtoolcache/ndk/r27c/x64/build/cmake/android.toolchain.cmake:55 (include)
  /home/runner/vcpkg/scripts/buildsystems/vcpkg.cmake:210 (include)
  /home/runner/work/zh-mobile/zh-mobile/build/android-arm64/CMakeFiles/3.31.6/CMakeSystem.cmake:6 (include)
  /home/runner/work/zh-mobile/zh-mobile/build/android-arm64/CMakeFiles/CMakeScratch/TryCompile-VJc3ZH/CMakeLists.txt:5 (project)


CMake Deprecation Warning at /opt/hostedtoolcache/ndk/r27c/x64/build/cmake/flags.cmake:18 (cmake_minimum_required):
  Compatibility with CMake < 3.10 will be removed from a future version of
  CMake.

  Update the VERSION argument <min> value.  Or, use the <min>...<max> syntax
  to tell CMake that the project requires at least <min> but has been updated
  to work with policies introduced by <max> or earlier.
Call Stack (most recent call first):
  /usr/local/share/cmake-3.31/Modules/Platform/Android-Clang.cmake:23 (include)
  /usr/local/share/cmake-3.31/Modules/Platform/Android-Clang-C.cmake:1 (include)
  /usr/local/share/cmake-3.31/Modules/CMakeCInformation.cmake:48 (include)
  /home/runner/work/zh-mobile/zh-mobile/build/android-arm64/CMakeFiles/CMakeScratch/TryCompile-VJc3ZH/CMakeLists.txt:5 (project)


-- Looking for atof - found
-- Looking for atoi
CMake Deprecation Warning at /opt/hostedtoolcache/ndk/r27c/x64/build/cmake/android.toolchain.cmake:35 (cmake_minimum_required):
  Compatibility with CMake < 3.10 will be removed from a future version of
  CMake.

  Update the VERSION argument <min> value.  Or, use the <min>...<max> syntax
  to tell CMake that the project requires at least <min> but has been updated
  to work with policies introduced by <max> or earlier.
Call Stack (most recent call first):
  /home/runner/vcpkg/scripts/buildsystems/vcpkg.cmake:210 (include)
  /home/runner/work/zh-mobile/zh-mobile/build/android-arm64/CMakeFiles/3.31.6/CMakeSystem.cmake:6 (include)
  /home/runner/work/zh-mobile/zh-mobile/build/android-arm64/CMakeFiles/CMakeScratch/TryCompile-RbKg8w/CMakeLists.txt:5 (project)


CMake Deprecation Warning at /opt/hostedtoolcache/ndk/r27c/x64/build/cmake/android-legacy.toolchain.cmake:35 (cmake_minimum_required):
  Compatibility with CMake < 3.10 will be removed from a future version of
  CMake.

  Update the VERSION argument <min> value.  Or, use the <min>...<max> syntax
  to tell CMake that the project requires at least <min> but has been updated
  to work with policies introduced by <max> or earlier.
Call Stack (most recent call first):
  /opt/hostedtoolcache/ndk/r27c/x64/build/cmake/android.toolchain.cmake:55 (include)
  /home/runner/vcpkg/scripts/buildsystems/vcpkg.cmake:210 (include)
  /home/runner/work/zh-mobile/zh-mobile/build/android-arm64/CMakeFiles/3.31.6/CMakeSystem.cmake:6 (include)
  /home/runner/work/zh-mobile/zh-mobile/build/android-arm64/CMakeFiles/CMakeScratch/TryCompile-RbKg8w/CMakeLists.txt:5 (project)


CMake Deprecation Warning at /opt/hostedtoolcache/ndk/r27c/x64/build/cmake/flags.cmake:18 (cmake_minimum_required):
  Compatibility with CMake < 3.10 will be removed from a future version of
  CMake.

  Update the VERSION argument <min> value.  Or, use the <min>...<max> syntax
  to tell CMake that the project requires at least <min> but has been updated
  to work with policies introduced by <max> or earlier.
Call Stack (most recent call first):
  /usr/local/share/cmake-3.31/Modules/Platform/Android-Clang.cmake:23 (include)
  /usr/local/share/cmake-3.31/Modules/Platform/Android-Clang-C.cmake:1 (include)
  /usr/local/share/cmake-3.31/Modules/CMakeCInformation.cmake:48 (include)
  /home/runner/work/zh-mobile/zh-mobile/build/android-arm64/CMakeFiles/CMakeScratch/TryCompile-RbKg8w/CMakeLists.txt:5 (project)


-- Looking for atoi - found
-- Looking for bcopy
CMake Deprecation Warning at /opt/hostedtoolcache/ndk/r27c/x64/build/cmake/android.toolchain.cmake:35 (cmake_minimum_required):
  Compatibility with CMake < 3.10 will be removed from a future version of
  CMake.

  Update the VERSION argument <min> value.  Or, use the <min>...<max> syntax
  to tell CMake that the project requires at least <min> but has been updated
  to work with policies introduced by <max> or earlier.
Call Stack (most recent call first):
  /home/runner/vcpkg/scripts/buildsystems/vcpkg.cmake:210 (include)
  /home/runner/work/zh-mobile/zh-mobile/build/android-arm64/CMakeFiles/3.31.6/CMakeSystem.cmake:6 (include)
  /home/runner/work/zh-mobile/zh-mobile/build/android-arm64/CMakeFiles/CMakeScratch/TryCompile-cbbvGq/CMakeLists.txt:5 (project)


CMake Deprecation Warning at /opt/hostedtoolcache/ndk/r27c/x64/build/cmake/android-legacy.toolchain.cmake:35 (cmake_minimum_required):
  Compatibility with CMake < 3.10 will be removed from a future version of
  CMake.

  Update the VERSION argument <min> value.  Or, use the <min>...<max> syntax
  to tell CMake that the project requires at least <min> but has been updated
  to work with policies introduced by <max> or earlier.
Call Stack (most recent call first):
  /opt/hostedtoolcache/ndk/r27c/x64/build/cmake/android.toolchain.cmake:55 (include)
  /home/runner/vcpkg/scripts/buildsystems/vcpkg.cmake:210 (include)
  /home/runner/work/zh-mobile/zh-mobile/build/android-arm64/CMakeFiles/3.31.6/CMakeSystem.cmake:6 (include)
  /home/runner/work/zh-mobile/zh-mobile/build/android-arm64/CMakeFiles/CMakeScratch/TryCompile-cbbvGq/CMakeLists.txt:5 (project)


CMake Deprecation Warning at /opt/hostedtoolcache/ndk/r27c/x64/build/cmake/flags.cmake:18 (cmake_minimum_required):
  Compatibility with CMake < 3.10 will be removed from a future version of
  CMake.

  Update the VERSION argument <min> value.  Or, use the <min>...<max> syntax
  to tell CMake that the project requires at least <min> but has been updated
  to work with policies introduced by <max> or earlier.
Call Stack (most recent call first):
  /usr/local/share/cmake-3.31/Modules/Platform/Android-Clang.cmake:23 (include)
  /usr/local/share/cmake-3.31/Modules/Platform/Android-Clang-C.cmake:1 (include)
  /usr/local/share/cmake-3.31/Modules/CMakeCInformation.cmake:48 (include)
  /home/runner/work/zh-mobile/zh-mobile/build/android-arm64/CMakeFiles/CMakeScratch/TryCompile-cbbvGq/CMakeLists.txt:5 (project)


-- Looking for bcopy - found
-- Looking for ceil
CMake Deprecation Warning at /opt/hostedtoolcache/ndk/r27c/x64/build/cmake/android.toolchain.cmake:35 (cmake_minimum_required):
  Compatibility with CMake < 3.10 will be removed from a future version of
  CMake.

  Update the VERSION argument <min> value.  Or, use the <min>...<max> syntax
  to tell CMake that the project requires at least <min> but has been updated
  to work with policies introduced by <max> or earlier.
Call Stack (most recent call first):
  /home/runner/vcpkg/scripts/buildsystems/vcpkg.cmake:210 (include)
  /home/runner/work/zh-mobile/zh-mobile/build/android-arm64/CMakeFiles/3.31.6/CMakeSystem.cmake:6 (include)
  /home/runner/work/zh-mobile/zh-mobile/build/android-arm64/CMakeFiles/CMakeScratch/TryCompile-YsYkPq/CMakeLists.txt:5 (project)


CMake Deprecation Warning at /opt/hostedtoolcache/ndk/r27c/x64/build/cmake/android-legacy.toolchain.cmake:35 (cmake_minimum_required):
  Compatibility with CMake < 3.10 will be removed from a future version of
  CMake.

  Update the VERSION argument <min> value.  Or, use the <min>...<max> syntax
  to tell CMake that the project requires at least <min> but has been updated
  to work with policies introduced by <max> or earlier.
Call Stack (most recent call first):
  /opt/hostedtoolcache/ndk/r27c/x64/build/cmake/android.toolchain.cmake:55 (include)
  /home/runner/vcpkg/scripts/buildsystems/vcpkg.cmake:210 (include)
  /home/runner/work/zh-mobile/zh-mobile/build/android-arm64/CMakeFiles/3.31.6/CMakeSystem.cmake:6 (include)
  /home/runner/work/zh-mobile/zh-mobile/build/android-arm64/CMakeFiles/CMakeScratch/TryCompile-YsYkPq/CMakeLists.txt:5 (project)


CMake Deprecation Warning at /opt/hostedtoolcache/ndk/r27c/x64/build/cmake/flags.cmake:18 (cmake_minimum_required):
  Compatibility with CMake < 3.10 will be removed from a future version of
  CMake.

  Update the VERSION argument <min> value.  Or, use the <min>...<max> syntax
  to tell CMake that the project requires at least <min> but has been updated
  to work with policies introduced by <max> or earlier.
Call Stack (most recent call first):
  /usr/local/share/cmake-3.31/Modules/Platform/Android-Clang.cmake:23 (include)
  /usr/local/share/cmake-3.31/Modules/Platform/Android-Clang-C.cmake:1 (include)
  /usr/local/share/cmake-3.31/Modules/CMakeCInformation.cmake:48 (include)
  /home/runner/work/zh-mobile/zh-mobile/build/android-arm64/CMakeFiles/CMakeScratch/TryCompile-YsYkPq/CMakeLists.txt:5 (project)


-- Looking for ceil - found
-- Looking for ceilf
CMake Deprecation Warning at /opt/hostedtoolcache/ndk/r27c/x64/build/cmake/android.toolchain.cmake:35 (cmake_minimum_required):
  Compatibility with CMake < 3.10 will be removed from a future version of
  CMake.

  Update the VERSION argument <min> value.  Or, use the <min>...<max> syntax
  to tell CMake that the project requires at least <min> but has been updated
  to work with policies introduced by <max> or earlier.
Call Stack (most recent call first):
  /home/runner/vcpkg/scripts/buildsystems/vcpkg.cmake:210 (include)
  /home/runner/work/zh-mobile/zh-mobile/build/android-arm64/CMakeFiles/3.31.6/CMakeSystem.cmake:6 (include)
  /home/runner/work/zh-mobile/zh-mobile/build/android-arm64/CMakeFiles/CMakeScratch/TryCompile-oc9kUg/CMakeLists.txt:5 (project)


CMake Deprecation Warning at /opt/hostedtoolcache/ndk/r27c/x64/build/cmake/android-legacy.toolchain.cmake:35 (cmake_minimum_required):
  Compatibility with CMake < 3.10 will be removed from a future version of
  CMake.

  Update the VERSION argument <min> value.  Or, use the <min>...<max> syntax
  to tell CMake that the project requires at least <min> but has been updated
  to work with policies introduced by <max> or earlier.
Call Stack (most recent call first):
  /opt/hostedtoolcache/ndk/r27c/x64/build/cmake/android.toolchain.cmake:55 (include)
  /home/runner/vcpkg/scripts/buildsystems/vcpkg.cmake:210 (include)
  /home/runner/work/zh-mobile/zh-mobile/build/android-arm64/CMakeFiles/3.31.6/CMakeSystem.cmake:6 (include)
  /home/runner/work/zh-mobile/zh-mobile/build/android-arm64/CMakeFiles/CMakeScratch/TryCompile-oc9kUg/CMakeLists.txt:5 (project)


CMake Deprecation Warning at /opt/hostedtoolcache/ndk/r27c/x64/build/cmake/flags.cmake:18 (cmake_minimum_required):
  Compatibility with CMake < 3.10 will be removed from a future version of
  CMake.

  Update the VERSION argument <min> value.  Or, use the <min>...<max> syntax
  to tell CMake that the project requires at least <min> but has been updated
  to work with policies introduced by <max> or earlier.
Call Stack (most recent call first):
  /usr/local/share/cmake-3.31/Modules/Platform/Android-Clang.cmake:23 (include)
  /usr/local/share/cmake-3.31/Modules/Platform/Android-Clang-C.cmake:1 (include)
  /usr/local/share/cmake-3.31/Modules/CMakeCInformation.cmake:48 (include)
  /home/runner/work/zh-mobile/zh-mobile/build/android-arm64/CMakeFiles/CMakeScratch/TryCompile-oc9kUg/CMakeLists.txt:5 (project)


-- Looking for ceilf - found
-- Looking for copysign
CMake Deprecation Warning at /opt/hostedtoolcache/ndk/r27c/x64/build/cmake/android.toolchain.cmake:35 (cmake_minimum_required):
  Compatibility with CMake < 3.10 will be removed from a future version of
  CMake.

  Update the VERSION argument <min> value.  Or, use the <min>...<max> syntax
  to tell CMake that the project requires at least <min> but has been updated
  to work with policies introduced by <max> or earlier.
Call Stack (most recent call first):
  /home/runner/vcpkg/scripts/buildsystems/vcpkg.cmake:210 (include)
  /home/runner/work/zh-mobile/zh-mobile/build/android-arm64/CMakeFiles/3.31.6/CMakeSystem.cmake:6 (include)
  /home/runner/work/zh-mobile/zh-mobile/build/android-arm64/CMakeFiles/CMakeScratch/TryCompile-bowqkX/CMakeLists.txt:5 (project)


CMake Deprecation Warning at /opt/hostedtoolcache/ndk/r27c/x64/build/cmake/android-legacy.toolchain.cmake:35 (cmake_minimum_required):
  Compatibility with CMake < 3.10 will be removed from a future version of
  CMake.

  Update the VERSION argument <min> value.  Or, use the <min>...<max> syntax
  to tell CMake that the project requires at least <min> but has been updated
  to work with policies introduced by <max> or earlier.
Call Stack (most recent call first):
  /opt/hostedtoolcache/ndk/r27c/x64/build/cmake/android.toolchain.cmake:55 (include)
  /home/runner/vcpkg/scripts/buildsystems/vcpkg.cmake:210 (include)
  /home/runner/work/zh-mobile/zh-mobile/build/android-arm64/CMakeFiles/3.31.6/CMakeSystem.cmake:6 (include)
  /home/runner/work/zh-mobile/zh-mobile/build/android-arm64/CMakeFiles/CMakeScratch/TryCompile-bowqkX/CMakeLists.txt:5 (project)


CMake Deprecation Warning at /opt/hostedtoolcache/ndk/r27c/x64/build/cmake/flags.cmake:18 (cmake_minimum_required):
  Compatibility with CMake < 3.10 will be removed from a future version of
  CMake.

  Update the VERSION argument <min> value.  Or, use the <min>...<max> syntax
  to tell CMake that the project requires at least <min> but has been updated
  to work with policies introduced by <max> or earlier.
Call Stack (most recent call first):
  /usr/local/share/cmake-3.31/Modules/Platform/Android-Clang.cmake:23 (include)
  /usr/local/share/cmake-3.31/Modules/Platform/Android-Clang-C.cmake:1 (include)
  /usr/local/share/cmake-3.31/Modules/CMakeCInformation.cmake:48 (include)
  /home/runner/work/zh-mobile/zh-mobile/build/android-arm64/CMakeFiles/CMakeScratch/TryCompile-bowqkX/CMakeLists.txt:5 (project)


-- Looking for copysign - found
-- Looking for copysignf
CMake Deprecation Warning at /opt/hostedtoolcache/ndk/r27c/x64/build/cmake/android.toolchain.cmake:35 (cmake_minimum_required):
  Compatibility with CMake < 3.10 will be removed from a future version of
  CMake.

  Update the VERSION argument <min> value.  Or, use the <min>...<max> syntax
  to tell CMake that the project requires at least <min> but has been updated
  to work with policies introduced by <max> or earlier.
Call Stack (most recent call first):
  /home/runner/vcpkg/scripts/buildsystems/vcpkg.cmake:210 (include)
  /home/runner/work/zh-mobile/zh-mobile/build/android-arm64/CMakeFiles/3.31.6/CMakeSystem.cmake:6 (include)
  /home/runner/work/zh-mobile/zh-mobile/build/android-arm64/CMakeFiles/CMakeScratch/TryCompile-JzNXfU/CMakeLists.txt:5 (project)


CMake Deprecation Warning at /opt/hostedtoolcache/ndk/r27c/x64/build/cmake/android-legacy.toolchain.cmake:35 (cmake_minimum_required):
  Compatibility with CMake < 3.10 will be removed from a future version of
  CMake.

  Update the VERSION argument <min> value.  Or, use the <min>...<max> syntax
  to tell CMake that the project requires at least <min> but has been updated
  to work with policies introduced by <max> or earlier.
Call Stack (most recent call first):
  /opt/hostedtoolcache/ndk/r27c/x64/build/cmake/android.toolchain.cmake:55 (include)
  /home/runner/vcpkg/scripts/buildsystems/vcpkg.cmake:210 (include)
  /home/runner/work/zh-mobile/zh-mobile/build/android-arm64/CMakeFiles/3.31.6/CMakeSystem.cmake:6 (include)
  /home/runner/work/zh-mobile/zh-mobile/build/android-arm64/CMakeFiles/CMakeScratch/TryCompile-JzNXfU/CMakeLists.txt:5 (project)


CMake Deprecation Warning at /opt/hostedtoolcache/ndk/r27c/x64/build/cmake/flags.cmake:18 (cmake_minimum_required):
  Compatibility with CMake < 3.10 will be removed from a future version of
  CMake.

  Update the VERSION argument <min> value.  Or, use the <min>...<max> syntax
  to tell CMake that the project requires at least <min> but has been updated
  to work with policies introduced by <max> or earlier.
Call Stack (most recent call first):
  /usr/local/share/cmake-3.31/Modules/Platform/Android-Clang.cmake:23 (include)
  /usr/local/share/cmake-3.31/Modules/Platform/Android-Clang-C.cmake:1 (include)
  /usr/local/share/cmake-3.31/Modules/CMakeCInformation.cmake:48 (include)
  /home/runner/work/zh-mobile/zh-mobile/build/android-arm64/CMakeFiles/CMakeScratch/TryCompile-JzNXfU/CMakeLists.txt:5 (project)


-- Looking for copysignf - found
-- Looking for cos
CMake Deprecation Warning at /opt/hostedtoolcache/ndk/r27c/x64/build/cmake/android.toolchain.cmake:35 (cmake_minimum_required):
  Compatibility with CMake < 3.10 will be removed from a future version of
  CMake.

  Update the VERSION argument <min> value.  Or, use the <min>...<max> syntax
  to tell CMake that the project requires at least <min> but has been updated
  to work with policies introduced by <max> or earlier.
Call Stack (most recent call first):
  /home/runner/vcpkg/scripts/buildsystems/vcpkg.cmake:210 (include)
  /home/runner/work/zh-mobile/zh-mobile/build/android-arm64/CMakeFiles/3.31.6/CMakeSystem.cmake:6 (include)
  /home/runner/work/zh-mobile/zh-mobile/build/android-arm64/CMakeFiles/CMakeScratch/TryCompile-mfSRYM/CMakeLists.txt:5 (project)


CMake Deprecation Warning at /opt/hostedtoolcache/ndk/r27c/x64/build/cmake/android-legacy.toolchain.cmake:35 (cmake_minimum_required):
  Compatibility with CMake < 3.10 will be removed from a future version of
  CMake.

  Update the VERSION argument <min> value.  Or, use the <min>...<max> syntax
  to tell CMake that the project requires at least <min> but has been updated
  to work with policies introduced by <max> or earlier.
Call Stack (most recent call first):
  /opt/hostedtoolcache/ndk/r27c/x64/build/cmake/android.toolchain.cmake:55 (include)
  /home/runner/vcpkg/scripts/buildsystems/vcpkg.cmake:210 (include)
  /home/runner/work/zh-mobile/zh-mobile/build/android-arm64/CMakeFiles/3.31.6/CMakeSystem.cmake:6 (include)
  /home/runner/work/zh-mobile/zh-mobile/build/android-arm64/CMakeFiles/CMakeScratch/TryCompile-mfSRYM/CMakeLists.txt:5 (project)


CMake Deprecation Warning at /opt/hostedtoolcache/ndk/r27c/x64/build/cmake/flags.cmake:18 (cmake_minimum_required):
  Compatibility with CMake < 3.10 will be removed from a future version of
  CMake.

  Update the VERSION argument <min> value.  Or, use the <min>...<max> syntax
  to tell CMake that the project requires at least <min> but has been updated
  to work with policies introduced by <max> or earlier.
Call Stack (most recent call first):
  /usr/local/share/cmake-3.31/Modules/Platform/Android-Clang.cmake:23 (include)
  /usr/local/share/cmake-3.31/Modules/Platform/Android-Clang-C.cmake:1 (include)
  /usr/local/share/cmake-3.31/Modules/CMakeCInformation.cmake:48 (include)
  /home/runner/work/zh-mobile/zh-mobile/build/android-arm64/CMakeFiles/CMakeScratch/TryCompile-mfSRYM/CMakeLists.txt:5 (project)


-- Looking for cos - found
-- Looking for cosf
CMake Deprecation Warning at /opt/hostedtoolcache/ndk/r27c/x64/build/cmake/android.toolchain.cmake:35 (cmake_minimum_required):
  Compatibility with CMake < 3.10 will be removed from a future version of
  CMake.

  Update the VERSION argument <min> value.  Or, use the <min>...<max> syntax
  to tell CMake that the project requires at least <min> but has been updated
  to work with policies introduced by <max> or earlier.
Call Stack (most recent call first):
  /home/runner/vcpkg/scripts/buildsystems/vcpkg.cmake:210 (include)
  /home/runner/work/zh-mobile/zh-mobile/build/android-arm64/CMakeFiles/3.31.6/CMakeSystem.cmake:6 (include)
  /home/runner/work/zh-mobile/zh-mobile/build/android-arm64/CMakeFiles/CMakeScratch/TryCompile-etAZbn/CMakeLists.txt:5 (project)


CMake Deprecation Warning at /opt/hostedtoolcache/ndk/r27c/x64/build/cmake/android-legacy.toolchain.cmake:35 (cmake_minimum_required):
  Compatibility with CMake < 3.10 will be removed from a future version of
  CMake.

  Update the VERSION argument <min> value.  Or, use the <min>...<max> syntax
  to tell CMake that the project requires at least <min> but has been updated
  to work with policies introduced by <max> or earlier.
Call Stack (most recent call first):
  /opt/hostedtoolcache/ndk/r27c/x64/build/cmake/android.toolchain.cmake:55 (include)
  /home/runner/vcpkg/scripts/buildsystems/vcpkg.cmake:210 (include)
  /home/runner/work/zh-mobile/zh-mobile/build/android-arm64/CMakeFiles/3.31.6/CMakeSystem.cmake:6 (include)
  /home/runner/work/zh-mobile/zh-mobile/build/android-arm64/CMakeFiles/CMakeScratch/TryCompile-etAZbn/CMakeLists.txt:5 (project)


CMake Deprecation Warning at /opt/hostedtoolcache/ndk/r27c/x64/build/cmake/flags.cmake:18 (cmake_minimum_required):
  Compatibility with CMake < 3.10 will be removed from a future version of
  CMake.

  Update the VERSION argument <min> value.  Or, use the <min>...<max> syntax
  to tell CMake that the project requires at least <min> but has been updated
  to work with policies introduced by <max> or earlier.
Call Stack (most recent call first):
  /usr/local/share/cmake-3.31/Modules/Platform/Android-Clang.cmake:23 (include)
  /usr/local/share/cmake-3.31/Modules/Platform/Android-Clang-C.cmake:1 (include)
  /usr/local/share/cmake-3.31/Modules/CMakeCInformation.cmake:48 (include)
  /home/runner/work/zh-mobile/zh-mobile/build/android-arm64/CMakeFiles/CMakeScratch/TryCompile-etAZbn/CMakeLists.txt:5 (project)


-- Looking for cosf - found
-- Looking for _Exit
CMake Deprecation Warning at /opt/hostedtoolcache/ndk/r27c/x64/build/cmake/android.toolchain.cmake:35 (cmake_minimum_required):
  Compatibility with CMake < 3.10 will be removed from a future version of
  CMake.

  Update the VERSION argument <min> value.  Or, use the <min>...<max> syntax
  to tell CMake that the project requires at least <min> but has been updated
  to work with policies introduced by <max> or earlier.
Call Stack (most recent call first):
  /home/runner/vcpkg/scripts/buildsystems/vcpkg.cmake:210 (include)
  /home/runner/work/zh-mobile/zh-mobile/build/android-arm64/CMakeFiles/3.31.6/CMakeSystem.cmake:6 (include)
  /home/runner/work/zh-mobile/zh-mobile/build/android-arm64/CMakeFiles/CMakeScratch/TryCompile-jRmTjp/CMakeLists.txt:5 (project)


CMake Deprecation Warning at /opt/hostedtoolcache/ndk/r27c/x64/build/cmake/android-legacy.toolchain.cmake:35 (cmake_minimum_required):
  Compatibility with CMake < 3.10 will be removed from a future version of
  CMake.

  Update the VERSION argument <min> value.  Or, use the <min>...<max> syntax
  to tell CMake that the project requires at least <min> but has been updated
  to work with policies introduced by <max> or earlier.
Call Stack (most recent call first):
  /opt/hostedtoolcache/ndk/r27c/x64/build/cmake/android.toolchain.cmake:55 (include)
  /home/runner/vcpkg/scripts/buildsystems/vcpkg.cmake:210 (include)
  /home/runner/work/zh-mobile/zh-mobile/build/android-arm64/CMakeFiles/3.31.6/CMakeSystem.cmake:6 (include)
  /home/runner/work/zh-mobile/zh-mobile/build/android-arm64/CMakeFiles/CMakeScratch/TryCompile-jRmTjp/CMakeLists.txt:5 (project)


CMake Deprecation Warning at /opt/hostedtoolcache/ndk/r27c/x64/build/cmake/flags.cmake:18 (cmake_minimum_required):
  Compatibility with CMake < 3.10 will be removed from a future version of
  CMake.

  Update the VERSION argument <min> value.  Or, use the <min>...<max> syntax
  to tell CMake that the project requires at least <min> but has been updated
  to work with policies introduced by <max> or earlier.
Call Stack (most recent call first):
  /usr/local/share/cmake-3.31/Modules/Platform/Android-Clang.cmake:23 (include)
  /usr/local/share/cmake-3.31/Modules/Platform/Android-Clang-C.cmake:1 (include)
  /usr/local/share/cmake-3.31/Modules/CMakeCInformation.cmake:48 (include)
  /home/runner/work/zh-mobile/zh-mobile/build/android-arm64/CMakeFiles/CMakeScratch/TryCompile-jRmTjp/CMakeLists.txt:5 (project)


-- Looking for _Exit - found
-- Looking for exp
CMake Deprecation Warning at /opt/hostedtoolcache/ndk/r27c/x64/build/cmake/android.toolchain.cmake:35 (cmake_minimum_required):
  Compatibility with CMake < 3.10 will be removed from a future version of
  CMake.

  Update the VERSION argument <min> value.  Or, use the <min>...<max> syntax
  to tell CMake that the project requires at least <min> but has been updated
  to work with policies introduced by <max> or earlier.
Call Stack (most recent call first):
  /home/runner/vcpkg/scripts/buildsystems/vcpkg.cmake:210 (include)
  /home/runner/work/zh-mobile/zh-mobile/build/android-arm64/CMakeFiles/3.31.6/CMakeSystem.cmake:6 (include)
  /home/runner/work/zh-mobile/zh-mobile/build/android-arm64/CMakeFiles/CMakeScratch/TryCompile-PazuQQ/CMakeLists.txt:5 (project)


CMake Deprecation Warning at /opt/hostedtoolcache/ndk/r27c/x64/build/cmake/android-legacy.toolchain.cmake:35 (cmake_minimum_required):
  Compatibility with CMake < 3.10 will be removed from a future version of
  CMake.

  Update the VERSION argument <min> value.  Or, use the <min>...<max> syntax
  to tell CMake that the project requires at least <min> but has been updated
  to work with policies introduced by <max> or earlier.
Call Stack (most recent call first):
  /opt/hostedtoolcache/ndk/r27c/x64/build/cmake/android.toolchain.cmake:55 (include)
  /home/runner/vcpkg/scripts/buildsystems/vcpkg.cmake:210 (include)
  /home/runner/work/zh-mobile/zh-mobile/build/android-arm64/CMakeFiles/3.31.6/CMakeSystem.cmake:6 (include)
  /home/runner/work/zh-mobile/zh-mobile/build/android-arm64/CMakeFiles/CMakeScratch/TryCompile-PazuQQ/CMakeLists.txt:5 (project)


CMake Deprecation Warning at /opt/hostedtoolcache/ndk/r27c/x64/build/cmake/flags.cmake:18 (cmake_minimum_required):
  Compatibility with CMake < 3.10 will be removed from a future version of
  CMake.

  Update the VERSION argument <min> value.  Or, use the <min>...<max> syntax
  to tell CMake that the project requires at least <min> but has been updated
  to work with policies introduced by <max> or earlier.
Call Stack (most recent call first):
  /usr/local/share/cmake-3.31/Modules/Platform/Android-Clang.cmake:23 (include)
  /usr/local/share/cmake-3.31/Modules/Platform/Android-Clang-C.cmake:1 (include)
  /usr/local/share/cmake-3.31/Modules/CMakeCInformation.cmake:48 (include)
  /home/runner/work/zh-mobile/zh-mobile/build/android-arm64/CMakeFiles/CMakeScratch/TryCompile-PazuQQ/CMakeLists.txt:5 (project)


-- Looking for exp - found
-- Looking for expf
CMake Deprecation Warning at /opt/hostedtoolcache/ndk/r27c/x64/build/cmake/android.toolchain.cmake:35 (cmake_minimum_required):
  Compatibility with CMake < 3.10 will be removed from a future version of
  CMake.

  Update the VERSION argument <min> value.  Or, use the <min>...<max> syntax
  to tell CMake that the project requires at least <min> but has been updated
  to work with policies introduced by <max> or earlier.
Call Stack (most recent call first):
  /home/runner/vcpkg/scripts/buildsystems/vcpkg.cmake:210 (include)
  /home/runner/work/zh-mobile/zh-mobile/build/android-arm64/CMakeFiles/3.31.6/CMakeSystem.cmake:6 (include)
  /home/runner/work/zh-mobile/zh-mobile/build/android-arm64/CMakeFiles/CMakeScratch/TryCompile-x0bjHH/CMakeLists.txt:5 (project)


CMake Deprecation Warning at /opt/hostedtoolcache/ndk/r27c/x64/build/cmake/android-legacy.toolchain.cmake:35 (cmake_minimum_required):
  Compatibility with CMake < 3.10 will be removed from a future version of
  CMake.

  Update the VERSION argument <min> value.  Or, use the <min>...<max> syntax
  to tell CMake that the project requires at least <min> but has been updated
  to work with policies introduced by <max> or earlier.
Call Stack (most recent call first):
  /opt/hostedtoolcache/ndk/r27c/x64/build/cmake/android.toolchain.cmake:55 (include)
  /home/runner/vcpkg/scripts/buildsystems/vcpkg.cmake:210 (include)
  /home/runner/work/zh-mobile/zh-mobile/build/android-arm64/CMakeFiles/3.31.6/CMakeSystem.cmake:6 (include)
  /home/runner/work/zh-mobile/zh-mobile/build/android-arm64/CMakeFiles/CMakeScratch/TryCompile-x0bjHH/CMakeLists.txt:5 (project)


CMake Deprecation Warning at /opt/hostedtoolcache/ndk/r27c/x64/build/cmake/flags.cmake:18 (cmake_minimum_required):
  Compatibility with CMake < 3.10 will be removed from a future version of
  CMake.

  Update the VERSION argument <min> value.  Or, use the <min>...<max> syntax
  to tell CMake that the project requires at least <min> but has been updated
  to work with policies introduced by <max> or earlier.
Call Stack (most recent call first):
  /usr/local/share/cmake-3.31/Modules/Platform/Android-Clang.cmake:23 (include)
  /usr/local/share/cmake-3.31/Modules/Platform/Android-Clang-C.cmake:1 (include)
  /usr/local/share/cmake-3.31/Modules/CMakeCInformation.cmake:48 (include)
  /home/runner/work/zh-mobile/zh-mobile/build/android-arm64/CMakeFiles/CMakeScratch/TryCompile-x0bjHH/CMakeLists.txt:5 (project)


-- Looking for expf - found
-- Looking for fabs
CMake Deprecation Warning at /opt/hostedtoolcache/ndk/r27c/x64/build/cmake/android.toolchain.cmake:35 (cmake_minimum_required):
  Compatibility with CMake < 3.10 will be removed from a future version of
  CMake.

  Update the VERSION argument <min> value.  Or, use the <min>...<max> syntax
  to tell CMake that the project requires at least <min> but has been updated
  to work with policies introduced by <max> or earlier.
Call Stack (most recent call first):
  /home/runner/vcpkg/scripts/buildsystems/vcpkg.cmake:210 (include)
  /home/runner/work/zh-mobile/zh-mobile/build/android-arm64/CMakeFiles/3.31.6/CMakeSystem.cmake:6 (include)
  /home/runner/work/zh-mobile/zh-mobile/build/android-arm64/CMakeFiles/CMakeScratch/TryCompile-ZeNY4k/CMakeLists.txt:5 (project)


CMake Deprecation Warning at /opt/hostedtoolcache/ndk/r27c/x64/build/cmake/android-legacy.toolchain.cmake:35 (cmake_minimum_required):
  Compatibility with CMake < 3.10 will be removed from a future version of
  CMake.

  Update the VERSION argument <min> value.  Or, use the <min>...<max> syntax
  to tell CMake that the project requires at least <min> but has been updated
  to work with policies introduced by <max> or earlier.
Call Stack (most recent call first):
  /opt/hostedtoolcache/ndk/r27c/x64/build/cmake/android.toolchain.cmake:55 (include)
  /home/runner/vcpkg/scripts/buildsystems/vcpkg.cmake:210 (include)
  /home/runner/work/zh-mobile/zh-mobile/build/android-arm64/CMakeFiles/3.31.6/CMakeSystem.cmake:6 (include)
  /home/runner/work/zh-mobile/zh-mobile/build/android-arm64/CMakeFiles/CMakeScratch/TryCompile-ZeNY4k/CMakeLists.txt:5 (project)


CMake Deprecation Warning at /opt/hostedtoolcache/ndk/r27c/x64/build/cmake/flags.cmake:18 (cmake_minimum_required):
  Compatibility with CMake < 3.10 will be removed from a future version of
  CMake.

  Update the VERSION argument <min> value.  Or, use the <min>...<max> syntax
  to tell CMake that the project requires at least <min> but has been updated
  to work with policies introduced by <max> or earlier.
Call Stack (most recent call first):
  /usr/local/share/cmake-3.31/Modules/Platform/Android-Clang.cmake:23 (include)
  /usr/local/share/cmake-3.31/Modules/Platform/Android-Clang-C.cmake:1 (include)
  /usr/local/share/cmake-3.31/Modules/CMakeCInformation.cmake:48 (include)
  /home/runner/work/zh-mobile/zh-mobile/build/android-arm64/CMakeFiles/CMakeScratch/TryCompile-ZeNY4k/CMakeLists.txt:5 (project)


-- Looking for fabs - found
-- Looking for fabsf
CMake Deprecation Warning at /opt/hostedtoolcache/ndk/r27c/x64/build/cmake/android.toolchain.cmake:35 (cmake_minimum_required):
  Compatibility with CMake < 3.10 will be removed from a future version of
  CMake.

  Update the VERSION argument <min> value.  Or, use the <min>...<max> syntax
  to tell CMake that the project requires at least <min> but has been updated
  to work with policies introduced by <max> or earlier.
Call Stack (most recent call first):
  /home/runner/vcpkg/scripts/buildsystems/vcpkg.cmake:210 (include)
  /home/runner/work/zh-mobile/zh-mobile/build/android-arm64/CMakeFiles/3.31.6/CMakeSystem.cmake:6 (include)
  /home/runner/work/zh-mobile/zh-mobile/build/android-arm64/CMakeFiles/CMakeScratch/TryCompile-eF2Vct/CMakeLists.txt:5 (project)


CMake Deprecation Warning at /opt/hostedtoolcache/ndk/r27c/x64/build/cmake/android-legacy.toolchain.cmake:35 (cmake_minimum_required):
  Compatibility with CMake < 3.10 will be removed from a future version of
  CMake.

  Update the VERSION argument <min> value.  Or, use the <min>...<max> syntax
  to tell CMake that the project requires at least <min> but has been updated
  to work with policies introduced by <max> or earlier.
Call Stack (most recent call first):
  /opt/hostedtoolcache/ndk/r27c/x64/build/cmake/android.toolchain.cmake:55 (include)
  /home/runner/vcpkg/scripts/buildsystems/vcpkg.cmake:210 (include)
  /home/runner/work/zh-mobile/zh-mobile/build/android-arm64/CMakeFiles/3.31.6/CMakeSystem.cmake:6 (include)
  /home/runner/work/zh-mobile/zh-mobile/build/android-arm64/CMakeFiles/CMakeScratch/TryCompile-eF2Vct/CMakeLists.txt:5 (project)


CMake Deprecation Warning at /opt/hostedtoolcache/ndk/r27c/x64/build/cmake/flags.cmake:18 (cmake_minimum_required):
  Compatibility with CMake < 3.10 will be removed from a future version of
  CMake.

  Update the VERSION argument <min> value.  Or, use the <min>...<max> syntax
  to tell CMake that the project requires at least <min> but has been updated
  to work with policies introduced by <max> or earlier.
Call Stack (most recent call first):
  /usr/local/share/cmake-3.31/Modules/Platform/Android-Clang.cmake:23 (include)
  /usr/local/share/cmake-3.31/Modules/Platform/Android-Clang-C.cmake:1 (include)
  /usr/local/share/cmake-3.31/Modules/CMakeCInformation.cmake:48 (include)
  /home/runner/work/zh-mobile/zh-mobile/build/android-arm64/CMakeFiles/CMakeScratch/TryCompile-eF2Vct/CMakeLists.txt:5 (project)


-- Looking for fabsf - found
-- Looking for floor
CMake Deprecation Warning at /opt/hostedtoolcache/ndk/r27c/x64/build/cmake/android.toolchain.cmake:35 (cmake_minimum_required):
  Compatibility with CMake < 3.10 will be removed from a future version of
  CMake.

  Update the VERSION argument <min> value.  Or, use the <min>...<max> syntax
  to tell CMake that the project requires at least <min> but has been updated
  to work with policies introduced by <max> or earlier.
Call Stack (most recent call first):
  /home/runner/vcpkg/scripts/buildsystems/vcpkg.cmake:210 (include)
  /home/runner/work/zh-mobile/zh-mobile/build/android-arm64/CMakeFiles/3.31.6/CMakeSystem.cmake:6 (include)
  /home/runner/work/zh-mobile/zh-mobile/build/android-arm64/CMakeFiles/CMakeScratch/TryCompile-lriuLb/CMakeLists.txt:5 (project)


CMake Deprecation Warning at /opt/hostedtoolcache/ndk/r27c/x64/build/cmake/android-legacy.toolchain.cmake:35 (cmake_minimum_required):
  Compatibility with CMake < 3.10 will be removed from a future version of
  CMake.

  Update the VERSION argument <min> value.  Or, use the <min>...<max> syntax
  to tell CMake that the project requires at least <min> but has been updated
  to work with policies introduced by <max> or earlier.
Call Stack (most recent call first):
  /opt/hostedtoolcache/ndk/r27c/x64/build/cmake/android.toolchain.cmake:55 (include)
  /home/runner/vcpkg/scripts/buildsystems/vcpkg.cmake:210 (include)
  /home/runner/work/zh-mobile/zh-mobile/build/android-arm64/CMakeFiles/3.31.6/CMakeSystem.cmake:6 (include)
  /home/runner/work/zh-mobile/zh-mobile/build/android-arm64/CMakeFiles/CMakeScratch/TryCompile-lriuLb/CMakeLists.txt:5 (project)


CMake Deprecation Warning at /opt/hostedtoolcache/ndk/r27c/x64/build/cmake/flags.cmake:18 (cmake_minimum_required):
  Compatibility with CMake < 3.10 will be removed from a future version of
  CMake.

  Update the VERSION argument <min> value.  Or, use the <min>...<max> syntax
  to tell CMake that the project requires at least <min> but has been updated
  to work with policies introduced by <max> or earlier.
Call Stack (most recent call first):
  /usr/local/share/cmake-3.31/Modules/Platform/Android-Clang.cmake:23 (include)
  /usr/local/share/cmake-3.31/Modules/Platform/Android-Clang-C.cmake:1 (include)
  /usr/local/share/cmake-3.31/Modules/CMakeCInformation.cmake:48 (include)
  /home/runner/work/zh-mobile/zh-mobile/build/android-arm64/CMakeFiles/CMakeScratch/TryCompile-lriuLb/CMakeLists.txt:5 (project)


-- Looking for floor - found
-- Looking for floorf
CMake Deprecation Warning at /opt/hostedtoolcache/ndk/r27c/x64/build/cmake/android.toolchain.cmake:35 (cmake_minimum_required):
  Compatibility with CMake < 3.10 will be removed from a future version of
  CMake.

  Update the VERSION argument <min> value.  Or, use the <min>...<max> syntax
  to tell CMake that the project requires at least <min> but has been updated
  to work with policies introduced by <max> or earlier.
Call Stack (most recent call first):
  /home/runner/vcpkg/scripts/buildsystems/vcpkg.cmake:210 (include)
  /home/runner/work/zh-mobile/zh-mobile/build/android-arm64/CMakeFiles/3.31.6/CMakeSystem.cmake:6 (include)
  /home/runner/work/zh-mobile/zh-mobile/build/android-arm64/CMakeFiles/CMakeScratch/TryCompile-a9hl4v/CMakeLists.txt:5 (project)


CMake Deprecation Warning at /opt/hostedtoolcache/ndk/r27c/x64/build/cmake/android-legacy.toolchain.cmake:35 (cmake_minimum_required):
  Compatibility with CMake < 3.10 will be removed from a future version of
  CMake.

  Update the VERSION argument <min> value.  Or, use the <min>...<max> syntax
  to tell CMake that the project requires at least <min> but has been updated
  to work with policies introduced by <max> or earlier.
Call Stack (most recent call first):
  /opt/hostedtoolcache/ndk/r27c/x64/build/cmake/android.toolchain.cmake:55 (include)
  /home/runner/vcpkg/scripts/buildsystems/vcpkg.cmake:210 (include)
  /home/runner/work/zh-mobile/zh-mobile/build/android-arm64/CMakeFiles/3.31.6/CMakeSystem.cmake:6 (include)
  /home/runner/work/zh-mobile/zh-mobile/build/android-arm64/CMakeFiles/CMakeScratch/TryCompile-a9hl4v/CMakeLists.txt:5 (project)


CMake Deprecation Warning at /opt/hostedtoolcache/ndk/r27c/x64/build/cmake/flags.cmake:18 (cmake_minimum_required):
  Compatibility with CMake < 3.10 will be removed from a future version of
  CMake.

  Update the VERSION argument <min> value.  Or, use the <min>...<max> syntax
  to tell CMake that the project requires at least <min> but has been updated
  to work with policies introduced by <max> or earlier.
Call Stack (most recent call first):
  /usr/local/share/cmake-3.31/Modules/Platform/Android-Clang.cmake:23 (include)
  /usr/local/share/cmake-3.31/Modules/Platform/Android-Clang-C.cmake:1 (include)
  /usr/local/share/cmake-3.31/Modules/CMakeCInformation.cmake:48 (include)
  /home/runner/work/zh-mobile/zh-mobile/build/android-arm64/CMakeFiles/CMakeScratch/TryCompile-a9hl4v/CMakeLists.txt:5 (project)


-- Looking for floorf - found
-- Looking for fmod
CMake Deprecation Warning at /opt/hostedtoolcache/ndk/r27c/x64/build/cmake/android.toolchain.cmake:35 (cmake_minimum_required):
  Compatibility with CMake < 3.10 will be removed from a future version of
  CMake.

  Update the VERSION argument <min> value.  Or, use the <min>...<max> syntax
  to tell CMake that the project requires at least <min> but has been updated
  to work with policies introduced by <max> or earlier.
Call Stack (most recent call first):
  /home/runner/vcpkg/scripts/buildsystems/vcpkg.cmake:210 (include)
  /home/runner/work/zh-mobile/zh-mobile/build/android-arm64/CMakeFiles/3.31.6/CMakeSystem.cmake:6 (include)
  /home/runner/work/zh-mobile/zh-mobile/build/android-arm64/CMakeFiles/CMakeScratch/TryCompile-QJSGvW/CMakeLists.txt:5 (project)


CMake Deprecation Warning at /opt/hostedtoolcache/ndk/r27c/x64/build/cmake/android-legacy.toolchain.cmake:35 (cmake_minimum_required):
  Compatibility with CMake < 3.10 will be removed from a future version of
  CMake.

  Update the VERSION argument <min> value.  Or, use the <min>...<max> syntax
  to tell CMake that the project requires at least <min> but has been updated
  to work with policies introduced by <max> or earlier.
Call Stack (most recent call first):
  /opt/hostedtoolcache/ndk/r27c/x64/build/cmake/android.toolchain.cmake:55 (include)
  /home/runner/vcpkg/scripts/buildsystems/vcpkg.cmake:210 (include)
  /home/runner/work/zh-mobile/zh-mobile/build/android-arm64/CMakeFiles/3.31.6/CMakeSystem.cmake:6 (include)
  /home/runner/work/zh-mobile/zh-mobile/build/android-arm64/CMakeFiles/CMakeScratch/TryCompile-QJSGvW/CMakeLists.txt:5 (project)


CMake Deprecation Warning at /opt/hostedtoolcache/ndk/r27c/x64/build/cmake/flags.cmake:18 (cmake_minimum_required):
  Compatibility with CMake < 3.10 will be removed from a future version of
  CMake.

  Update the VERSION argument <min> value.  Or, use the <min>...<max> syntax
  to tell CMake that the project requires at least <min> but has been updated
  to work with policies introduced by <max> or earlier.
Call Stack (most recent call first):
  /usr/local/share/cmake-3.31/Modules/Platform/Android-Clang.cmake:23 (include)
  /usr/local/share/cmake-3.31/Modules/Platform/Android-Clang-C.cmake:1 (include)
  /usr/local/share/cmake-3.31/Modules/CMakeCInformation.cmake:48 (include)
  /home/runner/work/zh-mobile/zh-mobile/build/android-arm64/CMakeFiles/CMakeScratch/TryCompile-QJSGvW/CMakeLists.txt:5 (project)


-- Looking for fmod - found
-- Looking for fmodf
CMake Deprecation Warning at /opt/hostedtoolcache/ndk/r27c/x64/build/cmake/android.toolchain.cmake:35 (cmake_minimum_required):
  Compatibility with CMake < 3.10 will be removed from a future version of
  CMake.

  Update the VERSION argument <min> value.  Or, use the <min>...<max> syntax
  to tell CMake that the project requires at least <min> but has been updated
  to work with policies introduced by <max> or earlier.
Call Stack (most recent call first):
  /home/runner/vcpkg/scripts/buildsystems/vcpkg.cmake:210 (include)
  /home/runner/work/zh-mobile/zh-mobile/build/android-arm64/CMakeFiles/3.31.6/CMakeSystem.cmake:6 (include)
  /home/runner/work/zh-mobile/zh-mobile/build/android-arm64/CMakeFiles/CMakeScratch/TryCompile-M6e5mw/CMakeLists.txt:5 (project)


CMake Deprecation Warning at /opt/hostedtoolcache/ndk/r27c/x64/build/cmake/android-legacy.toolchain.cmake:35 (cmake_minimum_required):
  Compatibility with CMake < 3.10 will be removed from a future version of
  CMake.

  Update the VERSION argument <min> value.  Or, use the <min>...<max> syntax
  to tell CMake that the project requires at least <min> but has been updated
  to work with policies introduced by <max> or earlier.
Call Stack (most recent call first):
  /opt/hostedtoolcache/ndk/r27c/x64/build/cmake/android.toolchain.cmake:55 (include)
  /home/runner/vcpkg/scripts/buildsystems/vcpkg.cmake:210 (include)
  /home/runner/work/zh-mobile/zh-mobile/build/android-arm64/CMakeFiles/3.31.6/CMakeSystem.cmake:6 (include)
  /home/runner/work/zh-mobile/zh-mobile/build/android-arm64/CMakeFiles/CMakeScratch/TryCompile-M6e5mw/CMakeLists.txt:5 (project)


CMake Deprecation Warning at /opt/hostedtoolcache/ndk/r27c/x64/build/cmake/flags.cmake:18 (cmake_minimum_required):
  Compatibility with CMake < 3.10 will be removed from a future version of
  CMake.

  Update the VERSION argument <min> value.  Or, use the <min>...<max> syntax
  to tell CMake that the project requires at least <min> but has been updated
  to work with policies introduced by <max> or earlier.
Call Stack (most recent call first):
  /usr/local/share/cmake-3.31/Modules/Platform/Android-Clang.cmake:23 (include)
  /usr/local/share/cmake-3.31/Modules/Platform/Android-Clang-C.cmake:1 (include)
  /usr/local/share/cmake-3.31/Modules/CMakeCInformation.cmake:48 (include)
  /home/runner/work/zh-mobile/zh-mobile/build/android-arm64/CMakeFiles/CMakeScratch/TryCompile-M6e5mw/CMakeLists.txt:5 (project)


-- Looking for fmodf - found
-- Looking for fopen64
CMake Deprecation Warning at /opt/hostedtoolcache/ndk/r27c/x64/build/cmake/android.toolchain.cmake:35 (cmake_minimum_required):
  Compatibility with CMake < 3.10 will be removed from a future version of
  CMake.

  Update the VERSION argument <min> value.  Or, use the <min>...<max> syntax
  to tell CMake that the project requires at least <min> but has been updated
  to work with policies introduced by <max> or earlier.
Call Stack (most recent call first):
  /home/runner/vcpkg/scripts/buildsystems/vcpkg.cmake:210 (include)
  /home/runner/work/zh-mobile/zh-mobile/build/android-arm64/CMakeFiles/3.31.6/CMakeSystem.cmake:6 (include)
  /home/runner/work/zh-mobile/zh-mobile/build/android-arm64/CMakeFiles/CMakeScratch/TryCompile-VFCx10/CMakeLists.txt:5 (project)


CMake Deprecation Warning at /opt/hostedtoolcache/ndk/r27c/x64/build/cmake/android-legacy.toolchain.cmake:35 (cmake_minimum_required):
  Compatibility with CMake < 3.10 will be removed from a future version of
  CMake.

  Update the VERSION argument <min> value.  Or, use the <min>...<max> syntax
  to tell CMake that the project requires at least <min> but has been updated
  to work with policies introduced by <max> or earlier.
Call Stack (most recent call first):
  /opt/hostedtoolcache/ndk/r27c/x64/build/cmake/android.toolchain.cmake:55 (include)
  /home/runner/vcpkg/scripts/buildsystems/vcpkg.cmake:210 (include)
  /home/runner/work/zh-mobile/zh-mobile/build/android-arm64/CMakeFiles/3.31.6/CMakeSystem.cmake:6 (include)
  /home/runner/work/zh-mobile/zh-mobile/build/android-arm64/CMakeFiles/CMakeScratch/TryCompile-VFCx10/CMakeLists.txt:5 (project)


CMake Deprecation Warning at /opt/hostedtoolcache/ndk/r27c/x64/build/cmake/flags.cmake:18 (cmake_minimum_required):
  Compatibility with CMake < 3.10 will be removed from a future version of
  CMake.

  Update the VERSION argument <min> value.  Or, use the <min>...<max> syntax
  to tell CMake that the project requires at least <min> but has been updated
  to work with policies introduced by <max> or earlier.
Call Stack (most recent call first):
  /usr/local/share/cmake-3.31/Modules/Platform/Android-Clang.cmake:23 (include)
  /usr/local/share/cmake-3.31/Modules/Platform/Android-Clang-C.cmake:1 (include)
  /usr/local/share/cmake-3.31/Modules/CMakeCInformation.cmake:48 (include)
  /home/runner/work/zh-mobile/zh-mobile/build/android-arm64/CMakeFiles/CMakeScratch/TryCompile-VFCx10/CMakeLists.txt:5 (project)


-- Looking for fopen64 - found
-- Looking for fseeko
CMake Deprecation Warning at /opt/hostedtoolcache/ndk/r27c/x64/build/cmake/android.toolchain.cmake:35 (cmake_minimum_required):
  Compatibility with CMake < 3.10 will be removed from a future version of
  CMake.

  Update the VERSION argument <min> value.  Or, use the <min>...<max> syntax
  to tell CMake that the project requires at least <min> but has been updated
  to work with policies introduced by <max> or earlier.
Call Stack (most recent call first):
  /home/runner/vcpkg/scripts/buildsystems/vcpkg.cmake:210 (include)
  /home/runner/work/zh-mobile/zh-mobile/build/android-arm64/CMakeFiles/3.31.6/CMakeSystem.cmake:6 (include)
  /home/runner/work/zh-mobile/zh-mobile/build/android-arm64/CMakeFiles/CMakeScratch/TryCompile-mGlgti/CMakeLists.txt:5 (project)


CMake Deprecation Warning at /opt/hostedtoolcache/ndk/r27c/x64/build/cmake/android-legacy.toolchain.cmake:35 (cmake_minimum_required):
  Compatibility with CMake < 3.10 will be removed from a future version of
  CMake.

  Update the VERSION argument <min> value.  Or, use the <min>...<max> syntax
  to tell CMake that the project requires at least <min> but has been updated
  to work with policies introduced by <max> or earlier.
Call Stack (most recent call first):
  /opt/hostedtoolcache/ndk/r27c/x64/build/cmake/android.toolchain.cmake:55 (include)
  /home/runner/vcpkg/scripts/buildsystems/vcpkg.cmake:210 (include)
  /home/runner/work/zh-mobile/zh-mobile/build/android-arm64/CMakeFiles/3.31.6/CMakeSystem.cmake:6 (include)
  /home/runner/work/zh-mobile/zh-mobile/build/android-arm64/CMakeFiles/CMakeScratch/TryCompile-mGlgti/CMakeLists.txt:5 (project)


CMake Deprecation Warning at /opt/hostedtoolcache/ndk/r27c/x64/build/cmake/flags.cmake:18 (cmake_minimum_required):
  Compatibility with CMake < 3.10 will be removed from a future version of
  CMake.

  Update the VERSION argument <min> value.  Or, use the <min>...<max> syntax
  to tell CMake that the project requires at least <min> but has been updated
  to work with policies introduced by <max> or earlier.
Call Stack (most recent call first):
  /usr/local/share/cmake-3.31/Modules/Platform/Android-Clang.cmake:23 (include)
  /usr/local/share/cmake-3.31/Modules/Platform/Android-Clang-C.cmake:1 (include)
  /usr/local/share/cmake-3.31/Modules/CMakeCInformation.cmake:48 (include)
  /home/runner/work/zh-mobile/zh-mobile/build/android-arm64/CMakeFiles/CMakeScratch/TryCompile-mGlgti/CMakeLists.txt:5 (project)


-- Looking for fseeko - found
-- Looking for fseeko64
CMake Deprecation Warning at /opt/hostedtoolcache/ndk/r27c/x64/build/cmake/android.toolchain.cmake:35 (cmake_minimum_required):
  Compatibility with CMake < 3.10 will be removed from a future version of
  CMake.

  Update the VERSION argument <min> value.  Or, use the <min>...<max> syntax
  to tell CMake that the project requires at least <min> but has been updated
  to work with policies introduced by <max> or earlier.
Call Stack (most recent call first):
  /home/runner/vcpkg/scripts/buildsystems/vcpkg.cmake:210 (include)
  /home/runner/work/zh-mobile/zh-mobile/build/android-arm64/CMakeFiles/3.31.6/CMakeSystem.cmake:6 (include)
  /home/runner/work/zh-mobile/zh-mobile/build/android-arm64/CMakeFiles/CMakeScratch/TryCompile-KxXLdS/CMakeLists.txt:5 (project)


CMake Deprecation Warning at /opt/hostedtoolcache/ndk/r27c/x64/build/cmake/android-legacy.toolchain.cmake:35 (cmake_minimum_required):
  Compatibility with CMake < 3.10 will be removed from a future version of
  CMake.

  Update the VERSION argument <min> value.  Or, use the <min>...<max> syntax
  to tell CMake that the project requires at least <min> but has been updated
  to work with policies introduced by <max> or earlier.
Call Stack (most recent call first):
  /opt/hostedtoolcache/ndk/r27c/x64/build/cmake/android.toolchain.cmake:55 (include)
  /home/runner/vcpkg/scripts/buildsystems/vcpkg.cmake:210 (include)
  /home/runner/work/zh-mobile/zh-mobile/build/android-arm64/CMakeFiles/3.31.6/CMakeSystem.cmake:6 (include)
  /home/runner/work/zh-mobile/zh-mobile/build/android-arm64/CMakeFiles/CMakeScratch/TryCompile-KxXLdS/CMakeLists.txt:5 (project)


CMake Deprecation Warning at /opt/hostedtoolcache/ndk/r27c/x64/build/cmake/flags.cmake:18 (cmake_minimum_required):
  Compatibility with CMake < 3.10 will be removed from a future version of
  CMake.

  Update the VERSION argument <min> value.  Or, use the <min>...<max> syntax
  to tell CMake that the project requires at least <min> but has been updated
  to work with policies introduced by <max> or earlier.
Call Stack (most recent call first):
  /usr/local/share/cmake-3.31/Modules/Platform/Android-Clang.cmake:23 (include)
  /usr/local/share/cmake-3.31/Modules/Platform/Android-Clang-C.cmake:1 (include)
  /usr/local/share/cmake-3.31/Modules/CMakeCInformation.cmake:48 (include)
  /home/runner/work/zh-mobile/zh-mobile/build/android-arm64/CMakeFiles/CMakeScratch/TryCompile-KxXLdS/CMakeLists.txt:5 (project)


-- Looking for fseeko64 - found
-- Looking for getenv
CMake Deprecation Warning at /opt/hostedtoolcache/ndk/r27c/x64/build/cmake/android.toolchain.cmake:35 (cmake_minimum_required):
  Compatibility with CMake < 3.10 will be removed from a future version of
  CMake.

  Update the VERSION argument <min> value.  Or, use the <min>...<max> syntax
  to tell CMake that the project requires at least <min> but has been updated
  to work with policies introduced by <max> or earlier.
Call Stack (most recent call first):
  /home/runner/vcpkg/scripts/buildsystems/vcpkg.cmake:210 (include)
  /home/runner/work/zh-mobile/zh-mobile/build/android-arm64/CMakeFiles/3.31.6/CMakeSystem.cmake:6 (include)
  /home/runner/work/zh-mobile/zh-mobile/build/android-arm64/CMakeFiles/CMakeScratch/TryCompile-NYn48o/CMakeLists.txt:5 (project)


CMake Deprecation Warning at /opt/hostedtoolcache/ndk/r27c/x64/build/cmake/android-legacy.toolchain.cmake:35 (cmake_minimum_required):
  Compatibility with CMake < 3.10 will be removed from a future version of
  CMake.

  Update the VERSION argument <min> value.  Or, use the <min>...<max> syntax
  to tell CMake that the project requires at least <min> but has been updated
  to work with policies introduced by <max> or earlier.
Call Stack (most recent call first):
  /opt/hostedtoolcache/ndk/r27c/x64/build/cmake/android.toolchain.cmake:55 (include)
  /home/runner/vcpkg/scripts/buildsystems/vcpkg.cmake:210 (include)
  /home/runner/work/zh-mobile/zh-mobile/build/android-arm64/CMakeFiles/3.31.6/CMakeSystem.cmake:6 (include)
  /home/runner/work/zh-mobile/zh-mobile/build/android-arm64/CMakeFiles/CMakeScratch/TryCompile-NYn48o/CMakeLists.txt:5 (project)


CMake Deprecation Warning at /opt/hostedtoolcache/ndk/r27c/x64/build/cmake/flags.cmake:18 (cmake_minimum_required):
  Compatibility with CMake < 3.10 will be removed from a future version of
  CMake.

  Update the VERSION argument <min> value.  Or, use the <min>...<max> syntax
  to tell CMake that the project requires at least <min> but has been updated
  to work with policies introduced by <max> or earlier.
Call Stack (most recent call first):
  /usr/local/share/cmake-3.31/Modules/Platform/Android-Clang.cmake:23 (include)
  /usr/local/share/cmake-3.31/Modules/Platform/Android-Clang-C.cmake:1 (include)
  /usr/local/share/cmake-3.31/Modules/CMakeCInformation.cmake:48 (include)
  /home/runner/work/zh-mobile/zh-mobile/build/android-arm64/CMakeFiles/CMakeScratch/TryCompile-NYn48o/CMakeLists.txt:5 (project)


-- Looking for getenv - found
-- Looking for _i64toa
CMake Deprecation Warning at /opt/hostedtoolcache/ndk/r27c/x64/build/cmake/android.toolchain.cmake:35 (cmake_minimum_required):
  Compatibility with CMake < 3.10 will be removed from a future version of
  CMake.

  Update the VERSION argument <min> value.  Or, use the <min>...<max> syntax
  to tell CMake that the project requires at least <min> but has been updated
  to work with policies introduced by <max> or earlier.
Call Stack (most recent call first):
  /home/runner/vcpkg/scripts/buildsystems/vcpkg.cmake:210 (include)
  /home/runner/work/zh-mobile/zh-mobile/build/android-arm64/CMakeFiles/3.31.6/CMakeSystem.cmake:6 (include)
  /home/runner/work/zh-mobile/zh-mobile/build/android-arm64/CMakeFiles/CMakeScratch/TryCompile-UlJLkf/CMakeLists.txt:5 (project)


CMake Deprecation Warning at /opt/hostedtoolcache/ndk/r27c/x64/build/cmake/android-legacy.toolchain.cmake:35 (cmake_minimum_required):
  Compatibility with CMake < 3.10 will be removed from a future version of
  CMake.

  Update the VERSION argument <min> value.  Or, use the <min>...<max> syntax
  to tell CMake that the project requires at least <min> but has been updated
  to work with policies introduced by <max> or earlier.
Call Stack (most recent call first):
  /opt/hostedtoolcache/ndk/r27c/x64/build/cmake/android.toolchain.cmake:55 (include)
  /home/runner/vcpkg/scripts/buildsystems/vcpkg.cmake:210 (include)
  /home/runner/work/zh-mobile/zh-mobile/build/android-arm64/CMakeFiles/3.31.6/CMakeSystem.cmake:6 (include)
  /home/runner/work/zh-mobile/zh-mobile/build/android-arm64/CMakeFiles/CMakeScratch/TryCompile-UlJLkf/CMakeLists.txt:5 (project)


CMake Deprecation Warning at /opt/hostedtoolcache/ndk/r27c/x64/build/cmake/flags.cmake:18 (cmake_minimum_required):
  Compatibility with CMake < 3.10 will be removed from a future version of
  CMake.

  Update the VERSION argument <min> value.  Or, use the <min>...<max> syntax
  to tell CMake that the project requires at least <min> but has been updated
  to work with policies introduced by <max> or earlier.
Call Stack (most recent call first):
  /usr/local/share/cmake-3.31/Modules/Platform/Android-Clang.cmake:23 (include)
  /usr/local/share/cmake-3.31/Modules/Platform/Android-Clang-C.cmake:1 (include)
  /usr/local/share/cmake-3.31/Modules/CMakeCInformation.cmake:48 (include)
  /home/runner/work/zh-mobile/zh-mobile/build/android-arm64/CMakeFiles/CMakeScratch/TryCompile-UlJLkf/CMakeLists.txt:5 (project)


-- Looking for _i64toa - not found
-- Looking for index
CMake Deprecation Warning at /opt/hostedtoolcache/ndk/r27c/x64/build/cmake/android.toolchain.cmake:35 (cmake_minimum_required):
  Compatibility with CMake < 3.10 will be removed from a future version of
  CMake.

  Update the VERSION argument <min> value.  Or, use the <min>...<max> syntax
  to tell CMake that the project requires at least <min> but has been updated
  to work with policies introduced by <max> or earlier.
Call Stack (most recent call first):
  /home/runner/vcpkg/scripts/buildsystems/vcpkg.cmake:210 (include)
  /home/runner/work/zh-mobile/zh-mobile/build/android-arm64/CMakeFiles/3.31.6/CMakeSystem.cmake:6 (include)
  /home/runner/work/zh-mobile/zh-mobile/build/android-arm64/CMakeFiles/CMakeScratch/TryCompile-igGRes/CMakeLists.txt:5 (project)


CMake Deprecation Warning at /opt/hostedtoolcache/ndk/r27c/x64/build/cmake/android-legacy.toolchain.cmake:35 (cmake_minimum_required):
  Compatibility with CMake < 3.10 will be removed from a future version of
  CMake.

  Update the VERSION argument <min> value.  Or, use the <min>...<max> syntax
  to tell CMake that the project requires at least <min> but has been updated
  to work with policies introduced by <max> or earlier.
Call Stack (most recent call first):
  /opt/hostedtoolcache/ndk/r27c/x64/build/cmake/android.toolchain.cmake:55 (include)
  /home/runner/vcpkg/scripts/buildsystems/vcpkg.cmake:210 (include)
  /home/runner/work/zh-mobile/zh-mobile/build/android-arm64/CMakeFiles/3.31.6/CMakeSystem.cmake:6 (include)
  /home/runner/work/zh-mobile/zh-mobile/build/android-arm64/CMakeFiles/CMakeScratch/TryCompile-igGRes/CMakeLists.txt:5 (project)


CMake Deprecation Warning at /opt/hostedtoolcache/ndk/r27c/x64/build/cmake/flags.cmake:18 (cmake_minimum_required):
  Compatibility with CMake < 3.10 will be removed from a future version of
  CMake.

  Update the VERSION argument <min> value.  Or, use the <min>...<max> syntax
  to tell CMake that the project requires at least <min> but has been updated
  to work with policies introduced by <max> or earlier.
Call Stack (most recent call first):
  /usr/local/share/cmake-3.31/Modules/Platform/Android-Clang.cmake:23 (include)
  /usr/local/share/cmake-3.31/Modules/Platform/Android-Clang-C.cmake:1 (include)
  /usr/local/share/cmake-3.31/Modules/CMakeCInformation.cmake:48 (include)
  /home/runner/work/zh-mobile/zh-mobile/build/android-arm64/CMakeFiles/CMakeScratch/TryCompile-igGRes/CMakeLists.txt:5 (project)


-- Looking for index - not found
-- Looking for itoa
CMake Deprecation Warning at /opt/hostedtoolcache/ndk/r27c/x64/build/cmake/android.toolchain.cmake:35 (cmake_minimum_required):
  Compatibility with CMake < 3.10 will be removed from a future version of
  CMake.

  Update the VERSION argument <min> value.  Or, use the <min>...<max> syntax
  to tell CMake that the project requires at least <min> but has been updated
  to work with policies introduced by <max> or earlier.
Call Stack (most recent call first):
  /home/runner/vcpkg/scripts/buildsystems/vcpkg.cmake:210 (include)
  /home/runner/work/zh-mobile/zh-mobile/build/android-arm64/CMakeFiles/3.31.6/CMakeSystem.cmake:6 (include)
  /home/runner/work/zh-mobile/zh-mobile/build/android-arm64/CMakeFiles/CMakeScratch/TryCompile-IFcQml/CMakeLists.txt:5 (project)


CMake Deprecation Warning at /opt/hostedtoolcache/ndk/r27c/x64/build/cmake/android-legacy.toolchain.cmake:35 (cmake_minimum_required):
  Compatibility with CMake < 3.10 will be removed from a future version of
  CMake.

  Update the VERSION argument <min> value.  Or, use the <min>...<max> syntax
  to tell CMake that the project requires at least <min> but has been updated
  to work with policies introduced by <max> or earlier.
Call Stack (most recent call first):
  /opt/hostedtoolcache/ndk/r27c/x64/build/cmake/android.toolchain.cmake:55 (include)
  /home/runner/vcpkg/scripts/buildsystems/vcpkg.cmake:210 (include)
  /home/runner/work/zh-mobile/zh-mobile/build/android-arm64/CMakeFiles/3.31.6/CMakeSystem.cmake:6 (include)
  /home/runner/work/zh-mobile/zh-mobile/build/android-arm64/CMakeFiles/CMakeScratch/TryCompile-IFcQml/CMakeLists.txt:5 (project)


CMake Deprecation Warning at /opt/hostedtoolcache/ndk/r27c/x64/build/cmake/flags.cmake:18 (cmake_minimum_required):
  Compatibility with CMake < 3.10 will be removed from a future version of
  CMake.

  Update the VERSION argument <min> value.  Or, use the <min>...<max> syntax
  to tell CMake that the project requires at least <min> but has been updated
  to work with policies introduced by <max> or earlier.
Call Stack (most recent call first):
  /usr/local/share/cmake-3.31/Modules/Platform/Android-Clang.cmake:23 (include)
  /usr/local/share/cmake-3.31/Modules/Platform/Android-Clang-C.cmake:1 (include)
  /usr/local/share/cmake-3.31/Modules/CMakeCInformation.cmake:48 (include)
  /home/runner/work/zh-mobile/zh-mobile/build/android-arm64/CMakeFiles/CMakeScratch/TryCompile-IFcQml/CMakeLists.txt:5 (project)


-- Looking for itoa - not found
-- Looking for log
CMake Deprecation Warning at /opt/hostedtoolcache/ndk/r27c/x64/build/cmake/android.toolchain.cmake:35 (cmake_minimum_required):
  Compatibility with CMake < 3.10 will be removed from a future version of
  CMake.

  Update the VERSION argument <min> value.  Or, use the <min>...<max> syntax
  to tell CMake that the project requires at least <min> but has been updated
  to work with policies introduced by <max> or earlier.
Call Stack (most recent call first):
  /home/runner/vcpkg/scripts/buildsystems/vcpkg.cmake:210 (include)
  /home/runner/work/zh-mobile/zh-mobile/build/android-arm64/CMakeFiles/3.31.6/CMakeSystem.cmake:6 (include)
  /home/runner/work/zh-mobile/zh-mobile/build/android-arm64/CMakeFiles/CMakeScratch/TryCompile-zmj17g/CMakeLists.txt:5 (project)


CMake Deprecation Warning at /opt/hostedtoolcache/ndk/r27c/x64/build/cmake/android-legacy.toolchain.cmake:35 (cmake_minimum_required):
  Compatibility with CMake < 3.10 will be removed from a future version of
  CMake.

  Update the VERSION argument <min> value.  Or, use the <min>...<max> syntax
  to tell CMake that the project requires at least <min> but has been updated
  to work with policies introduced by <max> or earlier.
Call Stack (most recent call first):
  /opt/hostedtoolcache/ndk/r27c/x64/build/cmake/android.toolchain.cmake:55 (include)
  /home/runner/vcpkg/scripts/buildsystems/vcpkg.cmake:210 (include)
  /home/runner/work/zh-mobile/zh-mobile/build/android-arm64/CMakeFiles/3.31.6/CMakeSystem.cmake:6 (include)
  /home/runner/work/zh-mobile/zh-mobile/build/android-arm64/CMakeFiles/CMakeScratch/TryCompile-zmj17g/CMakeLists.txt:5 (project)


CMake Deprecation Warning at /opt/hostedtoolcache/ndk/r27c/x64/build/cmake/flags.cmake:18 (cmake_minimum_required):
  Compatibility with CMake < 3.10 will be removed from a future version of
  CMake.

  Update the VERSION argument <min> value.  Or, use the <min>...<max> syntax
  to tell CMake that the project requires at least <min> but has been updated
  to work with policies introduced by <max> or earlier.
Call Stack (most recent call first):
  /usr/local/share/cmake-3.31/Modules/Platform/Android-Clang.cmake:23 (include)
  /usr/local/share/cmake-3.31/Modules/Platform/Android-Clang-C.cmake:1 (include)
  /usr/local/share/cmake-3.31/Modules/CMakeCInformation.cmake:48 (include)
  /home/runner/work/zh-mobile/zh-mobile/build/android-arm64/CMakeFiles/CMakeScratch/TryCompile-zmj17g/CMakeLists.txt:5 (project)


-- Looking for log - found
-- Looking for log10
CMake Deprecation Warning at /opt/hostedtoolcache/ndk/r27c/x64/build/cmake/android.toolchain.cmake:35 (cmake_minimum_required):
  Compatibility with CMake < 3.10 will be removed from a future version of
  CMake.

  Update the VERSION argument <min> value.  Or, use the <min>...<max> syntax
  to tell CMake that the project requires at least <min> but has been updated
  to work with policies introduced by <max> or earlier.
Call Stack (most recent call first):
  /home/runner/vcpkg/scripts/buildsystems/vcpkg.cmake:210 (include)
  /home/runner/work/zh-mobile/zh-mobile/build/android-arm64/CMakeFiles/3.31.6/CMakeSystem.cmake:6 (include)
  /home/runner/work/zh-mobile/zh-mobile/build/android-arm64/CMakeFiles/CMakeScratch/TryCompile-Mo5n4J/CMakeLists.txt:5 (project)


CMake Deprecation Warning at /opt/hostedtoolcache/ndk/r27c/x64/build/cmake/android-legacy.toolchain.cmake:35 (cmake_minimum_required):
  Compatibility with CMake < 3.10 will be removed from a future version of
  CMake.

  Update the VERSION argument <min> value.  Or, use the <min>...<max> syntax
  to tell CMake that the project requires at least <min> but has been updated
  to work with policies introduced by <max> or earlier.
Call Stack (most recent call first):
  /opt/hostedtoolcache/ndk/r27c/x64/build/cmake/android.toolchain.cmake:55 (include)
  /home/runner/vcpkg/scripts/buildsystems/vcpkg.cmake:210 (include)
  /home/runner/work/zh-mobile/zh-mobile/build/android-arm64/CMakeFiles/3.31.6/CMakeSystem.cmake:6 (include)
  /home/runner/work/zh-mobile/zh-mobile/build/android-arm64/CMakeFiles/CMakeScratch/TryCompile-Mo5n4J/CMakeLists.txt:5 (project)


CMake Deprecation Warning at /opt/hostedtoolcache/ndk/r27c/x64/build/cmake/flags.cmake:18 (cmake_minimum_required):
  Compatibility with CMake < 3.10 will be removed from a future version of
  CMake.

  Update the VERSION argument <min> value.  Or, use the <min>...<max> syntax
  to tell CMake that the project requires at least <min> but has been updated
  to work with policies introduced by <max> or earlier.
Call Stack (most recent call first):
  /usr/local/share/cmake-3.31/Modules/Platform/Android-Clang.cmake:23 (include)
  /usr/local/share/cmake-3.31/Modules/Platform/Android-Clang-C.cmake:1 (include)
  /usr/local/share/cmake-3.31/Modules/CMakeCInformation.cmake:48 (include)
  /home/runner/work/zh-mobile/zh-mobile/build/android-arm64/CMakeFiles/CMakeScratch/TryCompile-Mo5n4J/CMakeLists.txt:5 (project)


-- Looking for log10 - found
-- Looking for log10f
CMake Deprecation Warning at /opt/hostedtoolcache/ndk/r27c/x64/build/cmake/android.toolchain.cmake:35 (cmake_minimum_required):
  Compatibility with CMake < 3.10 will be removed from a future version of
  CMake.

  Update the VERSION argument <min> value.  Or, use the <min>...<max> syntax
  to tell CMake that the project requires at least <min> but has been updated
  to work with policies introduced by <max> or earlier.
Call Stack (most recent call first):
  /home/runner/vcpkg/scripts/buildsystems/vcpkg.cmake:210 (include)
  /home/runner/work/zh-mobile/zh-mobile/build/android-arm64/CMakeFiles/3.31.6/CMakeSystem.cmake:6 (include)
  /home/runner/work/zh-mobile/zh-mobile/build/android-arm64/CMakeFiles/CMakeScratch/TryCompile-kabI0X/CMakeLists.txt:5 (project)


CMake Deprecation Warning at /opt/hostedtoolcache/ndk/r27c/x64/build/cmake/android-legacy.toolchain.cmake:35 (cmake_minimum_required):
  Compatibility with CMake < 3.10 will be removed from a future version of
  CMake.

  Update the VERSION argument <min> value.  Or, use the <min>...<max> syntax
  to tell CMake that the project requires at least <min> but has been updated
  to work with policies introduced by <max> or earlier.
Call Stack (most recent call first):
  /opt/hostedtoolcache/ndk/r27c/x64/build/cmake/android.toolchain.cmake:55 (include)
  /home/runner/vcpkg/scripts/buildsystems/vcpkg.cmake:210 (include)
  /home/runner/work/zh-mobile/zh-mobile/build/android-arm64/CMakeFiles/3.31.6/CMakeSystem.cmake:6 (include)
  /home/runner/work/zh-mobile/zh-mobile/build/android-arm64/CMakeFiles/CMakeScratch/TryCompile-kabI0X/CMakeLists.txt:5 (project)


CMake Deprecation Warning at /opt/hostedtoolcache/ndk/r27c/x64/build/cmake/flags.cmake:18 (cmake_minimum_required):
  Compatibility with CMake < 3.10 will be removed from a future version of
  CMake.

  Update the VERSION argument <min> value.  Or, use the <min>...<max> syntax
  to tell CMake that the project requires at least <min> but has been updated
  to work with policies introduced by <max> or earlier.
Call Stack (most recent call first):
  /usr/local/share/cmake-3.31/Modules/Platform/Android-Clang.cmake:23 (include)
  /usr/local/share/cmake-3.31/Modules/Platform/Android-Clang-C.cmake:1 (include)
  /usr/local/share/cmake-3.31/Modules/CMakeCInformation.cmake:48 (include)
  /home/runner/work/zh-mobile/zh-mobile/build/android-arm64/CMakeFiles/CMakeScratch/TryCompile-kabI0X/CMakeLists.txt:5 (project)


-- Looking for log10f - found
-- Looking for logf
CMake Deprecation Warning at /opt/hostedtoolcache/ndk/r27c/x64/build/cmake/android.toolchain.cmake:35 (cmake_minimum_required):
  Compatibility with CMake < 3.10 will be removed from a future version of
  CMake.

  Update the VERSION argument <min> value.  Or, use the <min>...<max> syntax
  to tell CMake that the project requires at least <min> but has been updated
  to work with policies introduced by <max> or earlier.
Call Stack (most recent call first):
  /home/runner/vcpkg/scripts/buildsystems/vcpkg.cmake:210 (include)
  /home/runner/work/zh-mobile/zh-mobile/build/android-arm64/CMakeFiles/3.31.6/CMakeSystem.cmake:6 (include)
  /home/runner/work/zh-mobile/zh-mobile/build/android-arm64/CMakeFiles/CMakeScratch/TryCompile-diwt2q/CMakeLists.txt:5 (project)


CMake Deprecation Warning at /opt/hostedtoolcache/ndk/r27c/x64/build/cmake/android-legacy.toolchain.cmake:35 (cmake_minimum_required):
  Compatibility with CMake < 3.10 will be removed from a future version of
  CMake.

  Update the VERSION argument <min> value.  Or, use the <min>...<max> syntax
  to tell CMake that the project requires at least <min> but has been updated
  to work with policies introduced by <max> or earlier.
Call Stack (most recent call first):
  /opt/hostedtoolcache/ndk/r27c/x64/build/cmake/android.toolchain.cmake:55 (include)
  /home/runner/vcpkg/scripts/buildsystems/vcpkg.cmake:210 (include)
  /home/runner/work/zh-mobile/zh-mobile/build/android-arm64/CMakeFiles/3.31.6/CMakeSystem.cmake:6 (include)
  /home/runner/work/zh-mobile/zh-mobile/build/android-arm64/CMakeFiles/CMakeScratch/TryCompile-diwt2q/CMakeLists.txt:5 (project)


CMake Deprecation Warning at /opt/hostedtoolcache/ndk/r27c/x64/build/cmake/flags.cmake:18 (cmake_minimum_required):
  Compatibility with CMake < 3.10 will be removed from a future version of
  CMake.

  Update the VERSION argument <min> value.  Or, use the <min>...<max> syntax
  to tell CMake that the project requires at least <min> but has been updated
  to work with policies introduced by <max> or earlier.
Call Stack (most recent call first):
  /usr/local/share/cmake-3.31/Modules/Platform/Android-Clang.cmake:23 (include)
  /usr/local/share/cmake-3.31/Modules/Platform/Android-Clang-C.cmake:1 (include)
  /usr/local/share/cmake-3.31/Modules/CMakeCInformation.cmake:48 (include)
  /home/runner/work/zh-mobile/zh-mobile/build/android-arm64/CMakeFiles/CMakeScratch/TryCompile-diwt2q/CMakeLists.txt:5 (project)


-- Looking for logf - found
-- Looking for lround
CMake Deprecation Warning at /opt/hostedtoolcache/ndk/r27c/x64/build/cmake/android.toolchain.cmake:35 (cmake_minimum_required):
  Compatibility with CMake < 3.10 will be removed from a future version of
  CMake.

  Update the VERSION argument <min> value.  Or, use the <min>...<max> syntax
  to tell CMake that the project requires at least <min> but has been updated
  to work with policies introduced by <max> or earlier.
Call Stack (most recent call first):
  /home/runner/vcpkg/scripts/buildsystems/vcpkg.cmake:210 (include)
  /home/runner/work/zh-mobile/zh-mobile/build/android-arm64/CMakeFiles/3.31.6/CMakeSystem.cmake:6 (include)
  /home/runner/work/zh-mobile/zh-mobile/build/android-arm64/CMakeFiles/CMakeScratch/TryCompile-cZrXF1/CMakeLists.txt:5 (project)


CMake Deprecation Warning at /opt/hostedtoolcache/ndk/r27c/x64/build/cmake/android-legacy.toolchain.cmake:35 (cmake_minimum_required):
  Compatibility with CMake < 3.10 will be removed from a future version of
  CMake.

  Update the VERSION argument <min> value.  Or, use the <min>...<max> syntax
  to tell CMake that the project requires at least <min> but has been updated
  to work with policies introduced by <max> or earlier.
Call Stack (most recent call first):
  /opt/hostedtoolcache/ndk/r27c/x64/build/cmake/android.toolchain.cmake:55 (include)
  /home/runner/vcpkg/scripts/buildsystems/vcpkg.cmake:210 (include)
  /home/runner/work/zh-mobile/zh-mobile/build/android-arm64/CMakeFiles/3.31.6/CMakeSystem.cmake:6 (include)
  /home/runner/work/zh-mobile/zh-mobile/build/android-arm64/CMakeFiles/CMakeScratch/TryCompile-cZrXF1/CMakeLists.txt:5 (project)


CMake Deprecation Warning at /opt/hostedtoolcache/ndk/r27c/x64/build/cmake/flags.cmake:18 (cmake_minimum_required):
  Compatibility with CMake < 3.10 will be removed from a future version of
  CMake.

  Update the VERSION argument <min> value.  Or, use the <min>...<max> syntax
  to tell CMake that the project requires at least <min> but has been updated
  to work with policies introduced by <max> or earlier.
Call Stack (most recent call first):
  /usr/local/share/cmake-3.31/Modules/Platform/Android-Clang.cmake:23 (include)
  /usr/local/share/cmake-3.31/Modules/Platform/Android-Clang-C.cmake:1 (include)
  /usr/local/share/cmake-3.31/Modules/CMakeCInformation.cmake:48 (include)
  /home/runner/work/zh-mobile/zh-mobile/build/android-arm64/CMakeFiles/CMakeScratch/TryCompile-cZrXF1/CMakeLists.txt:5 (project)


-- Looking for lround - found
-- Looking for lroundf
CMake Deprecation Warning at /opt/hostedtoolcache/ndk/r27c/x64/build/cmake/android.toolchain.cmake:35 (cmake_minimum_required):
  Compatibility with CMake < 3.10 will be removed from a future version of
  CMake.

  Update the VERSION argument <min> value.  Or, use the <min>...<max> syntax
  to tell CMake that the project requires at least <min> but has been updated
  to work with policies introduced by <max> or earlier.
Call Stack (most recent call first):
  /home/runner/vcpkg/scripts/buildsystems/vcpkg.cmake:210 (include)
  /home/runner/work/zh-mobile/zh-mobile/build/android-arm64/CMakeFiles/3.31.6/CMakeSystem.cmake:6 (include)
  /home/runner/work/zh-mobile/zh-mobile/build/android-arm64/CMakeFiles/CMakeScratch/TryCompile-cY1st4/CMakeLists.txt:5 (project)


CMake Deprecation Warning at /opt/hostedtoolcache/ndk/r27c/x64/build/cmake/android-legacy.toolchain.cmake:35 (cmake_minimum_required):
  Compatibility with CMake < 3.10 will be removed from a future version of
  CMake.

  Update the VERSION argument <min> value.  Or, use the <min>...<max> syntax
  to tell CMake that the project requires at least <min> but has been updated
  to work with policies introduced by <max> or earlier.
Call Stack (most recent call first):
  /opt/hostedtoolcache/ndk/r27c/x64/build/cmake/android.toolchain.cmake:55 (include)
  /home/runner/vcpkg/scripts/buildsystems/vcpkg.cmake:210 (include)
  /home/runner/work/zh-mobile/zh-mobile/build/android-arm64/CMakeFiles/3.31.6/CMakeSystem.cmake:6 (include)
  /home/runner/work/zh-mobile/zh-mobile/build/android-arm64/CMakeFiles/CMakeScratch/TryCompile-cY1st4/CMakeLists.txt:5 (project)


CMake Deprecation Warning at /opt/hostedtoolcache/ndk/r27c/x64/build/cmake/flags.cmake:18 (cmake_minimum_required):
  Compatibility with CMake < 3.10 will be removed from a future version of
  CMake.

  Update the VERSION argument <min> value.  Or, use the <min>...<max> syntax
  to tell CMake that the project requires at least <min> but has been updated
  to work with policies introduced by <max> or earlier.
Call Stack (most recent call first):
  /usr/local/share/cmake-3.31/Modules/Platform/Android-Clang.cmake:23 (include)
  /usr/local/share/cmake-3.31/Modules/Platform/Android-Clang-C.cmake:1 (include)
  /usr/local/share/cmake-3.31/Modules/CMakeCInformation.cmake:48 (include)
  /home/runner/work/zh-mobile/zh-mobile/build/android-arm64/CMakeFiles/CMakeScratch/TryCompile-cY1st4/CMakeLists.txt:5 (project)


-- Looking for lroundf - found
-- Looking for _ltoa
CMake Deprecation Warning at /opt/hostedtoolcache/ndk/r27c/x64/build/cmake/android.toolchain.cmake:35 (cmake_minimum_required):
  Compatibility with CMake < 3.10 will be removed from a future version of
  CMake.

  Update the VERSION argument <min> value.  Or, use the <min>...<max> syntax
  to tell CMake that the project requires at least <min> but has been updated
  to work with policies introduced by <max> or earlier.
Call Stack (most recent call first):
  /home/runner/vcpkg/scripts/buildsystems/vcpkg.cmake:210 (include)
  /home/runner/work/zh-mobile/zh-mobile/build/android-arm64/CMakeFiles/3.31.6/CMakeSystem.cmake:6 (include)
  /home/runner/work/zh-mobile/zh-mobile/build/android-arm64/CMakeFiles/CMakeScratch/TryCompile-5QVLgD/CMakeLists.txt:5 (project)


CMake Deprecation Warning at /opt/hostedtoolcache/ndk/r27c/x64/build/cmake/android-legacy.toolchain.cmake:35 (cmake_minimum_required):
  Compatibility with CMake < 3.10 will be removed from a future version of
  CMake.

  Update the VERSION argument <min> value.  Or, use the <min>...<max> syntax
  to tell CMake that the project requires at least <min> but has been updated
  to work with policies introduced by <max> or earlier.
Call Stack (most recent call first):
  /opt/hostedtoolcache/ndk/r27c/x64/build/cmake/android.toolchain.cmake:55 (include)
  /home/runner/vcpkg/scripts/buildsystems/vcpkg.cmake:210 (include)
  /home/runner/work/zh-mobile/zh-mobile/build/android-arm64/CMakeFiles/3.31.6/CMakeSystem.cmake:6 (include)
  /home/runner/work/zh-mobile/zh-mobile/build/android-arm64/CMakeFiles/CMakeScratch/TryCompile-5QVLgD/CMakeLists.txt:5 (project)


CMake Deprecation Warning at /opt/hostedtoolcache/ndk/r27c/x64/build/cmake/flags.cmake:18 (cmake_minimum_required):
  Compatibility with CMake < 3.10 will be removed from a future version of
  CMake.

  Update the VERSION argument <min> value.  Or, use the <min>...<max> syntax
  to tell CMake that the project requires at least <min> but has been updated
  to work with policies introduced by <max> or earlier.
Call Stack (most recent call first):
  /usr/local/share/cmake-3.31/Modules/Platform/Android-Clang.cmake:23 (include)
  /usr/local/share/cmake-3.31/Modules/Platform/Android-Clang-C.cmake:1 (include)
  /usr/local/share/cmake-3.31/Modules/CMakeCInformation.cmake:48 (include)
  /home/runner/work/zh-mobile/zh-mobile/build/android-arm64/CMakeFiles/CMakeScratch/TryCompile-5QVLgD/CMakeLists.txt:5 (project)


-- Looking for _ltoa - not found
-- Looking for malloc
CMake Deprecation Warning at /opt/hostedtoolcache/ndk/r27c/x64/build/cmake/android.toolchain.cmake:35 (cmake_minimum_required):
  Compatibility with CMake < 3.10 will be removed from a future version of
  CMake.

  Update the VERSION argument <min> value.  Or, use the <min>...<max> syntax
  to tell CMake that the project requires at least <min> but has been updated
  to work with policies introduced by <max> or earlier.
Call Stack (most recent call first):
  /home/runner/vcpkg/scripts/buildsystems/vcpkg.cmake:210 (include)
  /home/runner/work/zh-mobile/zh-mobile/build/android-arm64/CMakeFiles/3.31.6/CMakeSystem.cmake:6 (include)
  /home/runner/work/zh-mobile/zh-mobile/build/android-arm64/CMakeFiles/CMakeScratch/TryCompile-XZTCQ4/CMakeLists.txt:5 (project)


CMake Deprecation Warning at /opt/hostedtoolcache/ndk/r27c/x64/build/cmake/android-legacy.toolchain.cmake:35 (cmake_minimum_required):
  Compatibility with CMake < 3.10 will be removed from a future version of
  CMake.

  Update the VERSION argument <min> value.  Or, use the <min>...<max> syntax
  to tell CMake that the project requires at least <min> but has been updated
  to work with policies introduced by <max> or earlier.
Call Stack (most recent call first):
  /opt/hostedtoolcache/ndk/r27c/x64/build/cmake/android.toolchain.cmake:55 (include)
  /home/runner/vcpkg/scripts/buildsystems/vcpkg.cmake:210 (include)
  /home/runner/work/zh-mobile/zh-mobile/build/android-arm64/CMakeFiles/3.31.6/CMakeSystem.cmake:6 (include)
  /home/runner/work/zh-mobile/zh-mobile/build/android-arm64/CMakeFiles/CMakeScratch/TryCompile-XZTCQ4/CMakeLists.txt:5 (project)


CMake Deprecation Warning at /opt/hostedtoolcache/ndk/r27c/x64/build/cmake/flags.cmake:18 (cmake_minimum_required):
  Compatibility with CMake < 3.10 will be removed from a future version of
  CMake.

  Update the VERSION argument <min> value.  Or, use the <min>...<max> syntax
  to tell CMake that the project requires at least <min> but has been updated
  to work with policies introduced by <max> or earlier.
Call Stack (most recent call first):
  /usr/local/share/cmake-3.31/Modules/Platform/Android-Clang.cmake:23 (include)
  /usr/local/share/cmake-3.31/Modules/Platform/Android-Clang-C.cmake:1 (include)
  /usr/local/share/cmake-3.31/Modules/CMakeCInformation.cmake:48 (include)
  /home/runner/work/zh-mobile/zh-mobile/build/android-arm64/CMakeFiles/CMakeScratch/TryCompile-XZTCQ4/CMakeLists.txt:5 (project)


-- Looking for malloc - found
-- Looking for memcmp
CMake Deprecation Warning at /opt/hostedtoolcache/ndk/r27c/x64/build/cmake/android.toolchain.cmake:35 (cmake_minimum_required):
  Compatibility with CMake < 3.10 will be removed from a future version of
  CMake.

  Update the VERSION argument <min> value.  Or, use the <min>...<max> syntax
  to tell CMake that the project requires at least <min> but has been updated
  to work with policies introduced by <max> or earlier.
Call Stack (most recent call first):
  /home/runner/vcpkg/scripts/buildsystems/vcpkg.cmake:210 (include)
  /home/runner/work/zh-mobile/zh-mobile/build/android-arm64/CMakeFiles/3.31.6/CMakeSystem.cmake:6 (include)
  /home/runner/work/zh-mobile/zh-mobile/build/android-arm64/CMakeFiles/CMakeScratch/TryCompile-cRmHng/CMakeLists.txt:5 (project)


CMake Deprecation Warning at /opt/hostedtoolcache/ndk/r27c/x64/build/cmake/android-legacy.toolchain.cmake:35 (cmake_minimum_required):
  Compatibility with CMake < 3.10 will be removed from a future version of
  CMake.

  Update the VERSION argument <min> value.  Or, use the <min>...<max> syntax
  to tell CMake that the project requires at least <min> but has been updated
  to work with policies introduced by <max> or earlier.
Call Stack (most recent call first):
  /opt/hostedtoolcache/ndk/r27c/x64/build/cmake/android.toolchain.cmake:55 (include)
  /home/runner/vcpkg/scripts/buildsystems/vcpkg.cmake:210 (include)
  /home/runner/work/zh-mobile/zh-mobile/build/android-arm64/CMakeFiles/3.31.6/CMakeSystem.cmake:6 (include)
  /home/runner/work/zh-mobile/zh-mobile/build/android-arm64/CMakeFiles/CMakeScratch/TryCompile-cRmHng/CMakeLists.txt:5 (project)


CMake Deprecation Warning at /opt/hostedtoolcache/ndk/r27c/x64/build/cmake/flags.cmake:18 (cmake_minimum_required):
  Compatibility with CMake < 3.10 will be removed from a future version of
  CMake.

  Update the VERSION argument <min> value.  Or, use the <min>...<max> syntax
  to tell CMake that the project requires at least <min> but has been updated
  to work with policies introduced by <max> or earlier.
Call Stack (most recent call first):
  /usr/local/share/cmake-3.31/Modules/Platform/Android-Clang.cmake:23 (include)
  /usr/local/share/cmake-3.31/Modules/Platform/Android-Clang-C.cmake:1 (include)
  /usr/local/share/cmake-3.31/Modules/CMakeCInformation.cmake:48 (include)
  /home/runner/work/zh-mobile/zh-mobile/build/android-arm64/CMakeFiles/CMakeScratch/TryCompile-cRmHng/CMakeLists.txt:5 (project)


-- Looking for memcmp - found
-- Looking for memcpy
CMake Deprecation Warning at /opt/hostedtoolcache/ndk/r27c/x64/build/cmake/android.toolchain.cmake:35 (cmake_minimum_required):
  Compatibility with CMake < 3.10 will be removed from a future version of
  CMake.

  Update the VERSION argument <min> value.  Or, use the <min>...<max> syntax
  to tell CMake that the project requires at least <min> but has been updated
  to work with policies introduced by <max> or earlier.
Call Stack (most recent call first):
  /home/runner/vcpkg/scripts/buildsystems/vcpkg.cmake:210 (include)
  /home/runner/work/zh-mobile/zh-mobile/build/android-arm64/CMakeFiles/3.31.6/CMakeSystem.cmake:6 (include)
  /home/runner/work/zh-mobile/zh-mobile/build/android-arm64/CMakeFiles/CMakeScratch/TryCompile-3VIQg0/CMakeLists.txt:5 (project)


CMake Deprecation Warning at /opt/hostedtoolcache/ndk/r27c/x64/build/cmake/android-legacy.toolchain.cmake:35 (cmake_minimum_required):
  Compatibility with CMake < 3.10 will be removed from a future version of
  CMake.

  Update the VERSION argument <min> value.  Or, use the <min>...<max> syntax
  to tell CMake that the project requires at least <min> but has been updated
  to work with policies introduced by <max> or earlier.
Call Stack (most recent call first):
  /opt/hostedtoolcache/ndk/r27c/x64/build/cmake/android.toolchain.cmake:55 (include)
  /home/runner/vcpkg/scripts/buildsystems/vcpkg.cmake:210 (include)
  /home/runner/work/zh-mobile/zh-mobile/build/android-arm64/CMakeFiles/3.31.6/CMakeSystem.cmake:6 (include)
  /home/runner/work/zh-mobile/zh-mobile/build/android-arm64/CMakeFiles/CMakeScratch/TryCompile-3VIQg0/CMakeLists.txt:5 (project)


CMake Deprecation Warning at /opt/hostedtoolcache/ndk/r27c/x64/build/cmake/flags.cmake:18 (cmake_minimum_required):
  Compatibility with CMake < 3.10 will be removed from a future version of
  CMake.

  Update the VERSION argument <min> value.  Or, use the <min>...<max> syntax
  to tell CMake that the project requires at least <min> but has been updated
  to work with policies introduced by <max> or earlier.
Call Stack (most recent call first):
  /usr/local/share/cmake-3.31/Modules/Platform/Android-Clang.cmake:23 (include)
  /usr/local/share/cmake-3.31/Modules/Platform/Android-Clang-C.cmake:1 (include)
  /usr/local/share/cmake-3.31/Modules/CMakeCInformation.cmake:48 (include)
  /home/runner/work/zh-mobile/zh-mobile/build/android-arm64/CMakeFiles/CMakeScratch/TryCompile-3VIQg0/CMakeLists.txt:5 (project)


-- Looking for memcpy - found
-- Looking for memmove
CMake Deprecation Warning at /opt/hostedtoolcache/ndk/r27c/x64/build/cmake/android.toolchain.cmake:35 (cmake_minimum_required):
  Compatibility with CMake < 3.10 will be removed from a future version of
  CMake.

  Update the VERSION argument <min> value.  Or, use the <min>...<max> syntax
  to tell CMake that the project requires at least <min> but has been updated
  to work with policies introduced by <max> or earlier.
Call Stack (most recent call first):
  /home/runner/vcpkg/scripts/buildsystems/vcpkg.cmake:210 (include)
  /home/runner/work/zh-mobile/zh-mobile/build/android-arm64/CMakeFiles/3.31.6/CMakeSystem.cmake:6 (include)
  /home/runner/work/zh-mobile/zh-mobile/build/android-arm64/CMakeFiles/CMakeScratch/TryCompile-gaagiQ/CMakeLists.txt:5 (project)


CMake Deprecation Warning at /opt/hostedtoolcache/ndk/r27c/x64/build/cmake/android-legacy.toolchain.cmake:35 (cmake_minimum_required):
  Compatibility with CMake < 3.10 will be removed from a future version of
  CMake.

  Update the VERSION argument <min> value.  Or, use the <min>...<max> syntax
  to tell CMake that the project requires at least <min> but has been updated
  to work with policies introduced by <max> or earlier.
Call Stack (most recent call first):
  /opt/hostedtoolcache/ndk/r27c/x64/build/cmake/android.toolchain.cmake:55 (include)
  /home/runner/vcpkg/scripts/buildsystems/vcpkg.cmake:210 (include)
  /home/runner/work/zh-mobile/zh-mobile/build/android-arm64/CMakeFiles/3.31.6/CMakeSystem.cmake:6 (include)
  /home/runner/work/zh-mobile/zh-mobile/build/android-arm64/CMakeFiles/CMakeScratch/TryCompile-gaagiQ/CMakeLists.txt:5 (project)


CMake Deprecation Warning at /opt/hostedtoolcache/ndk/r27c/x64/build/cmake/flags.cmake:18 (cmake_minimum_required):
  Compatibility with CMake < 3.10 will be removed from a future version of
  CMake.

  Update the VERSION argument <min> value.  Or, use the <min>...<max> syntax
  to tell CMake that the project requires at least <min> but has been updated
  to work with policies introduced by <max> or earlier.
Call Stack (most recent call first):
  /usr/local/share/cmake-3.31/Modules/Platform/Android-Clang.cmake:23 (include)
  /usr/local/share/cmake-3.31/Modules/Platform/Android-Clang-C.cmake:1 (include)
  /usr/local/share/cmake-3.31/Modules/CMakeCInformation.cmake:48 (include)
  /home/runner/work/zh-mobile/zh-mobile/build/android-arm64/CMakeFiles/CMakeScratch/TryCompile-gaagiQ/CMakeLists.txt:5 (project)


-- Looking for memmove - found
-- Looking for memset
CMake Deprecation Warning at /opt/hostedtoolcache/ndk/r27c/x64/build/cmake/android.toolchain.cmake:35 (cmake_minimum_required):
  Compatibility with CMake < 3.10 will be removed from a future version of
  CMake.

  Update the VERSION argument <min> value.  Or, use the <min>...<max> syntax
  to tell CMake that the project requires at least <min> but has been updated
  to work with policies introduced by <max> or earlier.
Call Stack (most recent call first):
  /home/runner/vcpkg/scripts/buildsystems/vcpkg.cmake:210 (include)
  /home/runner/work/zh-mobile/zh-mobile/build/android-arm64/CMakeFiles/3.31.6/CMakeSystem.cmake:6 (include)
  /home/runner/work/zh-mobile/zh-mobile/build/android-arm64/CMakeFiles/CMakeScratch/TryCompile-BNd1LO/CMakeLists.txt:5 (project)


CMake Deprecation Warning at /opt/hostedtoolcache/ndk/r27c/x64/build/cmake/android-legacy.toolchain.cmake:35 (cmake_minimum_required):
  Compatibility with CMake < 3.10 will be removed from a future version of
  CMake.

  Update the VERSION argument <min> value.  Or, use the <min>...<max> syntax
  to tell CMake that the project requires at least <min> but has been updated
  to work with policies introduced by <max> or earlier.
Call Stack (most recent call first):
  /opt/hostedtoolcache/ndk/r27c/x64/build/cmake/android.toolchain.cmake:55 (include)
  /home/runner/vcpkg/scripts/buildsystems/vcpkg.cmake:210 (include)
  /home/runner/work/zh-mobile/zh-mobile/build/android-arm64/CMakeFiles/3.31.6/CMakeSystem.cmake:6 (include)
  /home/runner/work/zh-mobile/zh-mobile/build/android-arm64/CMakeFiles/CMakeScratch/TryCompile-BNd1LO/CMakeLists.txt:5 (project)


CMake Deprecation Warning at /opt/hostedtoolcache/ndk/r27c/x64/build/cmake/flags.cmake:18 (cmake_minimum_required):
  Compatibility with CMake < 3.10 will be removed from a future version of
  CMake.

  Update the VERSION argument <min> value.  Or, use the <min>...<max> syntax
  to tell CMake that the project requires at least <min> but has been updated
  to work with policies introduced by <max> or earlier.
Call Stack (most recent call first):
  /usr/local/share/cmake-3.31/Modules/Platform/Android-Clang.cmake:23 (include)
  /usr/local/share/cmake-3.31/Modules/Platform/Android-Clang-C.cmake:1 (include)
  /usr/local/share/cmake-3.31/Modules/CMakeCInformation.cmake:48 (include)
  /home/runner/work/zh-mobile/zh-mobile/build/android-arm64/CMakeFiles/CMakeScratch/TryCompile-BNd1LO/CMakeLists.txt:5 (project)


-- Looking for memset - found
-- Looking for modf
CMake Deprecation Warning at /opt/hostedtoolcache/ndk/r27c/x64/build/cmake/android.toolchain.cmake:35 (cmake_minimum_required):
  Compatibility with CMake < 3.10 will be removed from a future version of
  CMake.

  Update the VERSION argument <min> value.  Or, use the <min>...<max> syntax
  to tell CMake that the project requires at least <min> but has been updated
  to work with policies introduced by <max> or earlier.
Call Stack (most recent call first):
  /home/runner/vcpkg/scripts/buildsystems/vcpkg.cmake:210 (include)
  /home/runner/work/zh-mobile/zh-mobile/build/android-arm64/CMakeFiles/3.31.6/CMakeSystem.cmake:6 (include)
  /home/runner/work/zh-mobile/zh-mobile/build/android-arm64/CMakeFiles/CMakeScratch/TryCompile-0EyxkW/CMakeLists.txt:5 (project)


CMake Deprecation Warning at /opt/hostedtoolcache/ndk/r27c/x64/build/cmake/android-legacy.toolchain.cmake:35 (cmake_minimum_required):
  Compatibility with CMake < 3.10 will be removed from a future version of
  CMake.

  Update the VERSION argument <min> value.  Or, use the <min>...<max> syntax
  to tell CMake that the project requires at least <min> but has been updated
  to work with policies introduced by <max> or earlier.
Call Stack (most recent call first):
  /opt/hostedtoolcache/ndk/r27c/x64/build/cmake/android.toolchain.cmake:55 (include)
  /home/runner/vcpkg/scripts/buildsystems/vcpkg.cmake:210 (include)
  /home/runner/work/zh-mobile/zh-mobile/build/android-arm64/CMakeFiles/3.31.6/CMakeSystem.cmake:6 (include)
  /home/runner/work/zh-mobile/zh-mobile/build/android-arm64/CMakeFiles/CMakeScratch/TryCompile-0EyxkW/CMakeLists.txt:5 (project)


CMake Deprecation Warning at /opt/hostedtoolcache/ndk/r27c/x64/build/cmake/flags.cmake:18 (cmake_minimum_required):
  Compatibility with CMake < 3.10 will be removed from a future version of
  CMake.

  Update the VERSION argument <min> value.  Or, use the <min>...<max> syntax
  to tell CMake that the project requires at least <min> but has been updated
  to work with policies introduced by <max> or earlier.
Call Stack (most recent call first):
  /usr/local/share/cmake-3.31/Modules/Platform/Android-Clang.cmake:23 (include)
  /usr/local/share/cmake-3.31/Modules/Platform/Android-Clang-C.cmake:1 (include)
  /usr/local/share/cmake-3.31/Modules/CMakeCInformation.cmake:48 (include)
  /home/runner/work/zh-mobile/zh-mobile/build/android-arm64/CMakeFiles/CMakeScratch/TryCompile-0EyxkW/CMakeLists.txt:5 (project)


-- Looking for modf - found
-- Looking for modff
CMake Deprecation Warning at /opt/hostedtoolcache/ndk/r27c/x64/build/cmake/android.toolchain.cmake:35 (cmake_minimum_required):
  Compatibility with CMake < 3.10 will be removed from a future version of
  CMake.

  Update the VERSION argument <min> value.  Or, use the <min>...<max> syntax
  to tell CMake that the project requires at least <min> but has been updated
  to work with policies introduced by <max> or earlier.
Call Stack (most recent call first):
  /home/runner/vcpkg/scripts/buildsystems/vcpkg.cmake:210 (include)
  /home/runner/work/zh-mobile/zh-mobile/build/android-arm64/CMakeFiles/3.31.6/CMakeSystem.cmake:6 (include)
  /home/runner/work/zh-mobile/zh-mobile/build/android-arm64/CMakeFiles/CMakeScratch/TryCompile-d1RflG/CMakeLists.txt:5 (project)


CMake Deprecation Warning at /opt/hostedtoolcache/ndk/r27c/x64/build/cmake/android-legacy.toolchain.cmake:35 (cmake_minimum_required):
  Compatibility with CMake < 3.10 will be removed from a future version of
  CMake.

  Update the VERSION argument <min> value.  Or, use the <min>...<max> syntax
  to tell CMake that the project requires at least <min> but has been updated
  to work with policies introduced by <max> or earlier.
Call Stack (most recent call first):
  /opt/hostedtoolcache/ndk/r27c/x64/build/cmake/android.toolchain.cmake:55 (include)
  /home/runner/vcpkg/scripts/buildsystems/vcpkg.cmake:210 (include)
  /home/runner/work/zh-mobile/zh-mobile/build/android-arm64/CMakeFiles/3.31.6/CMakeSystem.cmake:6 (include)
  /home/runner/work/zh-mobile/zh-mobile/build/android-arm64/CMakeFiles/CMakeScratch/TryCompile-d1RflG/CMakeLists.txt:5 (project)


CMake Deprecation Warning at /opt/hostedtoolcache/ndk/r27c/x64/build/cmake/flags.cmake:18 (cmake_minimum_required):
  Compatibility with CMake < 3.10 will be removed from a future version of
  CMake.

  Update the VERSION argument <min> value.  Or, use the <min>...<max> syntax
  to tell CMake that the project requires at least <min> but has been updated
  to work with policies introduced by <max> or earlier.
Call Stack (most recent call first):
  /usr/local/share/cmake-3.31/Modules/Platform/Android-Clang.cmake:23 (include)
  /usr/local/share/cmake-3.31/Modules/Platform/Android-Clang-C.cmake:1 (include)
  /usr/local/share/cmake-3.31/Modules/CMakeCInformation.cmake:48 (include)
  /home/runner/work/zh-mobile/zh-mobile/build/android-arm64/CMakeFiles/CMakeScratch/TryCompile-d1RflG/CMakeLists.txt:5 (project)


-- Looking for modff - found
-- Looking for pow
CMake Deprecation Warning at /opt/hostedtoolcache/ndk/r27c/x64/build/cmake/android.toolchain.cmake:35 (cmake_minimum_required):
  Compatibility with CMake < 3.10 will be removed from a future version of
  CMake.

  Update the VERSION argument <min> value.  Or, use the <min>...<max> syntax
  to tell CMake that the project requires at least <min> but has been updated
  to work with policies introduced by <max> or earlier.
Call Stack (most recent call first):
  /home/runner/vcpkg/scripts/buildsystems/vcpkg.cmake:210 (include)
  /home/runner/work/zh-mobile/zh-mobile/build/android-arm64/CMakeFiles/3.31.6/CMakeSystem.cmake:6 (include)
  /home/runner/work/zh-mobile/zh-mobile/build/android-arm64/CMakeFiles/CMakeScratch/TryCompile-NzfwzI/CMakeLists.txt:5 (project)


CMake Deprecation Warning at /opt/hostedtoolcache/ndk/r27c/x64/build/cmake/android-legacy.toolchain.cmake:35 (cmake_minimum_required):
  Compatibility with CMake < 3.10 will be removed from a future version of
  CMake.

  Update the VERSION argument <min> value.  Or, use the <min>...<max> syntax
  to tell CMake that the project requires at least <min> but has been updated
  to work with policies introduced by <max> or earlier.
Call Stack (most recent call first):
  /opt/hostedtoolcache/ndk/r27c/x64/build/cmake/android.toolchain.cmake:55 (include)
  /home/runner/vcpkg/scripts/buildsystems/vcpkg.cmake:210 (include)
  /home/runner/work/zh-mobile/zh-mobile/build/android-arm64/CMakeFiles/3.31.6/CMakeSystem.cmake:6 (include)
  /home/runner/work/zh-mobile/zh-mobile/build/android-arm64/CMakeFiles/CMakeScratch/TryCompile-NzfwzI/CMakeLists.txt:5 (project)


CMake Deprecation Warning at /opt/hostedtoolcache/ndk/r27c/x64/build/cmake/flags.cmake:18 (cmake_minimum_required):
  Compatibility with CMake < 3.10 will be removed from a future version of
  CMake.

  Update the VERSION argument <min> value.  Or, use the <min>...<max> syntax
  to tell CMake that the project requires at least <min> but has been updated
  to work with policies introduced by <max> or earlier.
Call Stack (most recent call first):
  /usr/local/share/cmake-3.31/Modules/Platform/Android-Clang.cmake:23 (include)
  /usr/local/share/cmake-3.31/Modules/Platform/Android-Clang-C.cmake:1 (include)
  /usr/local/share/cmake-3.31/Modules/CMakeCInformation.cmake:48 (include)
  /home/runner/work/zh-mobile/zh-mobile/build/android-arm64/CMakeFiles/CMakeScratch/TryCompile-NzfwzI/CMakeLists.txt:5 (project)


-- Looking for pow - found
-- Looking for powf
CMake Deprecation Warning at /opt/hostedtoolcache/ndk/r27c/x64/build/cmake/android.toolchain.cmake:35 (cmake_minimum_required):
  Compatibility with CMake < 3.10 will be removed from a future version of
  CMake.

  Update the VERSION argument <min> value.  Or, use the <min>...<max> syntax
  to tell CMake that the project requires at least <min> but has been updated
  to work with policies introduced by <max> or earlier.
Call Stack (most recent call first):
  /home/runner/vcpkg/scripts/buildsystems/vcpkg.cmake:210 (include)
  /home/runner/work/zh-mobile/zh-mobile/build/android-arm64/CMakeFiles/3.31.6/CMakeSystem.cmake:6 (include)
  /home/runner/work/zh-mobile/zh-mobile/build/android-arm64/CMakeFiles/CMakeScratch/TryCompile-V8D0SU/CMakeLists.txt:5 (project)


CMake Deprecation Warning at /opt/hostedtoolcache/ndk/r27c/x64/build/cmake/android-legacy.toolchain.cmake:35 (cmake_minimum_required):
  Compatibility with CMake < 3.10 will be removed from a future version of
  CMake.

  Update the VERSION argument <min> value.  Or, use the <min>...<max> syntax
  to tell CMake that the project requires at least <min> but has been updated
  to work with policies introduced by <max> or earlier.
Call Stack (most recent call first):
  /opt/hostedtoolcache/ndk/r27c/x64/build/cmake/android.toolchain.cmake:55 (include)
  /home/runner/vcpkg/scripts/buildsystems/vcpkg.cmake:210 (include)
  /home/runner/work/zh-mobile/zh-mobile/build/android-arm64/CMakeFiles/3.31.6/CMakeSystem.cmake:6 (include)
  /home/runner/work/zh-mobile/zh-mobile/build/android-arm64/CMakeFiles/CMakeScratch/TryCompile-V8D0SU/CMakeLists.txt:5 (project)


CMake Deprecation Warning at /opt/hostedtoolcache/ndk/r27c/x64/build/cmake/flags.cmake:18 (cmake_minimum_required):
  Compatibility with CMake < 3.10 will be removed from a future version of
  CMake.

  Update the VERSION argument <min> value.  Or, use the <min>...<max> syntax
  to tell CMake that the project requires at least <min> but has been updated
  to work with policies introduced by <max> or earlier.
Call Stack (most recent call first):
  /usr/local/share/cmake-3.31/Modules/Platform/Android-Clang.cmake:23 (include)
  /usr/local/share/cmake-3.31/Modules/Platform/Android-Clang-C.cmake:1 (include)
  /usr/local/share/cmake-3.31/Modules/CMakeCInformation.cmake:48 (include)
  /home/runner/work/zh-mobile/zh-mobile/build/android-arm64/CMakeFiles/CMakeScratch/TryCompile-V8D0SU/CMakeLists.txt:5 (project)


-- Looking for powf - found
-- Looking for putenv
CMake Deprecation Warning at /opt/hostedtoolcache/ndk/r27c/x64/build/cmake/android.toolchain.cmake:35 (cmake_minimum_required):
  Compatibility with CMake < 3.10 will be removed from a future version of
  CMake.

  Update the VERSION argument <min> value.  Or, use the <min>...<max> syntax
  to tell CMake that the project requires at least <min> but has been updated
  to work with policies introduced by <max> or earlier.
Call Stack (most recent call first):
  /home/runner/vcpkg/scripts/buildsystems/vcpkg.cmake:210 (include)
  /home/runner/work/zh-mobile/zh-mobile/build/android-arm64/CMakeFiles/3.31.6/CMakeSystem.cmake:6 (include)
  /home/runner/work/zh-mobile/zh-mobile/build/android-arm64/CMakeFiles/CMakeScratch/TryCompile-aPZIg2/CMakeLists.txt:5 (project)


CMake Deprecation Warning at /opt/hostedtoolcache/ndk/r27c/x64/build/cmake/android-legacy.toolchain.cmake:35 (cmake_minimum_required):
  Compatibility with CMake < 3.10 will be removed from a future version of
  CMake.

  Update the VERSION argument <min> value.  Or, use the <min>...<max> syntax
  to tell CMake that the project requires at least <min> but has been updated
  to work with policies introduced by <max> or earlier.
Call Stack (most recent call first):
  /opt/hostedtoolcache/ndk/r27c/x64/build/cmake/android.toolchain.cmake:55 (include)
  /home/runner/vcpkg/scripts/buildsystems/vcpkg.cmake:210 (include)
  /home/runner/work/zh-mobile/zh-mobile/build/android-arm64/CMakeFiles/3.31.6/CMakeSystem.cmake:6 (include)
  /home/runner/work/zh-mobile/zh-mobile/build/android-arm64/CMakeFiles/CMakeScratch/TryCompile-aPZIg2/CMakeLists.txt:5 (project)


CMake Deprecation Warning at /opt/hostedtoolcache/ndk/r27c/x64/build/cmake/flags.cmake:18 (cmake_minimum_required):
  Compatibility with CMake < 3.10 will be removed from a future version of
  CMake.

  Update the VERSION argument <min> value.  Or, use the <min>...<max> syntax
  to tell CMake that the project requires at least <min> but has been updated
  to work with policies introduced by <max> or earlier.
Call Stack (most recent call first):
  /usr/local/share/cmake-3.31/Modules/Platform/Android-Clang.cmake:23 (include)
  /usr/local/share/cmake-3.31/Modules/Platform/Android-Clang-C.cmake:1 (include)
  /usr/local/share/cmake-3.31/Modules/CMakeCInformation.cmake:48 (include)
  /home/runner/work/zh-mobile/zh-mobile/build/android-arm64/CMakeFiles/CMakeScratch/TryCompile-aPZIg2/CMakeLists.txt:5 (project)


-- Looking for putenv - found
-- Looking for rindex
CMake Deprecation Warning at /opt/hostedtoolcache/ndk/r27c/x64/build/cmake/android.toolchain.cmake:35 (cmake_minimum_required):
  Compatibility with CMake < 3.10 will be removed from a future version of
  CMake.

  Update the VERSION argument <min> value.  Or, use the <min>...<max> syntax
  to tell CMake that the project requires at least <min> but has been updated
  to work with policies introduced by <max> or earlier.
Call Stack (most recent call first):
  /home/runner/vcpkg/scripts/buildsystems/vcpkg.cmake:210 (include)
  /home/runner/work/zh-mobile/zh-mobile/build/android-arm64/CMakeFiles/3.31.6/CMakeSystem.cmake:6 (include)
  /home/runner/work/zh-mobile/zh-mobile/build/android-arm64/CMakeFiles/CMakeScratch/TryCompile-Qjgqdd/CMakeLists.txt:5 (project)


CMake Deprecation Warning at /opt/hostedtoolcache/ndk/r27c/x64/build/cmake/android-legacy.toolchain.cmake:35 (cmake_minimum_required):
  Compatibility with CMake < 3.10 will be removed from a future version of
  CMake.

  Update the VERSION argument <min> value.  Or, use the <min>...<max> syntax
  to tell CMake that the project requires at least <min> but has been updated
  to work with policies introduced by <max> or earlier.
Call Stack (most recent call first):
  /opt/hostedtoolcache/ndk/r27c/x64/build/cmake/android.toolchain.cmake:55 (include)
  /home/runner/vcpkg/scripts/buildsystems/vcpkg.cmake:210 (include)
  /home/runner/work/zh-mobile/zh-mobile/build/android-arm64/CMakeFiles/3.31.6/CMakeSystem.cmake:6 (include)
  /home/runner/work/zh-mobile/zh-mobile/build/android-arm64/CMakeFiles/CMakeScratch/TryCompile-Qjgqdd/CMakeLists.txt:5 (project)


CMake Deprecation Warning at /opt/hostedtoolcache/ndk/r27c/x64/build/cmake/flags.cmake:18 (cmake_minimum_required):
  Compatibility with CMake < 3.10 will be removed from a future version of
  CMake.

  Update the VERSION argument <min> value.  Or, use the <min>...<max> syntax
  to tell CMake that the project requires at least <min> but has been updated
  to work with policies introduced by <max> or earlier.
Call Stack (most recent call first):
  /usr/local/share/cmake-3.31/Modules/Platform/Android-Clang.cmake:23 (include)
  /usr/local/share/cmake-3.31/Modules/Platform/Android-Clang-C.cmake:1 (include)
  /usr/local/share/cmake-3.31/Modules/CMakeCInformation.cmake:48 (include)
  /home/runner/work/zh-mobile/zh-mobile/build/android-arm64/CMakeFiles/CMakeScratch/TryCompile-Qjgqdd/CMakeLists.txt:5 (project)


-- Looking for rindex - not found
-- Looking for round
CMake Deprecation Warning at /opt/hostedtoolcache/ndk/r27c/x64/build/cmake/android.toolchain.cmake:35 (cmake_minimum_required):
  Compatibility with CMake < 3.10 will be removed from a future version of
  CMake.

  Update the VERSION argument <min> value.  Or, use the <min>...<max> syntax
  to tell CMake that the project requires at least <min> but has been updated
  to work with policies introduced by <max> or earlier.
Call Stack (most recent call first):
  /home/runner/vcpkg/scripts/buildsystems/vcpkg.cmake:210 (include)
  /home/runner/work/zh-mobile/zh-mobile/build/android-arm64/CMakeFiles/3.31.6/CMakeSystem.cmake:6 (include)
  /home/runner/work/zh-mobile/zh-mobile/build/android-arm64/CMakeFiles/CMakeScratch/TryCompile-A4OTIC/CMakeLists.txt:5 (project)


CMake Deprecation Warning at /opt/hostedtoolcache/ndk/r27c/x64/build/cmake/android-legacy.toolchain.cmake:35 (cmake_minimum_required):
  Compatibility with CMake < 3.10 will be removed from a future version of
  CMake.

  Update the VERSION argument <min> value.  Or, use the <min>...<max> syntax
  to tell CMake that the project requires at least <min> but has been updated
  to work with policies introduced by <max> or earlier.
Call Stack (most recent call first):
  /opt/hostedtoolcache/ndk/r27c/x64/build/cmake/android.toolchain.cmake:55 (include)
  /home/runner/vcpkg/scripts/buildsystems/vcpkg.cmake:210 (include)
  /home/runner/work/zh-mobile/zh-mobile/build/android-arm64/CMakeFiles/3.31.6/CMakeSystem.cmake:6 (include)
  /home/runner/work/zh-mobile/zh-mobile/build/android-arm64/CMakeFiles/CMakeScratch/TryCompile-A4OTIC/CMakeLists.txt:5 (project)


CMake Deprecation Warning at /opt/hostedtoolcache/ndk/r27c/x64/build/cmake/flags.cmake:18 (cmake_minimum_required):
  Compatibility with CMake < 3.10 will be removed from a future version of
  CMake.

  Update the VERSION argument <min> value.  Or, use the <min>...<max> syntax
  to tell CMake that the project requires at least <min> but has been updated
  to work with policies introduced by <max> or earlier.
Call Stack (most recent call first):
  /usr/local/share/cmake-3.31/Modules/Platform/Android-Clang.cmake:23 (include)
  /usr/local/share/cmake-3.31/Modules/Platform/Android-Clang-C.cmake:1 (include)
  /usr/local/share/cmake-3.31/Modules/CMakeCInformation.cmake:48 (include)
  /home/runner/work/zh-mobile/zh-mobile/build/android-arm64/CMakeFiles/CMakeScratch/TryCompile-A4OTIC/CMakeLists.txt:5 (project)


-- Looking for round - found
-- Looking for roundf
CMake Deprecation Warning at /opt/hostedtoolcache/ndk/r27c/x64/build/cmake/android.toolchain.cmake:35 (cmake_minimum_required):
  Compatibility with CMake < 3.10 will be removed from a future version of
  CMake.

  Update the VERSION argument <min> value.  Or, use the <min>...<max> syntax
  to tell CMake that the project requires at least <min> but has been updated
  to work with policies introduced by <max> or earlier.
Call Stack (most recent call first):
  /home/runner/vcpkg/scripts/buildsystems/vcpkg.cmake:210 (include)
  /home/runner/work/zh-mobile/zh-mobile/build/android-arm64/CMakeFiles/3.31.6/CMakeSystem.cmake:6 (include)
  /home/runner/work/zh-mobile/zh-mobile/build/android-arm64/CMakeFiles/CMakeScratch/TryCompile-IHXtoC/CMakeLists.txt:5 (project)


CMake Deprecation Warning at /opt/hostedtoolcache/ndk/r27c/x64/build/cmake/android-legacy.toolchain.cmake:35 (cmake_minimum_required):
  Compatibility with CMake < 3.10 will be removed from a future version of
  CMake.

  Update the VERSION argument <min> value.  Or, use the <min>...<max> syntax
  to tell CMake that the project requires at least <min> but has been updated
  to work with policies introduced by <max> or earlier.
Call Stack (most recent call first):
  /opt/hostedtoolcache/ndk/r27c/x64/build/cmake/android.toolchain.cmake:55 (include)
  /home/runner/vcpkg/scripts/buildsystems/vcpkg.cmake:210 (include)
  /home/runner/work/zh-mobile/zh-mobile/build/android-arm64/CMakeFiles/3.31.6/CMakeSystem.cmake:6 (include)
  /home/runner/work/zh-mobile/zh-mobile/build/android-arm64/CMakeFiles/CMakeScratch/TryCompile-IHXtoC/CMakeLists.txt:5 (project)


CMake Deprecation Warning at /opt/hostedtoolcache/ndk/r27c/x64/build/cmake/flags.cmake:18 (cmake_minimum_required):
  Compatibility with CMake < 3.10 will be removed from a future version of
  CMake.

  Update the VERSION argument <min> value.  Or, use the <min>...<max> syntax
  to tell CMake that the project requires at least <min> but has been updated
  to work with policies introduced by <max> or earlier.
Call Stack (most recent call first):
  /usr/local/share/cmake-3.31/Modules/Platform/Android-Clang.cmake:23 (include)
  /usr/local/share/cmake-3.31/Modules/Platform/Android-Clang-C.cmake:1 (include)
  /usr/local/share/cmake-3.31/Modules/CMakeCInformation.cmake:48 (include)
  /home/runner/work/zh-mobile/zh-mobile/build/android-arm64/CMakeFiles/CMakeScratch/TryCompile-IHXtoC/CMakeLists.txt:5 (project)


-- Looking for roundf - found
-- Looking for scalbn
CMake Deprecation Warning at /opt/hostedtoolcache/ndk/r27c/x64/build/cmake/android.toolchain.cmake:35 (cmake_minimum_required):
  Compatibility with CMake < 3.10 will be removed from a future version of
  CMake.

  Update the VERSION argument <min> value.  Or, use the <min>...<max> syntax
  to tell CMake that the project requires at least <min> but has been updated
  to work with policies introduced by <max> or earlier.
Call Stack (most recent call first):
  /home/runner/vcpkg/scripts/buildsystems/vcpkg.cmake:210 (include)
  /home/runner/work/zh-mobile/zh-mobile/build/android-arm64/CMakeFiles/3.31.6/CMakeSystem.cmake:6 (include)
  /home/runner/work/zh-mobile/zh-mobile/build/android-arm64/CMakeFiles/CMakeScratch/TryCompile-WL4Qu0/CMakeLists.txt:5 (project)


CMake Deprecation Warning at /opt/hostedtoolcache/ndk/r27c/x64/build/cmake/android-legacy.toolchain.cmake:35 (cmake_minimum_required):
  Compatibility with CMake < 3.10 will be removed from a future version of
  CMake.

  Update the VERSION argument <min> value.  Or, use the <min>...<max> syntax
  to tell CMake that the project requires at least <min> but has been updated
  to work with policies introduced by <max> or earlier.
Call Stack (most recent call first):
  /opt/hostedtoolcache/ndk/r27c/x64/build/cmake/android.toolchain.cmake:55 (include)
  /home/runner/vcpkg/scripts/buildsystems/vcpkg.cmake:210 (include)
  /home/runner/work/zh-mobile/zh-mobile/build/android-arm64/CMakeFiles/3.31.6/CMakeSystem.cmake:6 (include)
  /home/runner/work/zh-mobile/zh-mobile/build/android-arm64/CMakeFiles/CMakeScratch/TryCompile-WL4Qu0/CMakeLists.txt:5 (project)


CMake Deprecation Warning at /opt/hostedtoolcache/ndk/r27c/x64/build/cmake/flags.cmake:18 (cmake_minimum_required):
  Compatibility with CMake < 3.10 will be removed from a future version of
  CMake.

  Update the VERSION argument <min> value.  Or, use the <min>...<max> syntax
  to tell CMake that the project requires at least <min> but has been updated
  to work with policies introduced by <max> or earlier.
Call Stack (most recent call first):
  /usr/local/share/cmake-3.31/Modules/Platform/Android-Clang.cmake:23 (include)
  /usr/local/share/cmake-3.31/Modules/Platform/Android-Clang-C.cmake:1 (include)
  /usr/local/share/cmake-3.31/Modules/CMakeCInformation.cmake:48 (include)
  /home/runner/work/zh-mobile/zh-mobile/build/android-arm64/CMakeFiles/CMakeScratch/TryCompile-WL4Qu0/CMakeLists.txt:5 (project)


-- Looking for scalbn - found
-- Looking for scalbnf
CMake Deprecation Warning at /opt/hostedtoolcache/ndk/r27c/x64/build/cmake/android.toolchain.cmake:35 (cmake_minimum_required):
  Compatibility with CMake < 3.10 will be removed from a future version of
  CMake.

  Update the VERSION argument <min> value.  Or, use the <min>...<max> syntax
  to tell CMake that the project requires at least <min> but has been updated
  to work with policies introduced by <max> or earlier.
Call Stack (most recent call first):
  /home/runner/vcpkg/scripts/buildsystems/vcpkg.cmake:210 (include)
  /home/runner/work/zh-mobile/zh-mobile/build/android-arm64/CMakeFiles/3.31.6/CMakeSystem.cmake:6 (include)
  /home/runner/work/zh-mobile/zh-mobile/build/android-arm64/CMakeFiles/CMakeScratch/TryCompile-Wdnaib/CMakeLists.txt:5 (project)


CMake Deprecation Warning at /opt/hostedtoolcache/ndk/r27c/x64/build/cmake/android-legacy.toolchain.cmake:35 (cmake_minimum_required):
  Compatibility with CMake < 3.10 will be removed from a future version of
  CMake.

  Update the VERSION argument <min> value.  Or, use the <min>...<max> syntax
  to tell CMake that the project requires at least <min> but has been updated
  to work with policies introduced by <max> or earlier.
Call Stack (most recent call first):
  /opt/hostedtoolcache/ndk/r27c/x64/build/cmake/android.toolchain.cmake:55 (include)
  /home/runner/vcpkg/scripts/buildsystems/vcpkg.cmake:210 (include)
  /home/runner/work/zh-mobile/zh-mobile/build/android-arm64/CMakeFiles/3.31.6/CMakeSystem.cmake:6 (include)
  /home/runner/work/zh-mobile/zh-mobile/build/android-arm64/CMakeFiles/CMakeScratch/TryCompile-Wdnaib/CMakeLists.txt:5 (project)


CMake Deprecation Warning at /opt/hostedtoolcache/ndk/r27c/x64/build/cmake/flags.cmake:18 (cmake_minimum_required):
  Compatibility with CMake < 3.10 will be removed from a future version of
  CMake.

  Update the VERSION argument <min> value.  Or, use the <min>...<max> syntax
  to tell CMake that the project requires at least <min> but has been updated
  to work with policies introduced by <max> or earlier.
Call Stack (most recent call first):
  /usr/local/share/cmake-3.31/Modules/Platform/Android-Clang.cmake:23 (include)
  /usr/local/share/cmake-3.31/Modules/Platform/Android-Clang-C.cmake:1 (include)
  /usr/local/share/cmake-3.31/Modules/CMakeCInformation.cmake:48 (include)
  /home/runner/work/zh-mobile/zh-mobile/build/android-arm64/CMakeFiles/CMakeScratch/TryCompile-Wdnaib/CMakeLists.txt:5 (project)


-- Looking for scalbnf - found
-- Looking for setenv
CMake Deprecation Warning at /opt/hostedtoolcache/ndk/r27c/x64/build/cmake/android.toolchain.cmake:35 (cmake_minimum_required):
  Compatibility with CMake < 3.10 will be removed from a future version of
  CMake.

  Update the VERSION argument <min> value.  Or, use the <min>...<max> syntax
  to tell CMake that the project requires at least <min> but has been updated
  to work with policies introduced by <max> or earlier.
Call Stack (most recent call first):
  /home/runner/vcpkg/scripts/buildsystems/vcpkg.cmake:210 (include)
  /home/runner/work/zh-mobile/zh-mobile/build/android-arm64/CMakeFiles/3.31.6/CMakeSystem.cmake:6 (include)
  /home/runner/work/zh-mobile/zh-mobile/build/android-arm64/CMakeFiles/CMakeScratch/TryCompile-MqOhR2/CMakeLists.txt:5 (project)


CMake Deprecation Warning at /opt/hostedtoolcache/ndk/r27c/x64/build/cmake/android-legacy.toolchain.cmake:35 (cmake_minimum_required):
  Compatibility with CMake < 3.10 will be removed from a future version of
  CMake.

  Update the VERSION argument <min> value.  Or, use the <min>...<max> syntax
  to tell CMake that the project requires at least <min> but has been updated
  to work with policies introduced by <max> or earlier.
Call Stack (most recent call first):
  /opt/hostedtoolcache/ndk/r27c/x64/build/cmake/android.toolchain.cmake:55 (include)
  /home/runner/vcpkg/scripts/buildsystems/vcpkg.cmake:210 (include)
  /home/runner/work/zh-mobile/zh-mobile/build/android-arm64/CMakeFiles/3.31.6/CMakeSystem.cmake:6 (include)
  /home/runner/work/zh-mobile/zh-mobile/build/android-arm64/CMakeFiles/CMakeScratch/TryCompile-MqOhR2/CMakeLists.txt:5 (project)


CMake Deprecation Warning at /opt/hostedtoolcache/ndk/r27c/x64/build/cmake/flags.cmake:18 (cmake_minimum_required):
  Compatibility with CMake < 3.10 will be removed from a future version of
  CMake.

  Update the VERSION argument <min> value.  Or, use the <min>...<max> syntax
  to tell CMake that the project requires at least <min> but has been updated
  to work with policies introduced by <max> or earlier.
Call Stack (most recent call first):
  /usr/local/share/cmake-3.31/Modules/Platform/Android-Clang.cmake:23 (include)
  /usr/local/share/cmake-3.31/Modules/Platform/Android-Clang-C.cmake:1 (include)
  /usr/local/share/cmake-3.31/Modules/CMakeCInformation.cmake:48 (include)
  /home/runner/work/zh-mobile/zh-mobile/build/android-arm64/CMakeFiles/CMakeScratch/TryCompile-MqOhR2/CMakeLists.txt:5 (project)


-- Looking for setenv - found
-- Looking for sin
CMake Deprecation Warning at /opt/hostedtoolcache/ndk/r27c/x64/build/cmake/android.toolchain.cmake:35 (cmake_minimum_required):
  Compatibility with CMake < 3.10 will be removed from a future version of
  CMake.

  Update the VERSION argument <min> value.  Or, use the <min>...<max> syntax
  to tell CMake that the project requires at least <min> but has been updated
  to work with policies introduced by <max> or earlier.
Call Stack (most recent call first):
  /home/runner/vcpkg/scripts/buildsystems/vcpkg.cmake:210 (include)
  /home/runner/work/zh-mobile/zh-mobile/build/android-arm64/CMakeFiles/3.31.6/CMakeSystem.cmake:6 (include)
  /home/runner/work/zh-mobile/zh-mobile/build/android-arm64/CMakeFiles/CMakeScratch/TryCompile-07Uq1H/CMakeLists.txt:5 (project)


CMake Deprecation Warning at /opt/hostedtoolcache/ndk/r27c/x64/build/cmake/android-legacy.toolchain.cmake:35 (cmake_minimum_required):
  Compatibility with CMake < 3.10 will be removed from a future version of
  CMake.

  Update the VERSION argument <min> value.  Or, use the <min>...<max> syntax
  to tell CMake that the project requires at least <min> but has been updated
  to work with policies introduced by <max> or earlier.
Call Stack (most recent call first):
  /opt/hostedtoolcache/ndk/r27c/x64/build/cmake/android.toolchain.cmake:55 (include)
  /home/runner/vcpkg/scripts/buildsystems/vcpkg.cmake:210 (include)
  /home/runner/work/zh-mobile/zh-mobile/build/android-arm64/CMakeFiles/3.31.6/CMakeSystem.cmake:6 (include)
  /home/runner/work/zh-mobile/zh-mobile/build/android-arm64/CMakeFiles/CMakeScratch/TryCompile-07Uq1H/CMakeLists.txt:5 (project)


CMake Deprecation Warning at /opt/hostedtoolcache/ndk/r27c/x64/build/cmake/flags.cmake:18 (cmake_minimum_required):
  Compatibility with CMake < 3.10 will be removed from a future version of
  CMake.

  Update the VERSION argument <min> value.  Or, use the <min>...<max> syntax
  to tell CMake that the project requires at least <min> but has been updated
  to work with policies introduced by <max> or earlier.
Call Stack (most recent call first):
  /usr/local/share/cmake-3.31/Modules/Platform/Android-Clang.cmake:23 (include)
  /usr/local/share/cmake-3.31/Modules/Platform/Android-Clang-C.cmake:1 (include)
  /usr/local/share/cmake-3.31/Modules/CMakeCInformation.cmake:48 (include)
  /home/runner/work/zh-mobile/zh-mobile/build/android-arm64/CMakeFiles/CMakeScratch/TryCompile-07Uq1H/CMakeLists.txt:5 (project)


-- Looking for sin - found
-- Looking for sinf
CMake Deprecation Warning at /opt/hostedtoolcache/ndk/r27c/x64/build/cmake/android.toolchain.cmake:35 (cmake_minimum_required):
  Compatibility with CMake < 3.10 will be removed from a future version of
  CMake.

  Update the VERSION argument <min> value.  Or, use the <min>...<max> syntax
  to tell CMake that the project requires at least <min> but has been updated
  to work with policies introduced by <max> or earlier.
Call Stack (most recent call first):
  /home/runner/vcpkg/scripts/buildsystems/vcpkg.cmake:210 (include)
  /home/runner/work/zh-mobile/zh-mobile/build/android-arm64/CMakeFiles/3.31.6/CMakeSystem.cmake:6 (include)
  /home/runner/work/zh-mobile/zh-mobile/build/android-arm64/CMakeFiles/CMakeScratch/TryCompile-LxQDrP/CMakeLists.txt:5 (project)


CMake Deprecation Warning at /opt/hostedtoolcache/ndk/r27c/x64/build/cmake/android-legacy.toolchain.cmake:35 (cmake_minimum_required):
  Compatibility with CMake < 3.10 will be removed from a future version of
  CMake.

  Update the VERSION argument <min> value.  Or, use the <min>...<max> syntax
  to tell CMake that the project requires at least <min> but has been updated
  to work with policies introduced by <max> or earlier.
Call Stack (most recent call first):
  /opt/hostedtoolcache/ndk/r27c/x64/build/cmake/android.toolchain.cmake:55 (include)
  /home/runner/vcpkg/scripts/buildsystems/vcpkg.cmake:210 (include)
  /home/runner/work/zh-mobile/zh-mobile/build/android-arm64/CMakeFiles/3.31.6/CMakeSystem.cmake:6 (include)
  /home/runner/work/zh-mobile/zh-mobile/build/android-arm64/CMakeFiles/CMakeScratch/TryCompile-LxQDrP/CMakeLists.txt:5 (project)


CMake Deprecation Warning at /opt/hostedtoolcache/ndk/r27c/x64/build/cmake/flags.cmake:18 (cmake_minimum_required):
  Compatibility with CMake < 3.10 will be removed from a future version of
  CMake.

  Update the VERSION argument <min> value.  Or, use the <min>...<max> syntax
  to tell CMake that the project requires at least <min> but has been updated
  to work with policies introduced by <max> or earlier.
Call Stack (most recent call first):
  /usr/local/share/cmake-3.31/Modules/Platform/Android-Clang.cmake:23 (include)
  /usr/local/share/cmake-3.31/Modules/Platform/Android-Clang-C.cmake:1 (include)
  /usr/local/share/cmake-3.31/Modules/CMakeCInformation.cmake:48 (include)
  /home/runner/work/zh-mobile/zh-mobile/build/android-arm64/CMakeFiles/CMakeScratch/TryCompile-LxQDrP/CMakeLists.txt:5 (project)


-- Looking for sinf - found
-- Looking for sqr
CMake Deprecation Warning at /opt/hostedtoolcache/ndk/r27c/x64/build/cmake/android.toolchain.cmake:35 (cmake_minimum_required):
  Compatibility with CMake < 3.10 will be removed from a future version of
  CMake.

  Update the VERSION argument <min> value.  Or, use the <min>...<max> syntax
  to tell CMake that the project requires at least <min> but has been updated
  to work with policies introduced by <max> or earlier.
Call Stack (most recent call first):
  /home/runner/vcpkg/scripts/buildsystems/vcpkg.cmake:210 (include)
  /home/runner/work/zh-mobile/zh-mobile/build/android-arm64/CMakeFiles/3.31.6/CMakeSystem.cmake:6 (include)
  /home/runner/work/zh-mobile/zh-mobile/build/android-arm64/CMakeFiles/CMakeScratch/TryCompile-a0h1Fa/CMakeLists.txt:5 (project)


CMake Deprecation Warning at /opt/hostedtoolcache/ndk/r27c/x64/build/cmake/android-legacy.toolchain.cmake:35 (cmake_minimum_required):
  Compatibility with CMake < 3.10 will be removed from a future version of
  CMake.

  Update the VERSION argument <min> value.  Or, use the <min>...<max> syntax
  to tell CMake that the project requires at least <min> but has been updated
  to work with policies introduced by <max> or earlier.
Call Stack (most recent call first):
  /opt/hostedtoolcache/ndk/r27c/x64/build/cmake/android.toolchain.cmake:55 (include)
  /home/runner/vcpkg/scripts/buildsystems/vcpkg.cmake:210 (include)
  /home/runner/work/zh-mobile/zh-mobile/build/android-arm64/CMakeFiles/3.31.6/CMakeSystem.cmake:6 (include)
  /home/runner/work/zh-mobile/zh-mobile/build/android-arm64/CMakeFiles/CMakeScratch/TryCompile-a0h1Fa/CMakeLists.txt:5 (project)


CMake Deprecation Warning at /opt/hostedtoolcache/ndk/r27c/x64/build/cmake/flags.cmake:18 (cmake_minimum_required):
  Compatibility with CMake < 3.10 will be removed from a future version of
  CMake.

  Update the VERSION argument <min> value.  Or, use the <min>...<max> syntax
  to tell CMake that the project requires at least <min> but has been updated
  to work with policies introduced by <max> or earlier.
Call Stack (most recent call first):
  /usr/local/share/cmake-3.31/Modules/Platform/Android-Clang.cmake:23 (include)
  /usr/local/share/cmake-3.31/Modules/Platform/Android-Clang-C.cmake:1 (include)
  /usr/local/share/cmake-3.31/Modules/CMakeCInformation.cmake:48 (include)
  /home/runner/work/zh-mobile/zh-mobile/build/android-arm64/CMakeFiles/CMakeScratch/TryCompile-a0h1Fa/CMakeLists.txt:5 (project)


-- Looking for sqr - not found
-- Looking for sqrt
CMake Deprecation Warning at /opt/hostedtoolcache/ndk/r27c/x64/build/cmake/android.toolchain.cmake:35 (cmake_minimum_required):
  Compatibility with CMake < 3.10 will be removed from a future version of
  CMake.

  Update the VERSION argument <min> value.  Or, use the <min>...<max> syntax
  to tell CMake that the project requires at least <min> but has been updated
  to work with policies introduced by <max> or earlier.
Call Stack (most recent call first):
  /home/runner/vcpkg/scripts/buildsystems/vcpkg.cmake:210 (include)
  /home/runner/work/zh-mobile/zh-mobile/build/android-arm64/CMakeFiles/3.31.6/CMakeSystem.cmake:6 (include)
  /home/runner/work/zh-mobile/zh-mobile/build/android-arm64/CMakeFiles/CMakeScratch/TryCompile-H3F8wp/CMakeLists.txt:5 (project)


CMake Deprecation Warning at /opt/hostedtoolcache/ndk/r27c/x64/build/cmake/android-legacy.toolchain.cmake:35 (cmake_minimum_required):
  Compatibility with CMake < 3.10 will be removed from a future version of
  CMake.

  Update the VERSION argument <min> value.  Or, use the <min>...<max> syntax
  to tell CMake that the project requires at least <min> but has been updated
  to work with policies introduced by <max> or earlier.
Call Stack (most recent call first):
  /opt/hostedtoolcache/ndk/r27c/x64/build/cmake/android.toolchain.cmake:55 (include)
  /home/runner/vcpkg/scripts/buildsystems/vcpkg.cmake:210 (include)
  /home/runner/work/zh-mobile/zh-mobile/build/android-arm64/CMakeFiles/3.31.6/CMakeSystem.cmake:6 (include)
  /home/runner/work/zh-mobile/zh-mobile/build/android-arm64/CMakeFiles/CMakeScratch/TryCompile-H3F8wp/CMakeLists.txt:5 (project)


CMake Deprecation Warning at /opt/hostedtoolcache/ndk/r27c/x64/build/cmake/flags.cmake:18 (cmake_minimum_required):
  Compatibility with CMake < 3.10 will be removed from a future version of
  CMake.

  Update the VERSION argument <min> value.  Or, use the <min>...<max> syntax
  to tell CMake that the project requires at least <min> but has been updated
  to work with policies introduced by <max> or earlier.
Call Stack (most recent call first):
  /usr/local/share/cmake-3.31/Modules/Platform/Android-Clang.cmake:23 (include)
  /usr/local/share/cmake-3.31/Modules/Platform/Android-Clang-C.cmake:1 (include)
  /usr/local/share/cmake-3.31/Modules/CMakeCInformation.cmake:48 (include)
  /home/runner/work/zh-mobile/zh-mobile/build/android-arm64/CMakeFiles/CMakeScratch/TryCompile-H3F8wp/CMakeLists.txt:5 (project)


-- Looking for sqrt - found
-- Looking for sqrtf
CMake Deprecation Warning at /opt/hostedtoolcache/ndk/r27c/x64/build/cmake/android.toolchain.cmake:35 (cmake_minimum_required):
  Compatibility with CMake < 3.10 will be removed from a future version of
  CMake.

  Update the VERSION argument <min> value.  Or, use the <min>...<max> syntax
  to tell CMake that the project requires at least <min> but has been updated
  to work with policies introduced by <max> or earlier.
Call Stack (most recent call first):
  /home/runner/vcpkg/scripts/buildsystems/vcpkg.cmake:210 (include)
  /home/runner/work/zh-mobile/zh-mobile/build/android-arm64/CMakeFiles/3.31.6/CMakeSystem.cmake:6 (include)
  /home/runner/work/zh-mobile/zh-mobile/build/android-arm64/CMakeFiles/CMakeScratch/TryCompile-UUR1NF/CMakeLists.txt:5 (project)


CMake Deprecation Warning at /opt/hostedtoolcache/ndk/r27c/x64/build/cmake/android-legacy.toolchain.cmake:35 (cmake_minimum_required):
  Compatibility with CMake < 3.10 will be removed from a future version of
  CMake.

  Update the VERSION argument <min> value.  Or, use the <min>...<max> syntax
  to tell CMake that the project requires at least <min> but has been updated
  to work with policies introduced by <max> or earlier.
Call Stack (most recent call first):
  /opt/hostedtoolcache/ndk/r27c/x64/build/cmake/android.toolchain.cmake:55 (include)
  /home/runner/vcpkg/scripts/buildsystems/vcpkg.cmake:210 (include)
  /home/runner/work/zh-mobile/zh-mobile/build/android-arm64/CMakeFiles/3.31.6/CMakeSystem.cmake:6 (include)
  /home/runner/work/zh-mobile/zh-mobile/build/android-arm64/CMakeFiles/CMakeScratch/TryCompile-UUR1NF/CMakeLists.txt:5 (project)


CMake Deprecation Warning at /opt/hostedtoolcache/ndk/r27c/x64/build/cmake/flags.cmake:18 (cmake_minimum_required):
  Compatibility with CMake < 3.10 will be removed from a future version of
  CMake.

  Update the VERSION argument <min> value.  Or, use the <min>...<max> syntax
  to tell CMake that the project requires at least <min> but has been updated
  to work with policies introduced by <max> or earlier.
Call Stack (most recent call first):
  /usr/local/share/cmake-3.31/Modules/Platform/Android-Clang.cmake:23 (include)
  /usr/local/share/cmake-3.31/Modules/Platform/Android-Clang-C.cmake:1 (include)
  /usr/local/share/cmake-3.31/Modules/CMakeCInformation.cmake:48 (include)
  /home/runner/work/zh-mobile/zh-mobile/build/android-arm64/CMakeFiles/CMakeScratch/TryCompile-UUR1NF/CMakeLists.txt:5 (project)


-- Looking for sqrtf - found
-- Looking for sscanf
CMake Deprecation Warning at /opt/hostedtoolcache/ndk/r27c/x64/build/cmake/android.toolchain.cmake:35 (cmake_minimum_required):
  Compatibility with CMake < 3.10 will be removed from a future version of
  CMake.

  Update the VERSION argument <min> value.  Or, use the <min>...<max> syntax
  to tell CMake that the project requires at least <min> but has been updated
  to work with policies introduced by <max> or earlier.
Call Stack (most recent call first):
  /home/runner/vcpkg/scripts/buildsystems/vcpkg.cmake:210 (include)
  /home/runner/work/zh-mobile/zh-mobile/build/android-arm64/CMakeFiles/3.31.6/CMakeSystem.cmake:6 (include)
  /home/runner/work/zh-mobile/zh-mobile/build/android-arm64/CMakeFiles/CMakeScratch/TryCompile-RyxqBP/CMakeLists.txt:5 (project)


CMake Deprecation Warning at /opt/hostedtoolcache/ndk/r27c/x64/build/cmake/android-legacy.toolchain.cmake:35 (cmake_minimum_required):
  Compatibility with CMake < 3.10 will be removed from a future version of
  CMake.

  Update the VERSION argument <min> value.  Or, use the <min>...<max> syntax
  to tell CMake that the project requires at least <min> but has been updated
  to work with policies introduced by <max> or earlier.
Call Stack (most recent call first):
  /opt/hostedtoolcache/ndk/r27c/x64/build/cmake/android.toolchain.cmake:55 (include)
  /home/runner/vcpkg/scripts/buildsystems/vcpkg.cmake:210 (include)
  /home/runner/work/zh-mobile/zh-mobile/build/android-arm64/CMakeFiles/3.31.6/CMakeSystem.cmake:6 (include)
  /home/runner/work/zh-mobile/zh-mobile/build/android-arm64/CMakeFiles/CMakeScratch/TryCompile-RyxqBP/CMakeLists.txt:5 (project)


CMake Deprecation Warning at /opt/hostedtoolcache/ndk/r27c/x64/build/cmake/flags.cmake:18 (cmake_minimum_required):
  Compatibility with CMake < 3.10 will be removed from a future version of
  CMake.

  Update the VERSION argument <min> value.  Or, use the <min>...<max> syntax
  to tell CMake that the project requires at least <min> but has been updated
  to work with policies introduced by <max> or earlier.
Call Stack (most recent call first):
  /usr/local/share/cmake-3.31/Modules/Platform/Android-Clang.cmake:23 (include)
  /usr/local/share/cmake-3.31/Modules/Platform/Android-Clang-C.cmake:1 (include)
  /usr/local/share/cmake-3.31/Modules/CMakeCInformation.cmake:48 (include)
  /home/runner/work/zh-mobile/zh-mobile/build/android-arm64/CMakeFiles/CMakeScratch/TryCompile-RyxqBP/CMakeLists.txt:5 (project)


-- Looking for sscanf - found
-- Looking for strchr
CMake Deprecation Warning at /opt/hostedtoolcache/ndk/r27c/x64/build/cmake/android.toolchain.cmake:35 (cmake_minimum_required):
  Compatibility with CMake < 3.10 will be removed from a future version of
  CMake.

  Update the VERSION argument <min> value.  Or, use the <min>...<max> syntax
  to tell CMake that the project requires at least <min> but has been updated
  to work with policies introduced by <max> or earlier.
Call Stack (most recent call first):
  /home/runner/vcpkg/scripts/buildsystems/vcpkg.cmake:210 (include)
  /home/runner/work/zh-mobile/zh-mobile/build/android-arm64/CMakeFiles/3.31.6/CMakeSystem.cmake:6 (include)
  /home/runner/work/zh-mobile/zh-mobile/build/android-arm64/CMakeFiles/CMakeScratch/TryCompile-BHYtPJ/CMakeLists.txt:5 (project)


CMake Deprecation Warning at /opt/hostedtoolcache/ndk/r27c/x64/build/cmake/android-legacy.toolchain.cmake:35 (cmake_minimum_required):
  Compatibility with CMake < 3.10 will be removed from a future version of
  CMake.

  Update the VERSION argument <min> value.  Or, use the <min>...<max> syntax
  to tell CMake that the project requires at least <min> but has been updated
  to work with policies introduced by <max> or earlier.
Call Stack (most recent call first):
  /opt/hostedtoolcache/ndk/r27c/x64/build/cmake/android.toolchain.cmake:55 (include)
  /home/runner/vcpkg/scripts/buildsystems/vcpkg.cmake:210 (include)
  /home/runner/work/zh-mobile/zh-mobile/build/android-arm64/CMakeFiles/3.31.6/CMakeSystem.cmake:6 (include)
  /home/runner/work/zh-mobile/zh-mobile/build/android-arm64/CMakeFiles/CMakeScratch/TryCompile-BHYtPJ/CMakeLists.txt:5 (project)


CMake Deprecation Warning at /opt/hostedtoolcache/ndk/r27c/x64/build/cmake/flags.cmake:18 (cmake_minimum_required):
  Compatibility with CMake < 3.10 will be removed from a future version of
  CMake.

  Update the VERSION argument <min> value.  Or, use the <min>...<max> syntax
  to tell CMake that the project requires at least <min> but has been updated
  to work with policies introduced by <max> or earlier.
Call Stack (most recent call first):
  /usr/local/share/cmake-3.31/Modules/Platform/Android-Clang.cmake:23 (include)
  /usr/local/share/cmake-3.31/Modules/Platform/Android-Clang-C.cmake:1 (include)
  /usr/local/share/cmake-3.31/Modules/CMakeCInformation.cmake:48 (include)
  /home/runner/work/zh-mobile/zh-mobile/build/android-arm64/CMakeFiles/CMakeScratch/TryCompile-BHYtPJ/CMakeLists.txt:5 (project)


-- Looking for strchr - found
-- Looking for strcmp
CMake Deprecation Warning at /opt/hostedtoolcache/ndk/r27c/x64/build/cmake/android.toolchain.cmake:35 (cmake_minimum_required):
  Compatibility with CMake < 3.10 will be removed from a future version of
  CMake.

  Update the VERSION argument <min> value.  Or, use the <min>...<max> syntax
  to tell CMake that the project requires at least <min> but has been updated
  to work with policies introduced by <max> or earlier.
Call Stack (most recent call first):
  /home/runner/vcpkg/scripts/buildsystems/vcpkg.cmake:210 (include)
  /home/runner/work/zh-mobile/zh-mobile/build/android-arm64/CMakeFiles/3.31.6/CMakeSystem.cmake:6 (include)
  /home/runner/work/zh-mobile/zh-mobile/build/android-arm64/CMakeFiles/CMakeScratch/TryCompile-XeDv29/CMakeLists.txt:5 (project)


CMake Deprecation Warning at /opt/hostedtoolcache/ndk/r27c/x64/build/cmake/android-legacy.toolchain.cmake:35 (cmake_minimum_required):
  Compatibility with CMake < 3.10 will be removed from a future version of
  CMake.

  Update the VERSION argument <min> value.  Or, use the <min>...<max> syntax
  to tell CMake that the project requires at least <min> but has been updated
  to work with policies introduced by <max> or earlier.
Call Stack (most recent call first):
  /opt/hostedtoolcache/ndk/r27c/x64/build/cmake/android.toolchain.cmake:55 (include)
  /home/runner/vcpkg/scripts/buildsystems/vcpkg.cmake:210 (include)
  /home/runner/work/zh-mobile/zh-mobile/build/android-arm64/CMakeFiles/3.31.6/CMakeSystem.cmake:6 (include)
  /home/runner/work/zh-mobile/zh-mobile/build/android-arm64/CMakeFiles/CMakeScratch/TryCompile-XeDv29/CMakeLists.txt:5 (project)


CMake Deprecation Warning at /opt/hostedtoolcache/ndk/r27c/x64/build/cmake/flags.cmake:18 (cmake_minimum_required):
  Compatibility with CMake < 3.10 will be removed from a future version of
  CMake.

  Update the VERSION argument <min> value.  Or, use the <min>...<max> syntax
  to tell CMake that the project requires at least <min> but has been updated
  to work with policies introduced by <max> or earlier.
Call Stack (most recent call first):
  /usr/local/share/cmake-3.31/Modules/Platform/Android-Clang.cmake:23 (include)
  /usr/local/share/cmake-3.31/Modules/Platform/Android-Clang-C.cmake:1 (include)
  /usr/local/share/cmake-3.31/Modules/CMakeCInformation.cmake:48 (include)
  /home/runner/work/zh-mobile/zh-mobile/build/android-arm64/CMakeFiles/CMakeScratch/TryCompile-XeDv29/CMakeLists.txt:5 (project)


-- Looking for strcmp - found
-- Looking for strlcat
CMake Deprecation Warning at /opt/hostedtoolcache/ndk/r27c/x64/build/cmake/android.toolchain.cmake:35 (cmake_minimum_required):
  Compatibility with CMake < 3.10 will be removed from a future version of
  CMake.

  Update the VERSION argument <min> value.  Or, use the <min>...<max> syntax
  to tell CMake that the project requires at least <min> but has been updated
  to work with policies introduced by <max> or earlier.
Call Stack (most recent call first):
  /home/runner/vcpkg/scripts/buildsystems/vcpkg.cmake:210 (include)
  /home/runner/work/zh-mobile/zh-mobile/build/android-arm64/CMakeFiles/3.31.6/CMakeSystem.cmake:6 (include)
  /home/runner/work/zh-mobile/zh-mobile/build/android-arm64/CMakeFiles/CMakeScratch/TryCompile-5AJgqd/CMakeLists.txt:5 (project)


CMake Deprecation Warning at /opt/hostedtoolcache/ndk/r27c/x64/build/cmake/android-legacy.toolchain.cmake:35 (cmake_minimum_required):
  Compatibility with CMake < 3.10 will be removed from a future version of
  CMake.

  Update the VERSION argument <min> value.  Or, use the <min>...<max> syntax
  to tell CMake that the project requires at least <min> but has been updated
  to work with policies introduced by <max> or earlier.
Call Stack (most recent call first):
  /opt/hostedtoolcache/ndk/r27c/x64/build/cmake/android.toolchain.cmake:55 (include)
  /home/runner/vcpkg/scripts/buildsystems/vcpkg.cmake:210 (include)
  /home/runner/work/zh-mobile/zh-mobile/build/android-arm64/CMakeFiles/3.31.6/CMakeSystem.cmake:6 (include)
  /home/runner/work/zh-mobile/zh-mobile/build/android-arm64/CMakeFiles/CMakeScratch/TryCompile-5AJgqd/CMakeLists.txt:5 (project)


CMake Deprecation Warning at /opt/hostedtoolcache/ndk/r27c/x64/build/cmake/flags.cmake:18 (cmake_minimum_required):
  Compatibility with CMake < 3.10 will be removed from a future version of
  CMake.

  Update the VERSION argument <min> value.  Or, use the <min>...<max> syntax
  to tell CMake that the project requires at least <min> but has been updated
  to work with policies introduced by <max> or earlier.
Call Stack (most recent call first):
  /usr/local/share/cmake-3.31/Modules/Platform/Android-Clang.cmake:23 (include)
  /usr/local/share/cmake-3.31/Modules/Platform/Android-Clang-C.cmake:1 (include)
  /usr/local/share/cmake-3.31/Modules/CMakeCInformation.cmake:48 (include)
  /home/runner/work/zh-mobile/zh-mobile/build/android-arm64/CMakeFiles/CMakeScratch/TryCompile-5AJgqd/CMakeLists.txt:5 (project)


-- Looking for strlcat - found
-- Looking for strlcpy
CMake Deprecation Warning at /opt/hostedtoolcache/ndk/r27c/x64/build/cmake/android.toolchain.cmake:35 (cmake_minimum_required):
  Compatibility with CMake < 3.10 will be removed from a future version of
  CMake.

  Update the VERSION argument <min> value.  Or, use the <min>...<max> syntax
  to tell CMake that the project requires at least <min> but has been updated
  to work with policies introduced by <max> or earlier.
Call Stack (most recent call first):
  /home/runner/vcpkg/scripts/buildsystems/vcpkg.cmake:210 (include)
  /home/runner/work/zh-mobile/zh-mobile/build/android-arm64/CMakeFiles/3.31.6/CMakeSystem.cmake:6 (include)
  /home/runner/work/zh-mobile/zh-mobile/build/android-arm64/CMakeFiles/CMakeScratch/TryCompile-DJlnnK/CMakeLists.txt:5 (project)


CMake Deprecation Warning at /opt/hostedtoolcache/ndk/r27c/x64/build/cmake/android-legacy.toolchain.cmake:35 (cmake_minimum_required):
  Compatibility with CMake < 3.10 will be removed from a future version of
  CMake.

  Update the VERSION argument <min> value.  Or, use the <min>...<max> syntax
  to tell CMake that the project requires at least <min> but has been updated
  to work with policies introduced by <max> or earlier.
Call Stack (most recent call first):
  /opt/hostedtoolcache/ndk/r27c/x64/build/cmake/android.toolchain.cmake:55 (include)
  /home/runner/vcpkg/scripts/buildsystems/vcpkg.cmake:210 (include)
  /home/runner/work/zh-mobile/zh-mobile/build/android-arm64/CMakeFiles/3.31.6/CMakeSystem.cmake:6 (include)
  /home/runner/work/zh-mobile/zh-mobile/build/android-arm64/CMakeFiles/CMakeScratch/TryCompile-DJlnnK/CMakeLists.txt:5 (project)


CMake Deprecation Warning at /opt/hostedtoolcache/ndk/r27c/x64/build/cmake/flags.cmake:18 (cmake_minimum_required):
  Compatibility with CMake < 3.10 will be removed from a future version of
  CMake.

  Update the VERSION argument <min> value.  Or, use the <min>...<max> syntax
  to tell CMake that the project requires at least <min> but has been updated
  to work with policies introduced by <max> or earlier.
Call Stack (most recent call first):
  /usr/local/share/cmake-3.31/Modules/Platform/Android-Clang.cmake:23 (include)
  /usr/local/share/cmake-3.31/Modules/Platform/Android-Clang-C.cmake:1 (include)
  /usr/local/share/cmake-3.31/Modules/CMakeCInformation.cmake:48 (include)
  /home/runner/work/zh-mobile/zh-mobile/build/android-arm64/CMakeFiles/CMakeScratch/TryCompile-DJlnnK/CMakeLists.txt:5 (project)


-- Looking for strlcpy - found
-- Looking for strlen
CMake Deprecation Warning at /opt/hostedtoolcache/ndk/r27c/x64/build/cmake/android.toolchain.cmake:35 (cmake_minimum_required):
  Compatibility with CMake < 3.10 will be removed from a future version of
  CMake.

  Update the VERSION argument <min> value.  Or, use the <min>...<max> syntax
  to tell CMake that the project requires at least <min> but has been updated
  to work with policies introduced by <max> or earlier.
Call Stack (most recent call first):
  /home/runner/vcpkg/scripts/buildsystems/vcpkg.cmake:210 (include)
  /home/runner/work/zh-mobile/zh-mobile/build/android-arm64/CMakeFiles/3.31.6/CMakeSystem.cmake:6 (include)
  /home/runner/work/zh-mobile/zh-mobile/build/android-arm64/CMakeFiles/CMakeScratch/TryCompile-JLjYSs/CMakeLists.txt:5 (project)


CMake Deprecation Warning at /opt/hostedtoolcache/ndk/r27c/x64/build/cmake/android-legacy.toolchain.cmake:35 (cmake_minimum_required):
  Compatibility with CMake < 3.10 will be removed from a future version of
  CMake.

  Update the VERSION argument <min> value.  Or, use the <min>...<max> syntax
  to tell CMake that the project requires at least <min> but has been updated
  to work with policies introduced by <max> or earlier.
Call Stack (most recent call first):
  /opt/hostedtoolcache/ndk/r27c/x64/build/cmake/android.toolchain.cmake:55 (include)
  /home/runner/vcpkg/scripts/buildsystems/vcpkg.cmake:210 (include)
  /home/runner/work/zh-mobile/zh-mobile/build/android-arm64/CMakeFiles/3.31.6/CMakeSystem.cmake:6 (include)
  /home/runner/work/zh-mobile/zh-mobile/build/android-arm64/CMakeFiles/CMakeScratch/TryCompile-JLjYSs/CMakeLists.txt:5 (project)


CMake Deprecation Warning at /opt/hostedtoolcache/ndk/r27c/x64/build/cmake/flags.cmake:18 (cmake_minimum_required):
  Compatibility with CMake < 3.10 will be removed from a future version of
  CMake.

  Update the VERSION argument <min> value.  Or, use the <min>...<max> syntax
  to tell CMake that the project requires at least <min> but has been updated
  to work with policies introduced by <max> or earlier.
Call Stack (most recent call first):
  /usr/local/share/cmake-3.31/Modules/Platform/Android-Clang.cmake:23 (include)
  /usr/local/share/cmake-3.31/Modules/Platform/Android-Clang-C.cmake:1 (include)
  /usr/local/share/cmake-3.31/Modules/CMakeCInformation.cmake:48 (include)
  /home/runner/work/zh-mobile/zh-mobile/build/android-arm64/CMakeFiles/CMakeScratch/TryCompile-JLjYSs/CMakeLists.txt:5 (project)


-- Looking for strlen - found
-- Looking for strncmp
CMake Deprecation Warning at /opt/hostedtoolcache/ndk/r27c/x64/build/cmake/android.toolchain.cmake:35 (cmake_minimum_required):
  Compatibility with CMake < 3.10 will be removed from a future version of
  CMake.

  Update the VERSION argument <min> value.  Or, use the <min>...<max> syntax
  to tell CMake that the project requires at least <min> but has been updated
  to work with policies introduced by <max> or earlier.
Call Stack (most recent call first):
  /home/runner/vcpkg/scripts/buildsystems/vcpkg.cmake:210 (include)
  /home/runner/work/zh-mobile/zh-mobile/build/android-arm64/CMakeFiles/3.31.6/CMakeSystem.cmake:6 (include)
  /home/runner/work/zh-mobile/zh-mobile/build/android-arm64/CMakeFiles/CMakeScratch/TryCompile-jtsxRs/CMakeLists.txt:5 (project)


CMake Deprecation Warning at /opt/hostedtoolcache/ndk/r27c/x64/build/cmake/android-legacy.toolchain.cmake:35 (cmake_minimum_required):
  Compatibility with CMake < 3.10 will be removed from a future version of
  CMake.

  Update the VERSION argument <min> value.  Or, use the <min>...<max> syntax
  to tell CMake that the project requires at least <min> but has been updated
  to work with policies introduced by <max> or earlier.
Call Stack (most recent call first):
  /opt/hostedtoolcache/ndk/r27c/x64/build/cmake/android.toolchain.cmake:55 (include)
  /home/runner/vcpkg/scripts/buildsystems/vcpkg.cmake:210 (include)
  /home/runner/work/zh-mobile/zh-mobile/build/android-arm64/CMakeFiles/3.31.6/CMakeSystem.cmake:6 (include)
  /home/runner/work/zh-mobile/zh-mobile/build/android-arm64/CMakeFiles/CMakeScratch/TryCompile-jtsxRs/CMakeLists.txt:5 (project)


CMake Deprecation Warning at /opt/hostedtoolcache/ndk/r27c/x64/build/cmake/flags.cmake:18 (cmake_minimum_required):
  Compatibility with CMake < 3.10 will be removed from a future version of
  CMake.

  Update the VERSION argument <min> value.  Or, use the <min>...<max> syntax
  to tell CMake that the project requires at least <min> but has been updated
  to work with policies introduced by <max> or earlier.
Call Stack (most recent call first):
  /usr/local/share/cmake-3.31/Modules/Platform/Android-Clang.cmake:23 (include)
  /usr/local/share/cmake-3.31/Modules/Platform/Android-Clang-C.cmake:1 (include)
  /usr/local/share/cmake-3.31/Modules/CMakeCInformation.cmake:48 (include)
  /home/runner/work/zh-mobile/zh-mobile/build/android-arm64/CMakeFiles/CMakeScratch/TryCompile-jtsxRs/CMakeLists.txt:5 (project)


-- Looking for strncmp - found
-- Looking for strnlen
CMake Deprecation Warning at /opt/hostedtoolcache/ndk/r27c/x64/build/cmake/android.toolchain.cmake:35 (cmake_minimum_required):
  Compatibility with CMake < 3.10 will be removed from a future version of
  CMake.

  Update the VERSION argument <min> value.  Or, use the <min>...<max> syntax
  to tell CMake that the project requires at least <min> but has been updated
  to work with policies introduced by <max> or earlier.
Call Stack (most recent call first):
  /home/runner/vcpkg/scripts/buildsystems/vcpkg.cmake:210 (include)
  /home/runner/work/zh-mobile/zh-mobile/build/android-arm64/CMakeFiles/3.31.6/CMakeSystem.cmake:6 (include)
  /home/runner/work/zh-mobile/zh-mobile/build/android-arm64/CMakeFiles/CMakeScratch/TryCompile-88TwzH/CMakeLists.txt:5 (project)


CMake Deprecation Warning at /opt/hostedtoolcache/ndk/r27c/x64/build/cmake/android-legacy.toolchain.cmake:35 (cmake_minimum_required):
  Compatibility with CMake < 3.10 will be removed from a future version of
  CMake.

  Update the VERSION argument <min> value.  Or, use the <min>...<max> syntax
  to tell CMake that the project requires at least <min> but has been updated
  to work with policies introduced by <max> or earlier.
Call Stack (most recent call first):
  /opt/hostedtoolcache/ndk/r27c/x64/build/cmake/android.toolchain.cmake:55 (include)
  /home/runner/vcpkg/scripts/buildsystems/vcpkg.cmake:210 (include)
  /home/runner/work/zh-mobile/zh-mobile/build/android-arm64/CMakeFiles/3.31.6/CMakeSystem.cmake:6 (include)
  /home/runner/work/zh-mobile/zh-mobile/build/android-arm64/CMakeFiles/CMakeScratch/TryCompile-88TwzH/CMakeLists.txt:5 (project)


CMake Deprecation Warning at /opt/hostedtoolcache/ndk/r27c/x64/build/cmake/flags.cmake:18 (cmake_minimum_required):
  Compatibility with CMake < 3.10 will be removed from a future version of
  CMake.

  Update the VERSION argument <min> value.  Or, use the <min>...<max> syntax
  to tell CMake that the project requires at least <min> but has been updated
  to work with policies introduced by <max> or earlier.
Call Stack (most recent call first):
  /usr/local/share/cmake-3.31/Modules/Platform/Android-Clang.cmake:23 (include)
  /usr/local/share/cmake-3.31/Modules/Platform/Android-Clang-C.cmake:1 (include)
  /usr/local/share/cmake-3.31/Modules/CMakeCInformation.cmake:48 (include)
  /home/runner/work/zh-mobile/zh-mobile/build/android-arm64/CMakeFiles/CMakeScratch/TryCompile-88TwzH/CMakeLists.txt:5 (project)


-- Looking for strnlen - found
-- Looking for strpbrk
CMake Deprecation Warning at /opt/hostedtoolcache/ndk/r27c/x64/build/cmake/android.toolchain.cmake:35 (cmake_minimum_required):
  Compatibility with CMake < 3.10 will be removed from a future version of
  CMake.

  Update the VERSION argument <min> value.  Or, use the <min>...<max> syntax
  to tell CMake that the project requires at least <min> but has been updated
  to work with policies introduced by <max> or earlier.
Call Stack (most recent call first):
  /home/runner/vcpkg/scripts/buildsystems/vcpkg.cmake:210 (include)
  /home/runner/work/zh-mobile/zh-mobile/build/android-arm64/CMakeFiles/3.31.6/CMakeSystem.cmake:6 (include)
  /home/runner/work/zh-mobile/zh-mobile/build/android-arm64/CMakeFiles/CMakeScratch/TryCompile-EziE4v/CMakeLists.txt:5 (project)


CMake Deprecation Warning at /opt/hostedtoolcache/ndk/r27c/x64/build/cmake/android-legacy.toolchain.cmake:35 (cmake_minimum_required):
  Compatibility with CMake < 3.10 will be removed from a future version of
  CMake.

  Update the VERSION argument <min> value.  Or, use the <min>...<max> syntax
  to tell CMake that the project requires at least <min> but has been updated
  to work with policies introduced by <max> or earlier.
Call Stack (most recent call first):
  /opt/hostedtoolcache/ndk/r27c/x64/build/cmake/android.toolchain.cmake:55 (include)
  /home/runner/vcpkg/scripts/buildsystems/vcpkg.cmake:210 (include)
  /home/runner/work/zh-mobile/zh-mobile/build/android-arm64/CMakeFiles/3.31.6/CMakeSystem.cmake:6 (include)
  /home/runner/work/zh-mobile/zh-mobile/build/android-arm64/CMakeFiles/CMakeScratch/TryCompile-EziE4v/CMakeLists.txt:5 (project)


CMake Deprecation Warning at /opt/hostedtoolcache/ndk/r27c/x64/build/cmake/flags.cmake:18 (cmake_minimum_required):
  Compatibility with CMake < 3.10 will be removed from a future version of
  CMake.

  Update the VERSION argument <min> value.  Or, use the <min>...<max> syntax
  to tell CMake that the project requires at least <min> but has been updated
  to work with policies introduced by <max> or earlier.
Call Stack (most recent call first):
  /usr/local/share/cmake-3.31/Modules/Platform/Android-Clang.cmake:23 (include)
  /usr/local/share/cmake-3.31/Modules/Platform/Android-Clang-C.cmake:1 (include)
  /usr/local/share/cmake-3.31/Modules/CMakeCInformation.cmake:48 (include)
  /home/runner/work/zh-mobile/zh-mobile/build/android-arm64/CMakeFiles/CMakeScratch/TryCompile-EziE4v/CMakeLists.txt:5 (project)


-- Looking for strpbrk - found
-- Looking for strrchr
CMake Deprecation Warning at /opt/hostedtoolcache/ndk/r27c/x64/build/cmake/android.toolchain.cmake:35 (cmake_minimum_required):
  Compatibility with CMake < 3.10 will be removed from a future version of
  CMake.

  Update the VERSION argument <min> value.  Or, use the <min>...<max> syntax
  to tell CMake that the project requires at least <min> but has been updated
  to work with policies introduced by <max> or earlier.
Call Stack (most recent call first):
  /home/runner/vcpkg/scripts/buildsystems/vcpkg.cmake:210 (include)
  /home/runner/work/zh-mobile/zh-mobile/build/android-arm64/CMakeFiles/3.31.6/CMakeSystem.cmake:6 (include)
  /home/runner/work/zh-mobile/zh-mobile/build/android-arm64/CMakeFiles/CMakeScratch/TryCompile-2SLXmF/CMakeLists.txt:5 (project)


CMake Deprecation Warning at /opt/hostedtoolcache/ndk/r27c/x64/build/cmake/android-legacy.toolchain.cmake:35 (cmake_minimum_required):
  Compatibility with CMake < 3.10 will be removed from a future version of
  CMake.

  Update the VERSION argument <min> value.  Or, use the <min>...<max> syntax
  to tell CMake that the project requires at least <min> but has been updated
  to work with policies introduced by <max> or earlier.
Call Stack (most recent call first):
  /opt/hostedtoolcache/ndk/r27c/x64/build/cmake/android.toolchain.cmake:55 (include)
  /home/runner/vcpkg/scripts/buildsystems/vcpkg.cmake:210 (include)
  /home/runner/work/zh-mobile/zh-mobile/build/android-arm64/CMakeFiles/3.31.6/CMakeSystem.cmake:6 (include)
  /home/runner/work/zh-mobile/zh-mobile/build/android-arm64/CMakeFiles/CMakeScratch/TryCompile-2SLXmF/CMakeLists.txt:5 (project)


CMake Deprecation Warning at /opt/hostedtoolcache/ndk/r27c/x64/build/cmake/flags.cmake:18 (cmake_minimum_required):
  Compatibility with CMake < 3.10 will be removed from a future version of
  CMake.

  Update the VERSION argument <min> value.  Or, use the <min>...<max> syntax
  to tell CMake that the project requires at least <min> but has been updated
  to work with policies introduced by <max> or earlier.
Call Stack (most recent call first):
  /usr/local/share/cmake-3.31/Modules/Platform/Android-Clang.cmake:23 (include)
  /usr/local/share/cmake-3.31/Modules/Platform/Android-Clang-C.cmake:1 (include)
  /usr/local/share/cmake-3.31/Modules/CMakeCInformation.cmake:48 (include)
  /home/runner/work/zh-mobile/zh-mobile/build/android-arm64/CMakeFiles/CMakeScratch/TryCompile-2SLXmF/CMakeLists.txt:5 (project)


-- Looking for strrchr - found
-- Looking for strstr
CMake Deprecation Warning at /opt/hostedtoolcache/ndk/r27c/x64/build/cmake/android.toolchain.cmake:35 (cmake_minimum_required):
  Compatibility with CMake < 3.10 will be removed from a future version of
  CMake.

  Update the VERSION argument <min> value.  Or, use the <min>...<max> syntax
  to tell CMake that the project requires at least <min> but has been updated
  to work with policies introduced by <max> or earlier.
Call Stack (most recent call first):
  /home/runner/vcpkg/scripts/buildsystems/vcpkg.cmake:210 (include)
  /home/runner/work/zh-mobile/zh-mobile/build/android-arm64/CMakeFiles/3.31.6/CMakeSystem.cmake:6 (include)
  /home/runner/work/zh-mobile/zh-mobile/build/android-arm64/CMakeFiles/CMakeScratch/TryCompile-CgFYSE/CMakeLists.txt:5 (project)


CMake Deprecation Warning at /opt/hostedtoolcache/ndk/r27c/x64/build/cmake/android-legacy.toolchain.cmake:35 (cmake_minimum_required):
  Compatibility with CMake < 3.10 will be removed from a future version of
  CMake.

  Update the VERSION argument <min> value.  Or, use the <min>...<max> syntax
  to tell CMake that the project requires at least <min> but has been updated
  to work with policies introduced by <max> or earlier.
Call Stack (most recent call first):
  /opt/hostedtoolcache/ndk/r27c/x64/build/cmake/android.toolchain.cmake:55 (include)
  /home/runner/vcpkg/scripts/buildsystems/vcpkg.cmake:210 (include)
  /home/runner/work/zh-mobile/zh-mobile/build/android-arm64/CMakeFiles/3.31.6/CMakeSystem.cmake:6 (include)
  /home/runner/work/zh-mobile/zh-mobile/build/android-arm64/CMakeFiles/CMakeScratch/TryCompile-CgFYSE/CMakeLists.txt:5 (project)


CMake Deprecation Warning at /opt/hostedtoolcache/ndk/r27c/x64/build/cmake/flags.cmake:18 (cmake_minimum_required):
  Compatibility with CMake < 3.10 will be removed from a future version of
  CMake.

  Update the VERSION argument <min> value.  Or, use the <min>...<max> syntax
  to tell CMake that the project requires at least <min> but has been updated
  to work with policies introduced by <max> or earlier.
Call Stack (most recent call first):
  /usr/local/share/cmake-3.31/Modules/Platform/Android-Clang.cmake:23 (include)
  /usr/local/share/cmake-3.31/Modules/Platform/Android-Clang-C.cmake:1 (include)
  /usr/local/share/cmake-3.31/Modules/CMakeCInformation.cmake:48 (include)
  /home/runner/work/zh-mobile/zh-mobile/build/android-arm64/CMakeFiles/CMakeScratch/TryCompile-CgFYSE/CMakeLists.txt:5 (project)


-- Looking for strstr - found
-- Looking for strnstr
CMake Deprecation Warning at /opt/hostedtoolcache/ndk/r27c/x64/build/cmake/android.toolchain.cmake:35 (cmake_minimum_required):
  Compatibility with CMake < 3.10 will be removed from a future version of
  CMake.

  Update the VERSION argument <min> value.  Or, use the <min>...<max> syntax
  to tell CMake that the project requires at least <min> but has been updated
  to work with policies introduced by <max> or earlier.
Call Stack (most recent call first):
  /home/runner/vcpkg/scripts/buildsystems/vcpkg.cmake:210 (include)
  /home/runner/work/zh-mobile/zh-mobile/build/android-arm64/CMakeFiles/3.31.6/CMakeSystem.cmake:6 (include)
  /home/runner/work/zh-mobile/zh-mobile/build/android-arm64/CMakeFiles/CMakeScratch/TryCompile-yKlGXF/CMakeLists.txt:5 (project)


CMake Deprecation Warning at /opt/hostedtoolcache/ndk/r27c/x64/build/cmake/android-legacy.toolchain.cmake:35 (cmake_minimum_required):
  Compatibility with CMake < 3.10 will be removed from a future version of
  CMake.

  Update the VERSION argument <min> value.  Or, use the <min>...<max> syntax
  to tell CMake that the project requires at least <min> but has been updated
  to work with policies introduced by <max> or earlier.
Call Stack (most recent call first):
  /opt/hostedtoolcache/ndk/r27c/x64/build/cmake/android.toolchain.cmake:55 (include)
  /home/runner/vcpkg/scripts/buildsystems/vcpkg.cmake:210 (include)
  /home/runner/work/zh-mobile/zh-mobile/build/android-arm64/CMakeFiles/3.31.6/CMakeSystem.cmake:6 (include)
  /home/runner/work/zh-mobile/zh-mobile/build/android-arm64/CMakeFiles/CMakeScratch/TryCompile-yKlGXF/CMakeLists.txt:5 (project)


CMake Deprecation Warning at /opt/hostedtoolcache/ndk/r27c/x64/build/cmake/flags.cmake:18 (cmake_minimum_required):
  Compatibility with CMake < 3.10 will be removed from a future version of
  CMake.

  Update the VERSION argument <min> value.  Or, use the <min>...<max> syntax
  to tell CMake that the project requires at least <min> but has been updated
  to work with policies introduced by <max> or earlier.
Call Stack (most recent call first):
  /usr/local/share/cmake-3.31/Modules/Platform/Android-Clang.cmake:23 (include)
  /usr/local/share/cmake-3.31/Modules/Platform/Android-Clang-C.cmake:1 (include)
  /usr/local/share/cmake-3.31/Modules/CMakeCInformation.cmake:48 (include)
  /home/runner/work/zh-mobile/zh-mobile/build/android-arm64/CMakeFiles/CMakeScratch/TryCompile-yKlGXF/CMakeLists.txt:5 (project)


-- Looking for strnstr - not found
-- Looking for strtod
CMake Deprecation Warning at /opt/hostedtoolcache/ndk/r27c/x64/build/cmake/android.toolchain.cmake:35 (cmake_minimum_required):
  Compatibility with CMake < 3.10 will be removed from a future version of
  CMake.

  Update the VERSION argument <min> value.  Or, use the <min>...<max> syntax
  to tell CMake that the project requires at least <min> but has been updated
  to work with policies introduced by <max> or earlier.
Call Stack (most recent call first):
  /home/runner/vcpkg/scripts/buildsystems/vcpkg.cmake:210 (include)
  /home/runner/work/zh-mobile/zh-mobile/build/android-arm64/CMakeFiles/3.31.6/CMakeSystem.cmake:6 (include)
  /home/runner/work/zh-mobile/zh-mobile/build/android-arm64/CMakeFiles/CMakeScratch/TryCompile-nhk2Q4/CMakeLists.txt:5 (project)


CMake Deprecation Warning at /opt/hostedtoolcache/ndk/r27c/x64/build/cmake/android-legacy.toolchain.cmake:35 (cmake_minimum_required):
  Compatibility with CMake < 3.10 will be removed from a future version of
  CMake.

  Update the VERSION argument <min> value.  Or, use the <min>...<max> syntax
  to tell CMake that the project requires at least <min> but has been updated
  to work with policies introduced by <max> or earlier.
Call Stack (most recent call first):
  /opt/hostedtoolcache/ndk/r27c/x64/build/cmake/android.toolchain.cmake:55 (include)
  /home/runner/vcpkg/scripts/buildsystems/vcpkg.cmake:210 (include)
  /home/runner/work/zh-mobile/zh-mobile/build/android-arm64/CMakeFiles/3.31.6/CMakeSystem.cmake:6 (include)
  /home/runner/work/zh-mobile/zh-mobile/build/android-arm64/CMakeFiles/CMakeScratch/TryCompile-nhk2Q4/CMakeLists.txt:5 (project)


CMake Deprecation Warning at /opt/hostedtoolcache/ndk/r27c/x64/build/cmake/flags.cmake:18 (cmake_minimum_required):
  Compatibility with CMake < 3.10 will be removed from a future version of
  CMake.

  Update the VERSION argument <min> value.  Or, use the <min>...<max> syntax
  to tell CMake that the project requires at least <min> but has been updated
  to work with policies introduced by <max> or earlier.
Call Stack (most recent call first):
  /usr/local/share/cmake-3.31/Modules/Platform/Android-Clang.cmake:23 (include)
  /usr/local/share/cmake-3.31/Modules/Platform/Android-Clang-C.cmake:1 (include)
  /usr/local/share/cmake-3.31/Modules/CMakeCInformation.cmake:48 (include)
  /home/runner/work/zh-mobile/zh-mobile/build/android-arm64/CMakeFiles/CMakeScratch/TryCompile-nhk2Q4/CMakeLists.txt:5 (project)


-- Looking for strtod - found
-- Looking for strtok_r
CMake Deprecation Warning at /opt/hostedtoolcache/ndk/r27c/x64/build/cmake/android.toolchain.cmake:35 (cmake_minimum_required):
  Compatibility with CMake < 3.10 will be removed from a future version of
  CMake.

  Update the VERSION argument <min> value.  Or, use the <min>...<max> syntax
  to tell CMake that the project requires at least <min> but has been updated
  to work with policies introduced by <max> or earlier.
Call Stack (most recent call first):
  /home/runner/vcpkg/scripts/buildsystems/vcpkg.cmake:210 (include)
  /home/runner/work/zh-mobile/zh-mobile/build/android-arm64/CMakeFiles/3.31.6/CMakeSystem.cmake:6 (include)
  /home/runner/work/zh-mobile/zh-mobile/build/android-arm64/CMakeFiles/CMakeScratch/TryCompile-vHqCsw/CMakeLists.txt:5 (project)


CMake Deprecation Warning at /opt/hostedtoolcache/ndk/r27c/x64/build/cmake/android-legacy.toolchain.cmake:35 (cmake_minimum_required):
  Compatibility with CMake < 3.10 will be removed from a future version of
  CMake.

  Update the VERSION argument <min> value.  Or, use the <min>...<max> syntax
  to tell CMake that the project requires at least <min> but has been updated
  to work with policies introduced by <max> or earlier.
Call Stack (most recent call first):
  /opt/hostedtoolcache/ndk/r27c/x64/build/cmake/android.toolchain.cmake:55 (include)
  /home/runner/vcpkg/scripts/buildsystems/vcpkg.cmake:210 (include)
  /home/runner/work/zh-mobile/zh-mobile/build/android-arm64/CMakeFiles/3.31.6/CMakeSystem.cmake:6 (include)
  /home/runner/work/zh-mobile/zh-mobile/build/android-arm64/CMakeFiles/CMakeScratch/TryCompile-vHqCsw/CMakeLists.txt:5 (project)


CMake Deprecation Warning at /opt/hostedtoolcache/ndk/r27c/x64/build/cmake/flags.cmake:18 (cmake_minimum_required):
  Compatibility with CMake < 3.10 will be removed from a future version of
  CMake.

  Update the VERSION argument <min> value.  Or, use the <min>...<max> syntax
  to tell CMake that the project requires at least <min> but has been updated
  to work with policies introduced by <max> or earlier.
Call Stack (most recent call first):
  /usr/local/share/cmake-3.31/Modules/Platform/Android-Clang.cmake:23 (include)
  /usr/local/share/cmake-3.31/Modules/Platform/Android-Clang-C.cmake:1 (include)
  /usr/local/share/cmake-3.31/Modules/CMakeCInformation.cmake:48 (include)
  /home/runner/work/zh-mobile/zh-mobile/build/android-arm64/CMakeFiles/CMakeScratch/TryCompile-vHqCsw/CMakeLists.txt:5 (project)


-- Looking for strtok_r - found
-- Looking for strtol
CMake Deprecation Warning at /opt/hostedtoolcache/ndk/r27c/x64/build/cmake/android.toolchain.cmake:35 (cmake_minimum_required):
  Compatibility with CMake < 3.10 will be removed from a future version of
  CMake.

  Update the VERSION argument <min> value.  Or, use the <min>...<max> syntax
  to tell CMake that the project requires at least <min> but has been updated
  to work with policies introduced by <max> or earlier.
Call Stack (most recent call first):
  /home/runner/vcpkg/scripts/buildsystems/vcpkg.cmake:210 (include)
  /home/runner/work/zh-mobile/zh-mobile/build/android-arm64/CMakeFiles/3.31.6/CMakeSystem.cmake:6 (include)
  /home/runner/work/zh-mobile/zh-mobile/build/android-arm64/CMakeFiles/CMakeScratch/TryCompile-vD8mhh/CMakeLists.txt:5 (project)


CMake Deprecation Warning at /opt/hostedtoolcache/ndk/r27c/x64/build/cmake/android-legacy.toolchain.cmake:35 (cmake_minimum_required):
  Compatibility with CMake < 3.10 will be removed from a future version of
  CMake.

  Update the VERSION argument <min> value.  Or, use the <min>...<max> syntax
  to tell CMake that the project requires at least <min> but has been updated
  to work with policies introduced by <max> or earlier.
Call Stack (most recent call first):
  /opt/hostedtoolcache/ndk/r27c/x64/build/cmake/android.toolchain.cmake:55 (include)
  /home/runner/vcpkg/scripts/buildsystems/vcpkg.cmake:210 (include)
  /home/runner/work/zh-mobile/zh-mobile/build/android-arm64/CMakeFiles/3.31.6/CMakeSystem.cmake:6 (include)
  /home/runner/work/zh-mobile/zh-mobile/build/android-arm64/CMakeFiles/CMakeScratch/TryCompile-vD8mhh/CMakeLists.txt:5 (project)


CMake Deprecation Warning at /opt/hostedtoolcache/ndk/r27c/x64/build/cmake/flags.cmake:18 (cmake_minimum_required):
  Compatibility with CMake < 3.10 will be removed from a future version of
  CMake.

  Update the VERSION argument <min> value.  Or, use the <min>...<max> syntax
  to tell CMake that the project requires at least <min> but has been updated
  to work with policies introduced by <max> or earlier.
Call Stack (most recent call first):
  /usr/local/share/cmake-3.31/Modules/Platform/Android-Clang.cmake:23 (include)
  /usr/local/share/cmake-3.31/Modules/Platform/Android-Clang-C.cmake:1 (include)
  /usr/local/share/cmake-3.31/Modules/CMakeCInformation.cmake:48 (include)
  /home/runner/work/zh-mobile/zh-mobile/build/android-arm64/CMakeFiles/CMakeScratch/TryCompile-vD8mhh/CMakeLists.txt:5 (project)


-- Looking for strtol - found
-- Looking for strtoll
CMake Deprecation Warning at /opt/hostedtoolcache/ndk/r27c/x64/build/cmake/android.toolchain.cmake:35 (cmake_minimum_required):
  Compatibility with CMake < 3.10 will be removed from a future version of
  CMake.

  Update the VERSION argument <min> value.  Or, use the <min>...<max> syntax
  to tell CMake that the project requires at least <min> but has been updated
  to work with policies introduced by <max> or earlier.
Call Stack (most recent call first):
  /home/runner/vcpkg/scripts/buildsystems/vcpkg.cmake:210 (include)
  /home/runner/work/zh-mobile/zh-mobile/build/android-arm64/CMakeFiles/3.31.6/CMakeSystem.cmake:6 (include)
  /home/runner/work/zh-mobile/zh-mobile/build/android-arm64/CMakeFiles/CMakeScratch/TryCompile-ACx8dk/CMakeLists.txt:5 (project)


CMake Deprecation Warning at /opt/hostedtoolcache/ndk/r27c/x64/build/cmake/android-legacy.toolchain.cmake:35 (cmake_minimum_required):
  Compatibility with CMake < 3.10 will be removed from a future version of
  CMake.

  Update the VERSION argument <min> value.  Or, use the <min>...<max> syntax
  to tell CMake that the project requires at least <min> but has been updated
  to work with policies introduced by <max> or earlier.
Call Stack (most recent call first):
  /opt/hostedtoolcache/ndk/r27c/x64/build/cmake/android.toolchain.cmake:55 (include)
  /home/runner/vcpkg/scripts/buildsystems/vcpkg.cmake:210 (include)
  /home/runner/work/zh-mobile/zh-mobile/build/android-arm64/CMakeFiles/3.31.6/CMakeSystem.cmake:6 (include)
  /home/runner/work/zh-mobile/zh-mobile/build/android-arm64/CMakeFiles/CMakeScratch/TryCompile-ACx8dk/CMakeLists.txt:5 (project)


CMake Deprecation Warning at /opt/hostedtoolcache/ndk/r27c/x64/build/cmake/flags.cmake:18 (cmake_minimum_required):
  Compatibility with CMake < 3.10 will be removed from a future version of
  CMake.

  Update the VERSION argument <min> value.  Or, use the <min>...<max> syntax
  to tell CMake that the project requires at least <min> but has been updated
  to work with policies introduced by <max> or earlier.
Call Stack (most recent call first):
  /usr/local/share/cmake-3.31/Modules/Platform/Android-Clang.cmake:23 (include)
  /usr/local/share/cmake-3.31/Modules/Platform/Android-Clang-C.cmake:1 (include)
  /usr/local/share/cmake-3.31/Modules/CMakeCInformation.cmake:48 (include)
  /home/runner/work/zh-mobile/zh-mobile/build/android-arm64/CMakeFiles/CMakeScratch/TryCompile-ACx8dk/CMakeLists.txt:5 (project)


-- Looking for strtoll - found
-- Looking for strtoul
CMake Deprecation Warning at /opt/hostedtoolcache/ndk/r27c/x64/build/cmake/android.toolchain.cmake:35 (cmake_minimum_required):
  Compatibility with CMake < 3.10 will be removed from a future version of
  CMake.

  Update the VERSION argument <min> value.  Or, use the <min>...<max> syntax
  to tell CMake that the project requires at least <min> but has been updated
  to work with policies introduced by <max> or earlier.
Call Stack (most recent call first):
  /home/runner/vcpkg/scripts/buildsystems/vcpkg.cmake:210 (include)
  /home/runner/work/zh-mobile/zh-mobile/build/android-arm64/CMakeFiles/3.31.6/CMakeSystem.cmake:6 (include)
  /home/runner/work/zh-mobile/zh-mobile/build/android-arm64/CMakeFiles/CMakeScratch/TryCompile-sM6VeX/CMakeLists.txt:5 (project)


CMake Deprecation Warning at /opt/hostedtoolcache/ndk/r27c/x64/build/cmake/android-legacy.toolchain.cmake:35 (cmake_minimum_required):
  Compatibility with CMake < 3.10 will be removed from a future version of
  CMake.

  Update the VERSION argument <min> value.  Or, use the <min>...<max> syntax
  to tell CMake that the project requires at least <min> but has been updated
  to work with policies introduced by <max> or earlier.
Call Stack (most recent call first):
  /opt/hostedtoolcache/ndk/r27c/x64/build/cmake/android.toolchain.cmake:55 (include)
  /home/runner/vcpkg/scripts/buildsystems/vcpkg.cmake:210 (include)
  /home/runner/work/zh-mobile/zh-mobile/build/android-arm64/CMakeFiles/3.31.6/CMakeSystem.cmake:6 (include)
  /home/runner/work/zh-mobile/zh-mobile/build/android-arm64/CMakeFiles/CMakeScratch/TryCompile-sM6VeX/CMakeLists.txt:5 (project)


CMake Deprecation Warning at /opt/hostedtoolcache/ndk/r27c/x64/build/cmake/flags.cmake:18 (cmake_minimum_required):
  Compatibility with CMake < 3.10 will be removed from a future version of
  CMake.

  Update the VERSION argument <min> value.  Or, use the <min>...<max> syntax
  to tell CMake that the project requires at least <min> but has been updated
  to work with policies introduced by <max> or earlier.
Call Stack (most recent call first):
  /usr/local/share/cmake-3.31/Modules/Platform/Android-Clang.cmake:23 (include)
  /usr/local/share/cmake-3.31/Modules/Platform/Android-Clang-C.cmake:1 (include)
  /usr/local/share/cmake-3.31/Modules/CMakeCInformation.cmake:48 (include)
  /home/runner/work/zh-mobile/zh-mobile/build/android-arm64/CMakeFiles/CMakeScratch/TryCompile-sM6VeX/CMakeLists.txt:5 (project)


-- Looking for strtoul - found
-- Looking for strtoull
CMake Deprecation Warning at /opt/hostedtoolcache/ndk/r27c/x64/build/cmake/android.toolchain.cmake:35 (cmake_minimum_required):
  Compatibility with CMake < 3.10 will be removed from a future version of
  CMake.

  Update the VERSION argument <min> value.  Or, use the <min>...<max> syntax
  to tell CMake that the project requires at least <min> but has been updated
  to work with policies introduced by <max> or earlier.
Call Stack (most recent call first):
  /home/runner/vcpkg/scripts/buildsystems/vcpkg.cmake:210 (include)
  /home/runner/work/zh-mobile/zh-mobile/build/android-arm64/CMakeFiles/3.31.6/CMakeSystem.cmake:6 (include)
  /home/runner/work/zh-mobile/zh-mobile/build/android-arm64/CMakeFiles/CMakeScratch/TryCompile-yjQaQv/CMakeLists.txt:5 (project)


CMake Deprecation Warning at /opt/hostedtoolcache/ndk/r27c/x64/build/cmake/android-legacy.toolchain.cmake:35 (cmake_minimum_required):
  Compatibility with CMake < 3.10 will be removed from a future version of
  CMake.

  Update the VERSION argument <min> value.  Or, use the <min>...<max> syntax
  to tell CMake that the project requires at least <min> but has been updated
  to work with policies introduced by <max> or earlier.
Call Stack (most recent call first):
  /opt/hostedtoolcache/ndk/r27c/x64/build/cmake/android.toolchain.cmake:55 (include)
  /home/runner/vcpkg/scripts/buildsystems/vcpkg.cmake:210 (include)
  /home/runner/work/zh-mobile/zh-mobile/build/android-arm64/CMakeFiles/3.31.6/CMakeSystem.cmake:6 (include)
  /home/runner/work/zh-mobile/zh-mobile/build/android-arm64/CMakeFiles/CMakeScratch/TryCompile-yjQaQv/CMakeLists.txt:5 (project)


CMake Deprecation Warning at /opt/hostedtoolcache/ndk/r27c/x64/build/cmake/flags.cmake:18 (cmake_minimum_required):
  Compatibility with CMake < 3.10 will be removed from a future version of
  CMake.

  Update the VERSION argument <min> value.  Or, use the <min>...<max> syntax
  to tell CMake that the project requires at least <min> but has been updated
  to work with policies introduced by <max> or earlier.
Call Stack (most recent call first):
  /usr/local/share/cmake-3.31/Modules/Platform/Android-Clang.cmake:23 (include)
  /usr/local/share/cmake-3.31/Modules/Platform/Android-Clang-C.cmake:1 (include)
  /usr/local/share/cmake-3.31/Modules/CMakeCInformation.cmake:48 (include)
  /home/runner/work/zh-mobile/zh-mobile/build/android-arm64/CMakeFiles/CMakeScratch/TryCompile-yjQaQv/CMakeLists.txt:5 (project)


-- Looking for strtoull - found
-- Looking for tan
CMake Deprecation Warning at /opt/hostedtoolcache/ndk/r27c/x64/build/cmake/android.toolchain.cmake:35 (cmake_minimum_required):
  Compatibility with CMake < 3.10 will be removed from a future version of
  CMake.

  Update the VERSION argument <min> value.  Or, use the <min>...<max> syntax
  to tell CMake that the project requires at least <min> but has been updated
  to work with policies introduced by <max> or earlier.
Call Stack (most recent call first):
  /home/runner/vcpkg/scripts/buildsystems/vcpkg.cmake:210 (include)
  /home/runner/work/zh-mobile/zh-mobile/build/android-arm64/CMakeFiles/3.31.6/CMakeSystem.cmake:6 (include)
  /home/runner/work/zh-mobile/zh-mobile/build/android-arm64/CMakeFiles/CMakeScratch/TryCompile-1MrjKC/CMakeLists.txt:5 (project)


CMake Deprecation Warning at /opt/hostedtoolcache/ndk/r27c/x64/build/cmake/android-legacy.toolchain.cmake:35 (cmake_minimum_required):
  Compatibility with CMake < 3.10 will be removed from a future version of
  CMake.

  Update the VERSION argument <min> value.  Or, use the <min>...<max> syntax
  to tell CMake that the project requires at least <min> but has been updated
  to work with policies introduced by <max> or earlier.
Call Stack (most recent call first):
  /opt/hostedtoolcache/ndk/r27c/x64/build/cmake/android.toolchain.cmake:55 (include)
  /home/runner/vcpkg/scripts/buildsystems/vcpkg.cmake:210 (include)
  /home/runner/work/zh-mobile/zh-mobile/build/android-arm64/CMakeFiles/3.31.6/CMakeSystem.cmake:6 (include)
  /home/runner/work/zh-mobile/zh-mobile/build/android-arm64/CMakeFiles/CMakeScratch/TryCompile-1MrjKC/CMakeLists.txt:5 (project)


CMake Deprecation Warning at /opt/hostedtoolcache/ndk/r27c/x64/build/cmake/flags.cmake:18 (cmake_minimum_required):
  Compatibility with CMake < 3.10 will be removed from a future version of
  CMake.

  Update the VERSION argument <min> value.  Or, use the <min>...<max> syntax
  to tell CMake that the project requires at least <min> but has been updated
  to work with policies introduced by <max> or earlier.
Call Stack (most recent call first):
  /usr/local/share/cmake-3.31/Modules/Platform/Android-Clang.cmake:23 (include)
  /usr/local/share/cmake-3.31/Modules/Platform/Android-Clang-C.cmake:1 (include)
  /usr/local/share/cmake-3.31/Modules/CMakeCInformation.cmake:48 (include)
  /home/runner/work/zh-mobile/zh-mobile/build/android-arm64/CMakeFiles/CMakeScratch/TryCompile-1MrjKC/CMakeLists.txt:5 (project)


-- Looking for tan - found
-- Looking for tanf
CMake Deprecation Warning at /opt/hostedtoolcache/ndk/r27c/x64/build/cmake/android.toolchain.cmake:35 (cmake_minimum_required):
  Compatibility with CMake < 3.10 will be removed from a future version of
  CMake.

  Update the VERSION argument <min> value.  Or, use the <min>...<max> syntax
  to tell CMake that the project requires at least <min> but has been updated
  to work with policies introduced by <max> or earlier.
Call Stack (most recent call first):
  /home/runner/vcpkg/scripts/buildsystems/vcpkg.cmake:210 (include)
  /home/runner/work/zh-mobile/zh-mobile/build/android-arm64/CMakeFiles/3.31.6/CMakeSystem.cmake:6 (include)
  /home/runner/work/zh-mobile/zh-mobile/build/android-arm64/CMakeFiles/CMakeScratch/TryCompile-HNTkMX/CMakeLists.txt:5 (project)


CMake Deprecation Warning at /opt/hostedtoolcache/ndk/r27c/x64/build/cmake/android-legacy.toolchain.cmake:35 (cmake_minimum_required):
  Compatibility with CMake < 3.10 will be removed from a future version of
  CMake.

  Update the VERSION argument <min> value.  Or, use the <min>...<max> syntax
  to tell CMake that the project requires at least <min> but has been updated
  to work with policies introduced by <max> or earlier.
Call Stack (most recent call first):
  /opt/hostedtoolcache/ndk/r27c/x64/build/cmake/android.toolchain.cmake:55 (include)
  /home/runner/vcpkg/scripts/buildsystems/vcpkg.cmake:210 (include)
  /home/runner/work/zh-mobile/zh-mobile/build/android-arm64/CMakeFiles/3.31.6/CMakeSystem.cmake:6 (include)
  /home/runner/work/zh-mobile/zh-mobile/build/android-arm64/CMakeFiles/CMakeScratch/TryCompile-HNTkMX/CMakeLists.txt:5 (project)


CMake Deprecation Warning at /opt/hostedtoolcache/ndk/r27c/x64/build/cmake/flags.cmake:18 (cmake_minimum_required):
  Compatibility with CMake < 3.10 will be removed from a future version of
  CMake.

  Update the VERSION argument <min> value.  Or, use the <min>...<max> syntax
  to tell CMake that the project requires at least <min> but has been updated
  to work with policies introduced by <max> or earlier.
Call Stack (most recent call first):
  /usr/local/share/cmake-3.31/Modules/Platform/Android-Clang.cmake:23 (include)
  /usr/local/share/cmake-3.31/Modules/Platform/Android-Clang-C.cmake:1 (include)
  /usr/local/share/cmake-3.31/Modules/CMakeCInformation.cmake:48 (include)
  /home/runner/work/zh-mobile/zh-mobile/build/android-arm64/CMakeFiles/CMakeScratch/TryCompile-HNTkMX/CMakeLists.txt:5 (project)


-- Looking for tanf - found
-- Looking for trunc
CMake Deprecation Warning at /opt/hostedtoolcache/ndk/r27c/x64/build/cmake/android.toolchain.cmake:35 (cmake_minimum_required):
  Compatibility with CMake < 3.10 will be removed from a future version of
  CMake.

  Update the VERSION argument <min> value.  Or, use the <min>...<max> syntax
  to tell CMake that the project requires at least <min> but has been updated
  to work with policies introduced by <max> or earlier.
Call Stack (most recent call first):
  /home/runner/vcpkg/scripts/buildsystems/vcpkg.cmake:210 (include)
  /home/runner/work/zh-mobile/zh-mobile/build/android-arm64/CMakeFiles/3.31.6/CMakeSystem.cmake:6 (include)
  /home/runner/work/zh-mobile/zh-mobile/build/android-arm64/CMakeFiles/CMakeScratch/TryCompile-GQYLzq/CMakeLists.txt:5 (project)


CMake Deprecation Warning at /opt/hostedtoolcache/ndk/r27c/x64/build/cmake/android-legacy.toolchain.cmake:35 (cmake_minimum_required):
  Compatibility with CMake < 3.10 will be removed from a future version of
  CMake.

  Update the VERSION argument <min> value.  Or, use the <min>...<max> syntax
  to tell CMake that the project requires at least <min> but has been updated
  to work with policies introduced by <max> or earlier.
Call Stack (most recent call first):
  /opt/hostedtoolcache/ndk/r27c/x64/build/cmake/android.toolchain.cmake:55 (include)
  /home/runner/vcpkg/scripts/buildsystems/vcpkg.cmake:210 (include)
  /home/runner/work/zh-mobile/zh-mobile/build/android-arm64/CMakeFiles/3.31.6/CMakeSystem.cmake:6 (include)
  /home/runner/work/zh-mobile/zh-mobile/build/android-arm64/CMakeFiles/CMakeScratch/TryCompile-GQYLzq/CMakeLists.txt:5 (project)


CMake Deprecation Warning at /opt/hostedtoolcache/ndk/r27c/x64/build/cmake/flags.cmake:18 (cmake_minimum_required):
  Compatibility with CMake < 3.10 will be removed from a future version of
  CMake.

  Update the VERSION argument <min> value.  Or, use the <min>...<max> syntax
  to tell CMake that the project requires at least <min> but has been updated
  to work with policies introduced by <max> or earlier.
Call Stack (most recent call first):
  /usr/local/share/cmake-3.31/Modules/Platform/Android-Clang.cmake:23 (include)
  /usr/local/share/cmake-3.31/Modules/Platform/Android-Clang-C.cmake:1 (include)
  /usr/local/share/cmake-3.31/Modules/CMakeCInformation.cmake:48 (include)
  /home/runner/work/zh-mobile/zh-mobile/build/android-arm64/CMakeFiles/CMakeScratch/TryCompile-GQYLzq/CMakeLists.txt:5 (project)


-- Looking for trunc - found
-- Looking for truncf
CMake Deprecation Warning at /opt/hostedtoolcache/ndk/r27c/x64/build/cmake/android.toolchain.cmake:35 (cmake_minimum_required):
  Compatibility with CMake < 3.10 will be removed from a future version of
  CMake.

  Update the VERSION argument <min> value.  Or, use the <min>...<max> syntax
  to tell CMake that the project requires at least <min> but has been updated
  to work with policies introduced by <max> or earlier.
Call Stack (most recent call first):
  /home/runner/vcpkg/scripts/buildsystems/vcpkg.cmake:210 (include)
  /home/runner/work/zh-mobile/zh-mobile/build/android-arm64/CMakeFiles/3.31.6/CMakeSystem.cmake:6 (include)
  /home/runner/work/zh-mobile/zh-mobile/build/android-arm64/CMakeFiles/CMakeScratch/TryCompile-4p89ON/CMakeLists.txt:5 (project)


CMake Deprecation Warning at /opt/hostedtoolcache/ndk/r27c/x64/build/cmake/android-legacy.toolchain.cmake:35 (cmake_minimum_required):
  Compatibility with CMake < 3.10 will be removed from a future version of
  CMake.

  Update the VERSION argument <min> value.  Or, use the <min>...<max> syntax
  to tell CMake that the project requires at least <min> but has been updated
  to work with policies introduced by <max> or earlier.
Call Stack (most recent call first):
  /opt/hostedtoolcache/ndk/r27c/x64/build/cmake/android.toolchain.cmake:55 (include)
  /home/runner/vcpkg/scripts/buildsystems/vcpkg.cmake:210 (include)
  /home/runner/work/zh-mobile/zh-mobile/build/android-arm64/CMakeFiles/3.31.6/CMakeSystem.cmake:6 (include)
  /home/runner/work/zh-mobile/zh-mobile/build/android-arm64/CMakeFiles/CMakeScratch/TryCompile-4p89ON/CMakeLists.txt:5 (project)


CMake Deprecation Warning at /opt/hostedtoolcache/ndk/r27c/x64/build/cmake/flags.cmake:18 (cmake_minimum_required):
  Compatibility with CMake < 3.10 will be removed from a future version of
  CMake.

  Update the VERSION argument <min> value.  Or, use the <min>...<max> syntax
  to tell CMake that the project requires at least <min> but has been updated
  to work with policies introduced by <max> or earlier.
Call Stack (most recent call first):
  /usr/local/share/cmake-3.31/Modules/Platform/Android-Clang.cmake:23 (include)
  /usr/local/share/cmake-3.31/Modules/Platform/Android-Clang-C.cmake:1 (include)
  /usr/local/share/cmake-3.31/Modules/CMakeCInformation.cmake:48 (include)
  /home/runner/work/zh-mobile/zh-mobile/build/android-arm64/CMakeFiles/CMakeScratch/TryCompile-4p89ON/CMakeLists.txt:5 (project)


-- Looking for truncf - found
-- Looking for unsetenv
CMake Deprecation Warning at /opt/hostedtoolcache/ndk/r27c/x64/build/cmake/android.toolchain.cmake:35 (cmake_minimum_required):
  Compatibility with CMake < 3.10 will be removed from a future version of
  CMake.

  Update the VERSION argument <min> value.  Or, use the <min>...<max> syntax
  to tell CMake that the project requires at least <min> but has been updated
  to work with policies introduced by <max> or earlier.
Call Stack (most recent call first):
  /home/runner/vcpkg/scripts/buildsystems/vcpkg.cmake:210 (include)
  /home/runner/work/zh-mobile/zh-mobile/build/android-arm64/CMakeFiles/3.31.6/CMakeSystem.cmake:6 (include)
  /home/runner/work/zh-mobile/zh-mobile/build/android-arm64/CMakeFiles/CMakeScratch/TryCompile-vqVFHv/CMakeLists.txt:5 (project)


CMake Deprecation Warning at /opt/hostedtoolcache/ndk/r27c/x64/build/cmake/android-legacy.toolchain.cmake:35 (cmake_minimum_required):
  Compatibility with CMake < 3.10 will be removed from a future version of
  CMake.

  Update the VERSION argument <min> value.  Or, use the <min>...<max> syntax
  to tell CMake that the project requires at least <min> but has been updated
  to work with policies introduced by <max> or earlier.
Call Stack (most recent call first):
  /opt/hostedtoolcache/ndk/r27c/x64/build/cmake/android.toolchain.cmake:55 (include)
  /home/runner/vcpkg/scripts/buildsystems/vcpkg.cmake:210 (include)
  /home/runner/work/zh-mobile/zh-mobile/build/android-arm64/CMakeFiles/3.31.6/CMakeSystem.cmake:6 (include)
  /home/runner/work/zh-mobile/zh-mobile/build/android-arm64/CMakeFiles/CMakeScratch/TryCompile-vqVFHv/CMakeLists.txt:5 (project)


CMake Deprecation Warning at /opt/hostedtoolcache/ndk/r27c/x64/build/cmake/flags.cmake:18 (cmake_minimum_required):
  Compatibility with CMake < 3.10 will be removed from a future version of
  CMake.

  Update the VERSION argument <min> value.  Or, use the <min>...<max> syntax
  to tell CMake that the project requires at least <min> but has been updated
  to work with policies introduced by <max> or earlier.
Call Stack (most recent call first):
  /usr/local/share/cmake-3.31/Modules/Platform/Android-Clang.cmake:23 (include)
  /usr/local/share/cmake-3.31/Modules/Platform/Android-Clang-C.cmake:1 (include)
  /usr/local/share/cmake-3.31/Modules/CMakeCInformation.cmake:48 (include)
  /home/runner/work/zh-mobile/zh-mobile/build/android-arm64/CMakeFiles/CMakeScratch/TryCompile-vqVFHv/CMakeLists.txt:5 (project)


-- Looking for unsetenv - found
-- Looking for vsnprintf
CMake Deprecation Warning at /opt/hostedtoolcache/ndk/r27c/x64/build/cmake/android.toolchain.cmake:35 (cmake_minimum_required):
  Compatibility with CMake < 3.10 will be removed from a future version of
  CMake.

  Update the VERSION argument <min> value.  Or, use the <min>...<max> syntax
  to tell CMake that the project requires at least <min> but has been updated
  to work with policies introduced by <max> or earlier.
Call Stack (most recent call first):
  /home/runner/vcpkg/scripts/buildsystems/vcpkg.cmake:210 (include)
  /home/runner/work/zh-mobile/zh-mobile/build/android-arm64/CMakeFiles/3.31.6/CMakeSystem.cmake:6 (include)
  /home/runner/work/zh-mobile/zh-mobile/build/android-arm64/CMakeFiles/CMakeScratch/TryCompile-0QWbve/CMakeLists.txt:5 (project)


CMake Deprecation Warning at /opt/hostedtoolcache/ndk/r27c/x64/build/cmake/android-legacy.toolchain.cmake:35 (cmake_minimum_required):
  Compatibility with CMake < 3.10 will be removed from a future version of
  CMake.

  Update the VERSION argument <min> value.  Or, use the <min>...<max> syntax
  to tell CMake that the project requires at least <min> but has been updated
  to work with policies introduced by <max> or earlier.
Call Stack (most recent call first):
  /opt/hostedtoolcache/ndk/r27c/x64/build/cmake/android.toolchain.cmake:55 (include)
  /home/runner/vcpkg/scripts/buildsystems/vcpkg.cmake:210 (include)
  /home/runner/work/zh-mobile/zh-mobile/build/android-arm64/CMakeFiles/3.31.6/CMakeSystem.cmake:6 (include)
  /home/runner/work/zh-mobile/zh-mobile/build/android-arm64/CMakeFiles/CMakeScratch/TryCompile-0QWbve/CMakeLists.txt:5 (project)


CMake Deprecation Warning at /opt/hostedtoolcache/ndk/r27c/x64/build/cmake/flags.cmake:18 (cmake_minimum_required):
  Compatibility with CMake < 3.10 will be removed from a future version of
  CMake.

  Update the VERSION argument <min> value.  Or, use the <min>...<max> syntax
  to tell CMake that the project requires at least <min> but has been updated
  to work with policies introduced by <max> or earlier.
Call Stack (most recent call first):
  /usr/local/share/cmake-3.31/Modules/Platform/Android-Clang.cmake:23 (include)
  /usr/local/share/cmake-3.31/Modules/Platform/Android-Clang-C.cmake:1 (include)
  /usr/local/share/cmake-3.31/Modules/CMakeCInformation.cmake:48 (include)
  /home/runner/work/zh-mobile/zh-mobile/build/android-arm64/CMakeFiles/CMakeScratch/TryCompile-0QWbve/CMakeLists.txt:5 (project)


-- Looking for vsnprintf - found
-- Looking for vsscanf
CMake Deprecation Warning at /opt/hostedtoolcache/ndk/r27c/x64/build/cmake/android.toolchain.cmake:35 (cmake_minimum_required):
  Compatibility with CMake < 3.10 will be removed from a future version of
  CMake.

  Update the VERSION argument <min> value.  Or, use the <min>...<max> syntax
  to tell CMake that the project requires at least <min> but has been updated
  to work with policies introduced by <max> or earlier.
Call Stack (most recent call first):
  /home/runner/vcpkg/scripts/buildsystems/vcpkg.cmake:210 (include)
  /home/runner/work/zh-mobile/zh-mobile/build/android-arm64/CMakeFiles/3.31.6/CMakeSystem.cmake:6 (include)
  /home/runner/work/zh-mobile/zh-mobile/build/android-arm64/CMakeFiles/CMakeScratch/TryCompile-kDdqmV/CMakeLists.txt:5 (project)


CMake Deprecation Warning at /opt/hostedtoolcache/ndk/r27c/x64/build/cmake/android-legacy.toolchain.cmake:35 (cmake_minimum_required):
  Compatibility with CMake < 3.10 will be removed from a future version of
  CMake.

  Update the VERSION argument <min> value.  Or, use the <min>...<max> syntax
  to tell CMake that the project requires at least <min> but has been updated
  to work with policies introduced by <max> or earlier.
Call Stack (most recent call first):
  /opt/hostedtoolcache/ndk/r27c/x64/build/cmake/android.toolchain.cmake:55 (include)
  /home/runner/vcpkg/scripts/buildsystems/vcpkg.cmake:210 (include)
  /home/runner/work/zh-mobile/zh-mobile/build/android-arm64/CMakeFiles/3.31.6/CMakeSystem.cmake:6 (include)
  /home/runner/work/zh-mobile/zh-mobile/build/android-arm64/CMakeFiles/CMakeScratch/TryCompile-kDdqmV/CMakeLists.txt:5 (project)


CMake Deprecation Warning at /opt/hostedtoolcache/ndk/r27c/x64/build/cmake/flags.cmake:18 (cmake_minimum_required):
  Compatibility with CMake < 3.10 will be removed from a future version of
  CMake.

  Update the VERSION argument <min> value.  Or, use the <min>...<max> syntax
  to tell CMake that the project requires at least <min> but has been updated
  to work with policies introduced by <max> or earlier.
Call Stack (most recent call first):
  /usr/local/share/cmake-3.31/Modules/Platform/Android-Clang.cmake:23 (include)
  /usr/local/share/cmake-3.31/Modules/Platform/Android-Clang-C.cmake:1 (include)
  /usr/local/share/cmake-3.31/Modules/CMakeCInformation.cmake:48 (include)
  /home/runner/work/zh-mobile/zh-mobile/build/android-arm64/CMakeFiles/CMakeScratch/TryCompile-kDdqmV/CMakeLists.txt:5 (project)


-- Looking for vsscanf - found
-- Looking for wcsnlen
CMake Deprecation Warning at /opt/hostedtoolcache/ndk/r27c/x64/build/cmake/android.toolchain.cmake:35 (cmake_minimum_required):
  Compatibility with CMake < 3.10 will be removed from a future version of
  CMake.

  Update the VERSION argument <min> value.  Or, use the <min>...<max> syntax
  to tell CMake that the project requires at least <min> but has been updated
  to work with policies introduced by <max> or earlier.
Call Stack (most recent call first):
  /home/runner/vcpkg/scripts/buildsystems/vcpkg.cmake:210 (include)
  /home/runner/work/zh-mobile/zh-mobile/build/android-arm64/CMakeFiles/3.31.6/CMakeSystem.cmake:6 (include)
  /home/runner/work/zh-mobile/zh-mobile/build/android-arm64/CMakeFiles/CMakeScratch/TryCompile-YYfdkR/CMakeLists.txt:5 (project)


CMake Deprecation Warning at /opt/hostedtoolcache/ndk/r27c/x64/build/cmake/android-legacy.toolchain.cmake:35 (cmake_minimum_required):
  Compatibility with CMake < 3.10 will be removed from a future version of
  CMake.

  Update the VERSION argument <min> value.  Or, use the <min>...<max> syntax
  to tell CMake that the project requires at least <min> but has been updated
  to work with policies introduced by <max> or earlier.
Call Stack (most recent call first):
  /opt/hostedtoolcache/ndk/r27c/x64/build/cmake/android.toolchain.cmake:55 (include)
  /home/runner/vcpkg/scripts/buildsystems/vcpkg.cmake:210 (include)
  /home/runner/work/zh-mobile/zh-mobile/build/android-arm64/CMakeFiles/3.31.6/CMakeSystem.cmake:6 (include)
  /home/runner/work/zh-mobile/zh-mobile/build/android-arm64/CMakeFiles/CMakeScratch/TryCompile-YYfdkR/CMakeLists.txt:5 (project)


CMake Deprecation Warning at /opt/hostedtoolcache/ndk/r27c/x64/build/cmake/flags.cmake:18 (cmake_minimum_required):
  Compatibility with CMake < 3.10 will be removed from a future version of
  CMake.

  Update the VERSION argument <min> value.  Or, use the <min>...<max> syntax
  to tell CMake that the project requires at least <min> but has been updated
  to work with policies introduced by <max> or earlier.
Call Stack (most recent call first):
  /usr/local/share/cmake-3.31/Modules/Platform/Android-Clang.cmake:23 (include)
  /usr/local/share/cmake-3.31/Modules/Platform/Android-Clang-C.cmake:1 (include)
  /usr/local/share/cmake-3.31/Modules/CMakeCInformation.cmake:48 (include)
  /home/runner/work/zh-mobile/zh-mobile/build/android-arm64/CMakeFiles/CMakeScratch/TryCompile-YYfdkR/CMakeLists.txt:5 (project)


-- Looking for wcsnlen - found
-- Looking for wcscmp
CMake Deprecation Warning at /opt/hostedtoolcache/ndk/r27c/x64/build/cmake/android.toolchain.cmake:35 (cmake_minimum_required):
  Compatibility with CMake < 3.10 will be removed from a future version of
  CMake.

  Update the VERSION argument <min> value.  Or, use the <min>...<max> syntax
  to tell CMake that the project requires at least <min> but has been updated
  to work with policies introduced by <max> or earlier.
Call Stack (most recent call first):
  /home/runner/vcpkg/scripts/buildsystems/vcpkg.cmake:210 (include)
  /home/runner/work/zh-mobile/zh-mobile/build/android-arm64/CMakeFiles/3.31.6/CMakeSystem.cmake:6 (include)
  /home/runner/work/zh-mobile/zh-mobile/build/android-arm64/CMakeFiles/CMakeScratch/TryCompile-rdhq8c/CMakeLists.txt:5 (project)


CMake Deprecation Warning at /opt/hostedtoolcache/ndk/r27c/x64/build/cmake/android-legacy.toolchain.cmake:35 (cmake_minimum_required):
  Compatibility with CMake < 3.10 will be removed from a future version of
  CMake.

  Update the VERSION argument <min> value.  Or, use the <min>...<max> syntax
  to tell CMake that the project requires at least <min> but has been updated
  to work with policies introduced by <max> or earlier.
Call Stack (most recent call first):
  /opt/hostedtoolcache/ndk/r27c/x64/build/cmake/android.toolchain.cmake:55 (include)
  /home/runner/vcpkg/scripts/buildsystems/vcpkg.cmake:210 (include)
  /home/runner/work/zh-mobile/zh-mobile/build/android-arm64/CMakeFiles/3.31.6/CMakeSystem.cmake:6 (include)
  /home/runner/work/zh-mobile/zh-mobile/build/android-arm64/CMakeFiles/CMakeScratch/TryCompile-rdhq8c/CMakeLists.txt:5 (project)


CMake Deprecation Warning at /opt/hostedtoolcache/ndk/r27c/x64/build/cmake/flags.cmake:18 (cmake_minimum_required):
  Compatibility with CMake < 3.10 will be removed from a future version of
  CMake.

  Update the VERSION argument <min> value.  Or, use the <min>...<max> syntax
  to tell CMake that the project requires at least <min> but has been updated
  to work with policies introduced by <max> or earlier.
Call Stack (most recent call first):
  /usr/local/share/cmake-3.31/Modules/Platform/Android-Clang.cmake:23 (include)
  /usr/local/share/cmake-3.31/Modules/Platform/Android-Clang-C.cmake:1 (include)
  /usr/local/share/cmake-3.31/Modules/CMakeCInformation.cmake:48 (include)
  /home/runner/work/zh-mobile/zh-mobile/build/android-arm64/CMakeFiles/CMakeScratch/TryCompile-rdhq8c/CMakeLists.txt:5 (project)


-- Looking for wcscmp - found
-- Looking for wcsdup
CMake Deprecation Warning at /opt/hostedtoolcache/ndk/r27c/x64/build/cmake/android.toolchain.cmake:35 (cmake_minimum_required):
  Compatibility with CMake < 3.10 will be removed from a future version of
  CMake.

  Update the VERSION argument <min> value.  Or, use the <min>...<max> syntax
  to tell CMake that the project requires at least <min> but has been updated
  to work with policies introduced by <max> or earlier.
Call Stack (most recent call first):
  /home/runner/vcpkg/scripts/buildsystems/vcpkg.cmake:210 (include)
  /home/runner/work/zh-mobile/zh-mobile/build/android-arm64/CMakeFiles/3.31.6/CMakeSystem.cmake:6 (include)
  /home/runner/work/zh-mobile/zh-mobile/build/android-arm64/CMakeFiles/CMakeScratch/TryCompile-w4s0cO/CMakeLists.txt:5 (project)


CMake Deprecation Warning at /opt/hostedtoolcache/ndk/r27c/x64/build/cmake/android-legacy.toolchain.cmake:35 (cmake_minimum_required):
  Compatibility with CMake < 3.10 will be removed from a future version of
  CMake.

  Update the VERSION argument <min> value.  Or, use the <min>...<max> syntax
  to tell CMake that the project requires at least <min> but has been updated
  to work with policies introduced by <max> or earlier.
Call Stack (most recent call first):
  /opt/hostedtoolcache/ndk/r27c/x64/build/cmake/android.toolchain.cmake:55 (include)
  /home/runner/vcpkg/scripts/buildsystems/vcpkg.cmake:210 (include)
  /home/runner/work/zh-mobile/zh-mobile/build/android-arm64/CMakeFiles/3.31.6/CMakeSystem.cmake:6 (include)
  /home/runner/work/zh-mobile/zh-mobile/build/android-arm64/CMakeFiles/CMakeScratch/TryCompile-w4s0cO/CMakeLists.txt:5 (project)


CMake Deprecation Warning at /opt/hostedtoolcache/ndk/r27c/x64/build/cmake/flags.cmake:18 (cmake_minimum_required):
  Compatibility with CMake < 3.10 will be removed from a future version of
  CMake.

  Update the VERSION argument <min> value.  Or, use the <min>...<max> syntax
  to tell CMake that the project requires at least <min> but has been updated
  to work with policies introduced by <max> or earlier.
Call Stack (most recent call first):
  /usr/local/share/cmake-3.31/Modules/Platform/Android-Clang.cmake:23 (include)
  /usr/local/share/cmake-3.31/Modules/Platform/Android-Clang-C.cmake:1 (include)
  /usr/local/share/cmake-3.31/Modules/CMakeCInformation.cmake:48 (include)
  /home/runner/work/zh-mobile/zh-mobile/build/android-arm64/CMakeFiles/CMakeScratch/TryCompile-w4s0cO/CMakeLists.txt:5 (project)


-- Looking for wcsdup - found
-- Looking for wcslcat
CMake Deprecation Warning at /opt/hostedtoolcache/ndk/r27c/x64/build/cmake/android.toolchain.cmake:35 (cmake_minimum_required):
  Compatibility with CMake < 3.10 will be removed from a future version of
  CMake.

  Update the VERSION argument <min> value.  Or, use the <min>...<max> syntax
  to tell CMake that the project requires at least <min> but has been updated
  to work with policies introduced by <max> or earlier.
Call Stack (most recent call first):
  /home/runner/vcpkg/scripts/buildsystems/vcpkg.cmake:210 (include)
  /home/runner/work/zh-mobile/zh-mobile/build/android-arm64/CMakeFiles/3.31.6/CMakeSystem.cmake:6 (include)
  /home/runner/work/zh-mobile/zh-mobile/build/android-arm64/CMakeFiles/CMakeScratch/TryCompile-TXPbGH/CMakeLists.txt:5 (project)


CMake Deprecation Warning at /opt/hostedtoolcache/ndk/r27c/x64/build/cmake/android-legacy.toolchain.cmake:35 (cmake_minimum_required):
  Compatibility with CMake < 3.10 will be removed from a future version of
  CMake.

  Update the VERSION argument <min> value.  Or, use the <min>...<max> syntax
  to tell CMake that the project requires at least <min> but has been updated
  to work with policies introduced by <max> or earlier.
Call Stack (most recent call first):
  /opt/hostedtoolcache/ndk/r27c/x64/build/cmake/android.toolchain.cmake:55 (include)
  /home/runner/vcpkg/scripts/buildsystems/vcpkg.cmake:210 (include)
  /home/runner/work/zh-mobile/zh-mobile/build/android-arm64/CMakeFiles/3.31.6/CMakeSystem.cmake:6 (include)
  /home/runner/work/zh-mobile/zh-mobile/build/android-arm64/CMakeFiles/CMakeScratch/TryCompile-TXPbGH/CMakeLists.txt:5 (project)


CMake Deprecation Warning at /opt/hostedtoolcache/ndk/r27c/x64/build/cmake/flags.cmake:18 (cmake_minimum_required):
  Compatibility with CMake < 3.10 will be removed from a future version of
  CMake.

  Update the VERSION argument <min> value.  Or, use the <min>...<max> syntax
  to tell CMake that the project requires at least <min> but has been updated
  to work with policies introduced by <max> or earlier.
Call Stack (most recent call first):
  /usr/local/share/cmake-3.31/Modules/Platform/Android-Clang.cmake:23 (include)
  /usr/local/share/cmake-3.31/Modules/Platform/Android-Clang-C.cmake:1 (include)
  /usr/local/share/cmake-3.31/Modules/CMakeCInformation.cmake:48 (include)
  /home/runner/work/zh-mobile/zh-mobile/build/android-arm64/CMakeFiles/CMakeScratch/TryCompile-TXPbGH/CMakeLists.txt:5 (project)


-- Looking for wcslcat - found
-- Looking for wcslcpy
CMake Deprecation Warning at /opt/hostedtoolcache/ndk/r27c/x64/build/cmake/android.toolchain.cmake:35 (cmake_minimum_required):
  Compatibility with CMake < 3.10 will be removed from a future version of
  CMake.

  Update the VERSION argument <min> value.  Or, use the <min>...<max> syntax
  to tell CMake that the project requires at least <min> but has been updated
  to work with policies introduced by <max> or earlier.
Call Stack (most recent call first):
  /home/runner/vcpkg/scripts/buildsystems/vcpkg.cmake:210 (include)
  /home/runner/work/zh-mobile/zh-mobile/build/android-arm64/CMakeFiles/3.31.6/CMakeSystem.cmake:6 (include)
  /home/runner/work/zh-mobile/zh-mobile/build/android-arm64/CMakeFiles/CMakeScratch/TryCompile-hqclTT/CMakeLists.txt:5 (project)


CMake Deprecation Warning at /opt/hostedtoolcache/ndk/r27c/x64/build/cmake/android-legacy.toolchain.cmake:35 (cmake_minimum_required):
  Compatibility with CMake < 3.10 will be removed from a future version of
  CMake.

  Update the VERSION argument <min> value.  Or, use the <min>...<max> syntax
  to tell CMake that the project requires at least <min> but has been updated
  to work with policies introduced by <max> or earlier.
Call Stack (most recent call first):
  /opt/hostedtoolcache/ndk/r27c/x64/build/cmake/android.toolchain.cmake:55 (include)
  /home/runner/vcpkg/scripts/buildsystems/vcpkg.cmake:210 (include)
  /home/runner/work/zh-mobile/zh-mobile/build/android-arm64/CMakeFiles/3.31.6/CMakeSystem.cmake:6 (include)
  /home/runner/work/zh-mobile/zh-mobile/build/android-arm64/CMakeFiles/CMakeScratch/TryCompile-hqclTT/CMakeLists.txt:5 (project)


CMake Deprecation Warning at /opt/hostedtoolcache/ndk/r27c/x64/build/cmake/flags.cmake:18 (cmake_minimum_required):
  Compatibility with CMake < 3.10 will be removed from a future version of
  CMake.

  Update the VERSION argument <min> value.  Or, use the <min>...<max> syntax
  to tell CMake that the project requires at least <min> but has been updated
  to work with policies introduced by <max> or earlier.
Call Stack (most recent call first):
  /usr/local/share/cmake-3.31/Modules/Platform/Android-Clang.cmake:23 (include)
  /usr/local/share/cmake-3.31/Modules/Platform/Android-Clang-C.cmake:1 (include)
  /usr/local/share/cmake-3.31/Modules/CMakeCInformation.cmake:48 (include)
  /home/runner/work/zh-mobile/zh-mobile/build/android-arm64/CMakeFiles/CMakeScratch/TryCompile-hqclTT/CMakeLists.txt:5 (project)


-- Looking for wcslcpy - found
-- Looking for wcslen
CMake Deprecation Warning at /opt/hostedtoolcache/ndk/r27c/x64/build/cmake/android.toolchain.cmake:35 (cmake_minimum_required):
  Compatibility with CMake < 3.10 will be removed from a future version of
  CMake.

  Update the VERSION argument <min> value.  Or, use the <min>...<max> syntax
  to tell CMake that the project requires at least <min> but has been updated
  to work with policies introduced by <max> or earlier.
Call Stack (most recent call first):
  /home/runner/vcpkg/scripts/buildsystems/vcpkg.cmake:210 (include)
  /home/runner/work/zh-mobile/zh-mobile/build/android-arm64/CMakeFiles/3.31.6/CMakeSystem.cmake:6 (include)
  /home/runner/work/zh-mobile/zh-mobile/build/android-arm64/CMakeFiles/CMakeScratch/TryCompile-rNTzAf/CMakeLists.txt:5 (project)


CMake Deprecation Warning at /opt/hostedtoolcache/ndk/r27c/x64/build/cmake/android-legacy.toolchain.cmake:35 (cmake_minimum_required):
  Compatibility with CMake < 3.10 will be removed from a future version of
  CMake.

  Update the VERSION argument <min> value.  Or, use the <min>...<max> syntax
  to tell CMake that the project requires at least <min> but has been updated
  to work with policies introduced by <max> or earlier.
Call Stack (most recent call first):
  /opt/hostedtoolcache/ndk/r27c/x64/build/cmake/android.toolchain.cmake:55 (include)
  /home/runner/vcpkg/scripts/buildsystems/vcpkg.cmake:210 (include)
  /home/runner/work/zh-mobile/zh-mobile/build/android-arm64/CMakeFiles/3.31.6/CMakeSystem.cmake:6 (include)
  /home/runner/work/zh-mobile/zh-mobile/build/android-arm64/CMakeFiles/CMakeScratch/TryCompile-rNTzAf/CMakeLists.txt:5 (project)


CMake Deprecation Warning at /opt/hostedtoolcache/ndk/r27c/x64/build/cmake/flags.cmake:18 (cmake_minimum_required):
  Compatibility with CMake < 3.10 will be removed from a future version of
  CMake.

  Update the VERSION argument <min> value.  Or, use the <min>...<max> syntax
  to tell CMake that the project requires at least <min> but has been updated
  to work with policies introduced by <max> or earlier.
Call Stack (most recent call first):
  /usr/local/share/cmake-3.31/Modules/Platform/Android-Clang.cmake:23 (include)
  /usr/local/share/cmake-3.31/Modules/Platform/Android-Clang-C.cmake:1 (include)
  /usr/local/share/cmake-3.31/Modules/CMakeCInformation.cmake:48 (include)
  /home/runner/work/zh-mobile/zh-mobile/build/android-arm64/CMakeFiles/CMakeScratch/TryCompile-rNTzAf/CMakeLists.txt:5 (project)


-- Looking for wcslen - found
-- Looking for wcsncmp
CMake Deprecation Warning at /opt/hostedtoolcache/ndk/r27c/x64/build/cmake/android.toolchain.cmake:35 (cmake_minimum_required):
  Compatibility with CMake < 3.10 will be removed from a future version of
  CMake.

  Update the VERSION argument <min> value.  Or, use the <min>...<max> syntax
  to tell CMake that the project requires at least <min> but has been updated
  to work with policies introduced by <max> or earlier.
Call Stack (most recent call first):
  /home/runner/vcpkg/scripts/buildsystems/vcpkg.cmake:210 (include)
  /home/runner/work/zh-mobile/zh-mobile/build/android-arm64/CMakeFiles/3.31.6/CMakeSystem.cmake:6 (include)
  /home/runner/work/zh-mobile/zh-mobile/build/android-arm64/CMakeFiles/CMakeScratch/TryCompile-zZRMwM/CMakeLists.txt:5 (project)


CMake Deprecation Warning at /opt/hostedtoolcache/ndk/r27c/x64/build/cmake/android-legacy.toolchain.cmake:35 (cmake_minimum_required):
  Compatibility with CMake < 3.10 will be removed from a future version of
  CMake.

  Update the VERSION argument <min> value.  Or, use the <min>...<max> syntax
  to tell CMake that the project requires at least <min> but has been updated
  to work with policies introduced by <max> or earlier.
Call Stack (most recent call first):
  /opt/hostedtoolcache/ndk/r27c/x64/build/cmake/android.toolchain.cmake:55 (include)
  /home/runner/vcpkg/scripts/buildsystems/vcpkg.cmake:210 (include)
  /home/runner/work/zh-mobile/zh-mobile/build/android-arm64/CMakeFiles/3.31.6/CMakeSystem.cmake:6 (include)
  /home/runner/work/zh-mobile/zh-mobile/build/android-arm64/CMakeFiles/CMakeScratch/TryCompile-zZRMwM/CMakeLists.txt:5 (project)


CMake Deprecation Warning at /opt/hostedtoolcache/ndk/r27c/x64/build/cmake/flags.cmake:18 (cmake_minimum_required):
  Compatibility with CMake < 3.10 will be removed from a future version of
  CMake.

  Update the VERSION argument <min> value.  Or, use the <min>...<max> syntax
  to tell CMake that the project requires at least <min> but has been updated
  to work with policies introduced by <max> or earlier.
Call Stack (most recent call first):
  /usr/local/share/cmake-3.31/Modules/Platform/Android-Clang.cmake:23 (include)
  /usr/local/share/cmake-3.31/Modules/Platform/Android-Clang-C.cmake:1 (include)
  /usr/local/share/cmake-3.31/Modules/CMakeCInformation.cmake:48 (include)
  /home/runner/work/zh-mobile/zh-mobile/build/android-arm64/CMakeFiles/CMakeScratch/TryCompile-zZRMwM/CMakeLists.txt:5 (project)


-- Looking for wcsncmp - found
-- Looking for wcsstr
CMake Deprecation Warning at /opt/hostedtoolcache/ndk/r27c/x64/build/cmake/android.toolchain.cmake:35 (cmake_minimum_required):
  Compatibility with CMake < 3.10 will be removed from a future version of
  CMake.

  Update the VERSION argument <min> value.  Or, use the <min>...<max> syntax
  to tell CMake that the project requires at least <min> but has been updated
  to work with policies introduced by <max> or earlier.
Call Stack (most recent call first):
  /home/runner/vcpkg/scripts/buildsystems/vcpkg.cmake:210 (include)
  /home/runner/work/zh-mobile/zh-mobile/build/android-arm64/CMakeFiles/3.31.6/CMakeSystem.cmake:6 (include)
  /home/runner/work/zh-mobile/zh-mobile/build/android-arm64/CMakeFiles/CMakeScratch/TryCompile-tLVbq7/CMakeLists.txt:5 (project)


CMake Deprecation Warning at /opt/hostedtoolcache/ndk/r27c/x64/build/cmake/android-legacy.toolchain.cmake:35 (cmake_minimum_required):
  Compatibility with CMake < 3.10 will be removed from a future version of
  CMake.

  Update the VERSION argument <min> value.  Or, use the <min>...<max> syntax
  to tell CMake that the project requires at least <min> but has been updated
  to work with policies introduced by <max> or earlier.
Call Stack (most recent call first):
  /opt/hostedtoolcache/ndk/r27c/x64/build/cmake/android.toolchain.cmake:55 (include)
  /home/runner/vcpkg/scripts/buildsystems/vcpkg.cmake:210 (include)
  /home/runner/work/zh-mobile/zh-mobile/build/android-arm64/CMakeFiles/3.31.6/CMakeSystem.cmake:6 (include)
  /home/runner/work/zh-mobile/zh-mobile/build/android-arm64/CMakeFiles/CMakeScratch/TryCompile-tLVbq7/CMakeLists.txt:5 (project)


CMake Deprecation Warning at /opt/hostedtoolcache/ndk/r27c/x64/build/cmake/flags.cmake:18 (cmake_minimum_required):
  Compatibility with CMake < 3.10 will be removed from a future version of
  CMake.

  Update the VERSION argument <min> value.  Or, use the <min>...<max> syntax
  to tell CMake that the project requires at least <min> but has been updated
  to work with policies introduced by <max> or earlier.
Call Stack (most recent call first):
  /usr/local/share/cmake-3.31/Modules/Platform/Android-Clang.cmake:23 (include)
  /usr/local/share/cmake-3.31/Modules/Platform/Android-Clang-C.cmake:1 (include)
  /usr/local/share/cmake-3.31/Modules/CMakeCInformation.cmake:48 (include)
  /home/runner/work/zh-mobile/zh-mobile/build/android-arm64/CMakeFiles/CMakeScratch/TryCompile-tLVbq7/CMakeLists.txt:5 (project)


-- Looking for wcsstr - found
-- Looking for wcstol
CMake Deprecation Warning at /opt/hostedtoolcache/ndk/r27c/x64/build/cmake/android.toolchain.cmake:35 (cmake_minimum_required):
  Compatibility with CMake < 3.10 will be removed from a future version of
  CMake.

  Update the VERSION argument <min> value.  Or, use the <min>...<max> syntax
  to tell CMake that the project requires at least <min> but has been updated
  to work with policies introduced by <max> or earlier.
Call Stack (most recent call first):
  /home/runner/vcpkg/scripts/buildsystems/vcpkg.cmake:210 (include)
  /home/runner/work/zh-mobile/zh-mobile/build/android-arm64/CMakeFiles/3.31.6/CMakeSystem.cmake:6 (include)
  /home/runner/work/zh-mobile/zh-mobile/build/android-arm64/CMakeFiles/CMakeScratch/TryCompile-3A6gdg/CMakeLists.txt:5 (project)


CMake Deprecation Warning at /opt/hostedtoolcache/ndk/r27c/x64/build/cmake/android-legacy.toolchain.cmake:35 (cmake_minimum_required):
  Compatibility with CMake < 3.10 will be removed from a future version of
  CMake.

  Update the VERSION argument <min> value.  Or, use the <min>...<max> syntax
  to tell CMake that the project requires at least <min> but has been updated
  to work with policies introduced by <max> or earlier.
Call Stack (most recent call first):
  /opt/hostedtoolcache/ndk/r27c/x64/build/cmake/android.toolchain.cmake:55 (include)
  /home/runner/vcpkg/scripts/buildsystems/vcpkg.cmake:210 (include)
  /home/runner/work/zh-mobile/zh-mobile/build/android-arm64/CMakeFiles/3.31.6/CMakeSystem.cmake:6 (include)
  /home/runner/work/zh-mobile/zh-mobile/build/android-arm64/CMakeFiles/CMakeScratch/TryCompile-3A6gdg/CMakeLists.txt:5 (project)


CMake Deprecation Warning at /opt/hostedtoolcache/ndk/r27c/x64/build/cmake/flags.cmake:18 (cmake_minimum_required):
  Compatibility with CMake < 3.10 will be removed from a future version of
  CMake.

  Update the VERSION argument <min> value.  Or, use the <min>...<max> syntax
  to tell CMake that the project requires at least <min> but has been updated
  to work with policies introduced by <max> or earlier.
Call Stack (most recent call first):
  /usr/local/share/cmake-3.31/Modules/Platform/Android-Clang.cmake:23 (include)
  /usr/local/share/cmake-3.31/Modules/Platform/Android-Clang-C.cmake:1 (include)
  /usr/local/share/cmake-3.31/Modules/CMakeCInformation.cmake:48 (include)
  /home/runner/work/zh-mobile/zh-mobile/build/android-arm64/CMakeFiles/CMakeScratch/TryCompile-3A6gdg/CMakeLists.txt:5 (project)


-- Looking for wcstol - found
-- Looking for strcasestr
CMake Deprecation Warning at /opt/hostedtoolcache/ndk/r27c/x64/build/cmake/android.toolchain.cmake:35 (cmake_minimum_required):
  Compatibility with CMake < 3.10 will be removed from a future version of
  CMake.

  Update the VERSION argument <min> value.  Or, use the <min>...<max> syntax
  to tell CMake that the project requires at least <min> but has been updated
  to work with policies introduced by <max> or earlier.
Call Stack (most recent call first):
  /home/runner/vcpkg/scripts/buildsystems/vcpkg.cmake:210 (include)
  /home/runner/work/zh-mobile/zh-mobile/build/android-arm64/CMakeFiles/3.31.6/CMakeSystem.cmake:6 (include)
  /home/runner/work/zh-mobile/zh-mobile/build/android-arm64/CMakeFiles/CMakeScratch/TryCompile-vvbJL2/CMakeLists.txt:5 (project)


CMake Deprecation Warning at /opt/hostedtoolcache/ndk/r27c/x64/build/cmake/android-legacy.toolchain.cmake:35 (cmake_minimum_required):
  Compatibility with CMake < 3.10 will be removed from a future version of
  CMake.

  Update the VERSION argument <min> value.  Or, use the <min>...<max> syntax
  to tell CMake that the project requires at least <min> but has been updated
  to work with policies introduced by <max> or earlier.
Call Stack (most recent call first):
  /opt/hostedtoolcache/ndk/r27c/x64/build/cmake/android.toolchain.cmake:55 (include)
  /home/runner/vcpkg/scripts/buildsystems/vcpkg.cmake:210 (include)
  /home/runner/work/zh-mobile/zh-mobile/build/android-arm64/CMakeFiles/3.31.6/CMakeSystem.cmake:6 (include)
  /home/runner/work/zh-mobile/zh-mobile/build/android-arm64/CMakeFiles/CMakeScratch/TryCompile-vvbJL2/CMakeLists.txt:5 (project)


CMake Deprecation Warning at /opt/hostedtoolcache/ndk/r27c/x64/build/cmake/flags.cmake:18 (cmake_minimum_required):
  Compatibility with CMake < 3.10 will be removed from a future version of
  CMake.

  Update the VERSION argument <min> value.  Or, use the <min>...<max> syntax
  to tell CMake that the project requires at least <min> but has been updated
  to work with policies introduced by <max> or earlier.
Call Stack (most recent call first):
  /usr/local/share/cmake-3.31/Modules/Platform/Android-Clang.cmake:23 (include)
  /usr/local/share/cmake-3.31/Modules/Platform/Android-Clang-C.cmake:1 (include)
  /usr/local/share/cmake-3.31/Modules/CMakeCInformation.cmake:48 (include)
  /home/runner/work/zh-mobile/zh-mobile/build/android-arm64/CMakeFiles/CMakeScratch/TryCompile-vvbJL2/CMakeLists.txt:5 (project)


-- Looking for strcasestr - found
-- Performing Test LIBC_HAS_ISINF
CMake Deprecation Warning at /opt/hostedtoolcache/ndk/r27c/x64/build/cmake/android.toolchain.cmake:35 (cmake_minimum_required):
  Compatibility with CMake < 3.10 will be removed from a future version of
  CMake.

  Update the VERSION argument <min> value.  Or, use the <min>...<max> syntax
  to tell CMake that the project requires at least <min> but has been updated
  to work with policies introduced by <max> or earlier.
Call Stack (most recent call first):
  /home/runner/vcpkg/scripts/buildsystems/vcpkg.cmake:210 (include)
  /home/runner/work/zh-mobile/zh-mobile/build/android-arm64/CMakeFiles/3.31.6/CMakeSystem.cmake:6 (include)
  /home/runner/work/zh-mobile/zh-mobile/build/android-arm64/CMakeFiles/CMakeScratch/TryCompile-FoaLnC/CMakeLists.txt:5 (project)


CMake Deprecation Warning at /opt/hostedtoolcache/ndk/r27c/x64/build/cmake/android-legacy.toolchain.cmake:35 (cmake_minimum_required):
  Compatibility with CMake < 3.10 will be removed from a future version of
  CMake.

  Update the VERSION argument <min> value.  Or, use the <min>...<max> syntax
  to tell CMake that the project requires at least <min> but has been updated
  to work with policies introduced by <max> or earlier.
Call Stack (most recent call first):
  /opt/hostedtoolcache/ndk/r27c/x64/build/cmake/android.toolchain.cmake:55 (include)
  /home/runner/vcpkg/scripts/buildsystems/vcpkg.cmake:210 (include)
  /home/runner/work/zh-mobile/zh-mobile/build/android-arm64/CMakeFiles/3.31.6/CMakeSystem.cmake:6 (include)
  /home/runner/work/zh-mobile/zh-mobile/build/android-arm64/CMakeFiles/CMakeScratch/TryCompile-FoaLnC/CMakeLists.txt:5 (project)


CMake Deprecation Warning at /opt/hostedtoolcache/ndk/r27c/x64/build/cmake/flags.cmake:18 (cmake_minimum_required):
  Compatibility with CMake < 3.10 will be removed from a future version of
  CMake.

  Update the VERSION argument <min> value.  Or, use the <min>...<max> syntax
  to tell CMake that the project requires at least <min> but has been updated
  to work with policies introduced by <max> or earlier.
Call Stack (most recent call first):
  /usr/local/share/cmake-3.31/Modules/Platform/Android-Clang.cmake:23 (include)
  /usr/local/share/cmake-3.31/Modules/Platform/Android-Clang-C.cmake:1 (include)
  /usr/local/share/cmake-3.31/Modules/CMakeCInformation.cmake:48 (include)
  /home/runner/work/zh-mobile/zh-mobile/build/android-arm64/CMakeFiles/CMakeScratch/TryCompile-FoaLnC/CMakeLists.txt:5 (project)


-- Performing Test LIBC_HAS_ISINF - Success
-- Performing Test LIBC_ISINF_HANDLES_FLOAT
CMake Deprecation Warning at /opt/hostedtoolcache/ndk/r27c/x64/build/cmake/android.toolchain.cmake:35 (cmake_minimum_required):
  Compatibility with CMake < 3.10 will be removed from a future version of
  CMake.

  Update the VERSION argument <min> value.  Or, use the <min>...<max> syntax
  to tell CMake that the project requires at least <min> but has been updated
  to work with policies introduced by <max> or earlier.
Call Stack (most recent call first):
  /home/runner/vcpkg/scripts/buildsystems/vcpkg.cmake:210 (include)
  /home/runner/work/zh-mobile/zh-mobile/build/android-arm64/CMakeFiles/3.31.6/CMakeSystem.cmake:6 (include)
  /home/runner/work/zh-mobile/zh-mobile/build/android-arm64/CMakeFiles/CMakeScratch/TryCompile-hcUAam/CMakeLists.txt:5 (project)


CMake Deprecation Warning at /opt/hostedtoolcache/ndk/r27c/x64/build/cmake/android-legacy.toolchain.cmake:35 (cmake_minimum_required):
  Compatibility with CMake < 3.10 will be removed from a future version of
  CMake.

  Update the VERSION argument <min> value.  Or, use the <min>...<max> syntax
  to tell CMake that the project requires at least <min> but has been updated
  to work with policies introduced by <max> or earlier.
Call Stack (most recent call first):
  /opt/hostedtoolcache/ndk/r27c/x64/build/cmake/android.toolchain.cmake:55 (include)
  /home/runner/vcpkg/scripts/buildsystems/vcpkg.cmake:210 (include)
  /home/runner/work/zh-mobile/zh-mobile/build/android-arm64/CMakeFiles/3.31.6/CMakeSystem.cmake:6 (include)
  /home/runner/work/zh-mobile/zh-mobile/build/android-arm64/CMakeFiles/CMakeScratch/TryCompile-hcUAam/CMakeLists.txt:5 (project)


CMake Deprecation Warning at /opt/hostedtoolcache/ndk/r27c/x64/build/cmake/flags.cmake:18 (cmake_minimum_required):
  Compatibility with CMake < 3.10 will be removed from a future version of
  CMake.

  Update the VERSION argument <min> value.  Or, use the <min>...<max> syntax
  to tell CMake that the project requires at least <min> but has been updated
  to work with policies introduced by <max> or earlier.
Call Stack (most recent call first):
  /usr/local/share/cmake-3.31/Modules/Platform/Android-Clang.cmake:23 (include)
  /usr/local/share/cmake-3.31/Modules/Platform/Android-Clang-C.cmake:1 (include)
  /usr/local/share/cmake-3.31/Modules/CMakeCInformation.cmake:48 (include)
  /home/runner/work/zh-mobile/zh-mobile/build/android-arm64/CMakeFiles/CMakeScratch/TryCompile-hcUAam/CMakeLists.txt:5 (project)


-- Performing Test LIBC_ISINF_HANDLES_FLOAT - Success
-- Performing Test LIBC_HAS_ISINFF
CMake Deprecation Warning at /opt/hostedtoolcache/ndk/r27c/x64/build/cmake/android.toolchain.cmake:35 (cmake_minimum_required):
  Compatibility with CMake < 3.10 will be removed from a future version of
  CMake.

  Update the VERSION argument <min> value.  Or, use the <min>...<max> syntax
  to tell CMake that the project requires at least <min> but has been updated
  to work with policies introduced by <max> or earlier.
Call Stack (most recent call first):
  /home/runner/vcpkg/scripts/buildsystems/vcpkg.cmake:210 (include)
  /home/runner/work/zh-mobile/zh-mobile/build/android-arm64/CMakeFiles/3.31.6/CMakeSystem.cmake:6 (include)
  /home/runner/work/zh-mobile/zh-mobile/build/android-arm64/CMakeFiles/CMakeScratch/TryCompile-i7Nt3L/CMakeLists.txt:5 (project)


CMake Deprecation Warning at /opt/hostedtoolcache/ndk/r27c/x64/build/cmake/android-legacy.toolchain.cmake:35 (cmake_minimum_required):
  Compatibility with CMake < 3.10 will be removed from a future version of
  CMake.

  Update the VERSION argument <min> value.  Or, use the <min>...<max> syntax
  to tell CMake that the project requires at least <min> but has been updated
  to work with policies introduced by <max> or earlier.
Call Stack (most recent call first):
  /opt/hostedtoolcache/ndk/r27c/x64/build/cmake/android.toolchain.cmake:55 (include)
  /home/runner/vcpkg/scripts/buildsystems/vcpkg.cmake:210 (include)
  /home/runner/work/zh-mobile/zh-mobile/build/android-arm64/CMakeFiles/3.31.6/CMakeSystem.cmake:6 (include)
  /home/runner/work/zh-mobile/zh-mobile/build/android-arm64/CMakeFiles/CMakeScratch/TryCompile-i7Nt3L/CMakeLists.txt:5 (project)


CMake Deprecation Warning at /opt/hostedtoolcache/ndk/r27c/x64/build/cmake/flags.cmake:18 (cmake_minimum_required):
  Compatibility with CMake < 3.10 will be removed from a future version of
  CMake.

  Update the VERSION argument <min> value.  Or, use the <min>...<max> syntax
  to tell CMake that the project requires at least <min> but has been updated
  to work with policies introduced by <max> or earlier.
Call Stack (most recent call first):
  /usr/local/share/cmake-3.31/Modules/Platform/Android-Clang.cmake:23 (include)
  /usr/local/share/cmake-3.31/Modules/Platform/Android-Clang-C.cmake:1 (include)
  /usr/local/share/cmake-3.31/Modules/CMakeCInformation.cmake:48 (include)
  /home/runner/work/zh-mobile/zh-mobile/build/android-arm64/CMakeFiles/CMakeScratch/TryCompile-i7Nt3L/CMakeLists.txt:5 (project)


-- Performing Test LIBC_HAS_ISINFF - Failed
-- Performing Test LIBC_HAS_ISNAN
CMake Deprecation Warning at /opt/hostedtoolcache/ndk/r27c/x64/build/cmake/android.toolchain.cmake:35 (cmake_minimum_required):
  Compatibility with CMake < 3.10 will be removed from a future version of
  CMake.

  Update the VERSION argument <min> value.  Or, use the <min>...<max> syntax
  to tell CMake that the project requires at least <min> but has been updated
  to work with policies introduced by <max> or earlier.
Call Stack (most recent call first):
  /home/runner/vcpkg/scripts/buildsystems/vcpkg.cmake:210 (include)
  /home/runner/work/zh-mobile/zh-mobile/build/android-arm64/CMakeFiles/3.31.6/CMakeSystem.cmake:6 (include)
  /home/runner/work/zh-mobile/zh-mobile/build/android-arm64/CMakeFiles/CMakeScratch/TryCompile-wGWZ5Y/CMakeLists.txt:5 (project)


CMake Deprecation Warning at /opt/hostedtoolcache/ndk/r27c/x64/build/cmake/android-legacy.toolchain.cmake:35 (cmake_minimum_required):
  Compatibility with CMake < 3.10 will be removed from a future version of
  CMake.

  Update the VERSION argument <min> value.  Or, use the <min>...<max> syntax
  to tell CMake that the project requires at least <min> but has been updated
  to work with policies introduced by <max> or earlier.
Call Stack (most recent call first):
  /opt/hostedtoolcache/ndk/r27c/x64/build/cmake/android.toolchain.cmake:55 (include)
  /home/runner/vcpkg/scripts/buildsystems/vcpkg.cmake:210 (include)
  /home/runner/work/zh-mobile/zh-mobile/build/android-arm64/CMakeFiles/3.31.6/CMakeSystem.cmake:6 (include)
  /home/runner/work/zh-mobile/zh-mobile/build/android-arm64/CMakeFiles/CMakeScratch/TryCompile-wGWZ5Y/CMakeLists.txt:5 (project)


CMake Deprecation Warning at /opt/hostedtoolcache/ndk/r27c/x64/build/cmake/flags.cmake:18 (cmake_minimum_required):
  Compatibility with CMake < 3.10 will be removed from a future version of
  CMake.

  Update the VERSION argument <min> value.  Or, use the <min>...<max> syntax
  to tell CMake that the project requires at least <min> but has been updated
  to work with policies introduced by <max> or earlier.
Call Stack (most recent call first):
  /usr/local/share/cmake-3.31/Modules/Platform/Android-Clang.cmake:23 (include)
  /usr/local/share/cmake-3.31/Modules/Platform/Android-Clang-C.cmake:1 (include)
  /usr/local/share/cmake-3.31/Modules/CMakeCInformation.cmake:48 (include)
  /home/runner/work/zh-mobile/zh-mobile/build/android-arm64/CMakeFiles/CMakeScratch/TryCompile-wGWZ5Y/CMakeLists.txt:5 (project)


-- Performing Test LIBC_HAS_ISNAN - Success
-- Performing Test LIBC_ISNAN_HANDLES_FLOAT
CMake Deprecation Warning at /opt/hostedtoolcache/ndk/r27c/x64/build/cmake/android.toolchain.cmake:35 (cmake_minimum_required):
  Compatibility with CMake < 3.10 will be removed from a future version of
  CMake.

  Update the VERSION argument <min> value.  Or, use the <min>...<max> syntax
  to tell CMake that the project requires at least <min> but has been updated
  to work with policies introduced by <max> or earlier.
Call Stack (most recent call first):
  /home/runner/vcpkg/scripts/buildsystems/vcpkg.cmake:210 (include)
  /home/runner/work/zh-mobile/zh-mobile/build/android-arm64/CMakeFiles/3.31.6/CMakeSystem.cmake:6 (include)
  /home/runner/work/zh-mobile/zh-mobile/build/android-arm64/CMakeFiles/CMakeScratch/TryCompile-BSvDlZ/CMakeLists.txt:5 (project)


CMake Deprecation Warning at /opt/hostedtoolcache/ndk/r27c/x64/build/cmake/android-legacy.toolchain.cmake:35 (cmake_minimum_required):
  Compatibility with CMake < 3.10 will be removed from a future version of
  CMake.

  Update the VERSION argument <min> value.  Or, use the <min>...<max> syntax
  to tell CMake that the project requires at least <min> but has been updated
  to work with policies introduced by <max> or earlier.
Call Stack (most recent call first):
  /opt/hostedtoolcache/ndk/r27c/x64/build/cmake/android.toolchain.cmake:55 (include)
  /home/runner/vcpkg/scripts/buildsystems/vcpkg.cmake:210 (include)
  /home/runner/work/zh-mobile/zh-mobile/build/android-arm64/CMakeFiles/3.31.6/CMakeSystem.cmake:6 (include)
  /home/runner/work/zh-mobile/zh-mobile/build/android-arm64/CMakeFiles/CMakeScratch/TryCompile-BSvDlZ/CMakeLists.txt:5 (project)


CMake Deprecation Warning at /opt/hostedtoolcache/ndk/r27c/x64/build/cmake/flags.cmake:18 (cmake_minimum_required):
  Compatibility with CMake < 3.10 will be removed from a future version of
  CMake.

  Update the VERSION argument <min> value.  Or, use the <min>...<max> syntax
  to tell CMake that the project requires at least <min> but has been updated
  to work with policies introduced by <max> or earlier.
Call Stack (most recent call first):
  /usr/local/share/cmake-3.31/Modules/Platform/Android-Clang.cmake:23 (include)
  /usr/local/share/cmake-3.31/Modules/Platform/Android-Clang-C.cmake:1 (include)
  /usr/local/share/cmake-3.31/Modules/CMakeCInformation.cmake:48 (include)
  /home/runner/work/zh-mobile/zh-mobile/build/android-arm64/CMakeFiles/CMakeScratch/TryCompile-BSvDlZ/CMakeLists.txt:5 (project)


-- Performing Test LIBC_ISNAN_HANDLES_FLOAT - Success
-- Performing Test LIBC_HAS_ISNANF
CMake Deprecation Warning at /opt/hostedtoolcache/ndk/r27c/x64/build/cmake/android.toolchain.cmake:35 (cmake_minimum_required):
  Compatibility with CMake < 3.10 will be removed from a future version of
  CMake.

  Update the VERSION argument <min> value.  Or, use the <min>...<max> syntax
  to tell CMake that the project requires at least <min> but has been updated
  to work with policies introduced by <max> or earlier.
Call Stack (most recent call first):
  /home/runner/vcpkg/scripts/buildsystems/vcpkg.cmake:210 (include)
  /home/runner/work/zh-mobile/zh-mobile/build/android-arm64/CMakeFiles/3.31.6/CMakeSystem.cmake:6 (include)
  /home/runner/work/zh-mobile/zh-mobile/build/android-arm64/CMakeFiles/CMakeScratch/TryCompile-uTZwmC/CMakeLists.txt:5 (project)


CMake Deprecation Warning at /opt/hostedtoolcache/ndk/r27c/x64/build/cmake/android-legacy.toolchain.cmake:35 (cmake_minimum_required):
  Compatibility with CMake < 3.10 will be removed from a future version of
  CMake.

  Update the VERSION argument <min> value.  Or, use the <min>...<max> syntax
  to tell CMake that the project requires at least <min> but has been updated
  to work with policies introduced by <max> or earlier.
Call Stack (most recent call first):
  /opt/hostedtoolcache/ndk/r27c/x64/build/cmake/android.toolchain.cmake:55 (include)
  /home/runner/vcpkg/scripts/buildsystems/vcpkg.cmake:210 (include)
  /home/runner/work/zh-mobile/zh-mobile/build/android-arm64/CMakeFiles/3.31.6/CMakeSystem.cmake:6 (include)
  /home/runner/work/zh-mobile/zh-mobile/build/android-arm64/CMakeFiles/CMakeScratch/TryCompile-uTZwmC/CMakeLists.txt:5 (project)


CMake Deprecation Warning at /opt/hostedtoolcache/ndk/r27c/x64/build/cmake/flags.cmake:18 (cmake_minimum_required):
  Compatibility with CMake < 3.10 will be removed from a future version of
  CMake.

  Update the VERSION argument <min> value.  Or, use the <min>...<max> syntax
  to tell CMake that the project requires at least <min> but has been updated
  to work with policies introduced by <max> or earlier.
Call Stack (most recent call first):
  /usr/local/share/cmake-3.31/Modules/Platform/Android-Clang.cmake:23 (include)
  /usr/local/share/cmake-3.31/Modules/Platform/Android-Clang-C.cmake:1 (include)
  /usr/local/share/cmake-3.31/Modules/CMakeCInformation.cmake:48 (include)
  /home/runner/work/zh-mobile/zh-mobile/build/android-arm64/CMakeFiles/CMakeScratch/TryCompile-uTZwmC/CMakeLists.txt:5 (project)


-- Performing Test LIBC_HAS_ISNANF - Success
-- Looking for fdatasync
CMake Deprecation Warning at /opt/hostedtoolcache/ndk/r27c/x64/build/cmake/android.toolchain.cmake:35 (cmake_minimum_required):
  Compatibility with CMake < 3.10 will be removed from a future version of
  CMake.

  Update the VERSION argument <min> value.  Or, use the <min>...<max> syntax
  to tell CMake that the project requires at least <min> but has been updated
  to work with policies introduced by <max> or earlier.
Call Stack (most recent call first):
  /home/runner/vcpkg/scripts/buildsystems/vcpkg.cmake:210 (include)
  /home/runner/work/zh-mobile/zh-mobile/build/android-arm64/CMakeFiles/3.31.6/CMakeSystem.cmake:6 (include)
  /home/runner/work/zh-mobile/zh-mobile/build/android-arm64/CMakeFiles/CMakeScratch/TryCompile-4JJjvj/CMakeLists.txt:5 (project)


CMake Deprecation Warning at /opt/hostedtoolcache/ndk/r27c/x64/build/cmake/android-legacy.toolchain.cmake:35 (cmake_minimum_required):
  Compatibility with CMake < 3.10 will be removed from a future version of
  CMake.

  Update the VERSION argument <min> value.  Or, use the <min>...<max> syntax
  to tell CMake that the project requires at least <min> but has been updated
  to work with policies introduced by <max> or earlier.
Call Stack (most recent call first):
  /opt/hostedtoolcache/ndk/r27c/x64/build/cmake/android.toolchain.cmake:55 (include)
  /home/runner/vcpkg/scripts/buildsystems/vcpkg.cmake:210 (include)
  /home/runner/work/zh-mobile/zh-mobile/build/android-arm64/CMakeFiles/3.31.6/CMakeSystem.cmake:6 (include)
  /home/runner/work/zh-mobile/zh-mobile/build/android-arm64/CMakeFiles/CMakeScratch/TryCompile-4JJjvj/CMakeLists.txt:5 (project)


CMake Deprecation Warning at /opt/hostedtoolcache/ndk/r27c/x64/build/cmake/flags.cmake:18 (cmake_minimum_required):
  Compatibility with CMake < 3.10 will be removed from a future version of
  CMake.

  Update the VERSION argument <min> value.  Or, use the <min>...<max> syntax
  to tell CMake that the project requires at least <min> but has been updated
  to work with policies introduced by <max> or earlier.
Call Stack (most recent call first):
  /usr/local/share/cmake-3.31/Modules/Platform/Android-Clang.cmake:23 (include)
  /usr/local/share/cmake-3.31/Modules/Platform/Android-Clang-C.cmake:1 (include)
  /usr/local/share/cmake-3.31/Modules/CMakeCInformation.cmake:48 (include)
  /home/runner/work/zh-mobile/zh-mobile/build/android-arm64/CMakeFiles/CMakeScratch/TryCompile-4JJjvj/CMakeLists.txt:5 (project)


-- Looking for fdatasync - found
-- Looking for gethostname
CMake Deprecation Warning at /opt/hostedtoolcache/ndk/r27c/x64/build/cmake/android.toolchain.cmake:35 (cmake_minimum_required):
  Compatibility with CMake < 3.10 will be removed from a future version of
  CMake.

  Update the VERSION argument <min> value.  Or, use the <min>...<max> syntax
  to tell CMake that the project requires at least <min> but has been updated
  to work with policies introduced by <max> or earlier.
Call Stack (most recent call first):
  /home/runner/vcpkg/scripts/buildsystems/vcpkg.cmake:210 (include)
  /home/runner/work/zh-mobile/zh-mobile/build/android-arm64/CMakeFiles/3.31.6/CMakeSystem.cmake:6 (include)
  /home/runner/work/zh-mobile/zh-mobile/build/android-arm64/CMakeFiles/CMakeScratch/TryCompile-dPbjJ2/CMakeLists.txt:5 (project)


CMake Deprecation Warning at /opt/hostedtoolcache/ndk/r27c/x64/build/cmake/android-legacy.toolchain.cmake:35 (cmake_minimum_required):
  Compatibility with CMake < 3.10 will be removed from a future version of
  CMake.

  Update the VERSION argument <min> value.  Or, use the <min>...<max> syntax
  to tell CMake that the project requires at least <min> but has been updated
  to work with policies introduced by <max> or earlier.
Call Stack (most recent call first):
  /opt/hostedtoolcache/ndk/r27c/x64/build/cmake/android.toolchain.cmake:55 (include)
  /home/runner/vcpkg/scripts/buildsystems/vcpkg.cmake:210 (include)
  /home/runner/work/zh-mobile/zh-mobile/build/android-arm64/CMakeFiles/3.31.6/CMakeSystem.cmake:6 (include)
  /home/runner/work/zh-mobile/zh-mobile/build/android-arm64/CMakeFiles/CMakeScratch/TryCompile-dPbjJ2/CMakeLists.txt:5 (project)


CMake Deprecation Warning at /opt/hostedtoolcache/ndk/r27c/x64/build/cmake/flags.cmake:18 (cmake_minimum_required):
  Compatibility with CMake < 3.10 will be removed from a future version of
  CMake.

  Update the VERSION argument <min> value.  Or, use the <min>...<max> syntax
  to tell CMake that the project requires at least <min> but has been updated
  to work with policies introduced by <max> or earlier.
Call Stack (most recent call first):
  /usr/local/share/cmake-3.31/Modules/Platform/Android-Clang.cmake:23 (include)
  /usr/local/share/cmake-3.31/Modules/Platform/Android-Clang-C.cmake:1 (include)
  /usr/local/share/cmake-3.31/Modules/CMakeCInformation.cmake:48 (include)
  /home/runner/work/zh-mobile/zh-mobile/build/android-arm64/CMakeFiles/CMakeScratch/TryCompile-dPbjJ2/CMakeLists.txt:5 (project)


-- Looking for gethostname - found
-- Looking for getpagesize
CMake Deprecation Warning at /opt/hostedtoolcache/ndk/r27c/x64/build/cmake/android.toolchain.cmake:35 (cmake_minimum_required):
  Compatibility with CMake < 3.10 will be removed from a future version of
  CMake.

  Update the VERSION argument <min> value.  Or, use the <min>...<max> syntax
  to tell CMake that the project requires at least <min> but has been updated
  to work with policies introduced by <max> or earlier.
Call Stack (most recent call first):
  /home/runner/vcpkg/scripts/buildsystems/vcpkg.cmake:210 (include)
  /home/runner/work/zh-mobile/zh-mobile/build/android-arm64/CMakeFiles/3.31.6/CMakeSystem.cmake:6 (include)
  /home/runner/work/zh-mobile/zh-mobile/build/android-arm64/CMakeFiles/CMakeScratch/TryCompile-kWrsPA/CMakeLists.txt:5 (project)


CMake Deprecation Warning at /opt/hostedtoolcache/ndk/r27c/x64/build/cmake/android-legacy.toolchain.cmake:35 (cmake_minimum_required):
  Compatibility with CMake < 3.10 will be removed from a future version of
  CMake.

  Update the VERSION argument <min> value.  Or, use the <min>...<max> syntax
  to tell CMake that the project requires at least <min> but has been updated
  to work with policies introduced by <max> or earlier.
Call Stack (most recent call first):
  /opt/hostedtoolcache/ndk/r27c/x64/build/cmake/android.toolchain.cmake:55 (include)
  /home/runner/vcpkg/scripts/buildsystems/vcpkg.cmake:210 (include)
  /home/runner/work/zh-mobile/zh-mobile/build/android-arm64/CMakeFiles/3.31.6/CMakeSystem.cmake:6 (include)
  /home/runner/work/zh-mobile/zh-mobile/build/android-arm64/CMakeFiles/CMakeScratch/TryCompile-kWrsPA/CMakeLists.txt:5 (project)


CMake Deprecation Warning at /opt/hostedtoolcache/ndk/r27c/x64/build/cmake/flags.cmake:18 (cmake_minimum_required):
  Compatibility with CMake < 3.10 will be removed from a future version of
  CMake.

  Update the VERSION argument <min> value.  Or, use the <min>...<max> syntax
  to tell CMake that the project requires at least <min> but has been updated
  to work with policies introduced by <max> or earlier.
Call Stack (most recent call first):
  /usr/local/share/cmake-3.31/Modules/Platform/Android-Clang.cmake:23 (include)
  /usr/local/share/cmake-3.31/Modules/Platform/Android-Clang-C.cmake:1 (include)
  /usr/local/share/cmake-3.31/Modules/CMakeCInformation.cmake:48 (include)
  /home/runner/work/zh-mobile/zh-mobile/build/android-arm64/CMakeFiles/CMakeScratch/TryCompile-kWrsPA/CMakeLists.txt:5 (project)


-- Looking for getpagesize - found
-- Looking for getresgid
CMake Deprecation Warning at /opt/hostedtoolcache/ndk/r27c/x64/build/cmake/android.toolchain.cmake:35 (cmake_minimum_required):
  Compatibility with CMake < 3.10 will be removed from a future version of
  CMake.

  Update the VERSION argument <min> value.  Or, use the <min>...<max> syntax
  to tell CMake that the project requires at least <min> but has been updated
  to work with policies introduced by <max> or earlier.
Call Stack (most recent call first):
  /home/runner/vcpkg/scripts/buildsystems/vcpkg.cmake:210 (include)
  /home/runner/work/zh-mobile/zh-mobile/build/android-arm64/CMakeFiles/3.31.6/CMakeSystem.cmake:6 (include)
  /home/runner/work/zh-mobile/zh-mobile/build/android-arm64/CMakeFiles/CMakeScratch/TryCompile-rXyFBF/CMakeLists.txt:5 (project)


CMake Deprecation Warning at /opt/hostedtoolcache/ndk/r27c/x64/build/cmake/android-legacy.toolchain.cmake:35 (cmake_minimum_required):
  Compatibility with CMake < 3.10 will be removed from a future version of
  CMake.

  Update the VERSION argument <min> value.  Or, use the <min>...<max> syntax
  to tell CMake that the project requires at least <min> but has been updated
  to work with policies introduced by <max> or earlier.
Call Stack (most recent call first):
  /opt/hostedtoolcache/ndk/r27c/x64/build/cmake/android.toolchain.cmake:55 (include)
  /home/runner/vcpkg/scripts/buildsystems/vcpkg.cmake:210 (include)
  /home/runner/work/zh-mobile/zh-mobile/build/android-arm64/CMakeFiles/3.31.6/CMakeSystem.cmake:6 (include)
  /home/runner/work/zh-mobile/zh-mobile/build/android-arm64/CMakeFiles/CMakeScratch/TryCompile-rXyFBF/CMakeLists.txt:5 (project)


CMake Deprecation Warning at /opt/hostedtoolcache/ndk/r27c/x64/build/cmake/flags.cmake:18 (cmake_minimum_required):
  Compatibility with CMake < 3.10 will be removed from a future version of
  CMake.

  Update the VERSION argument <min> value.  Or, use the <min>...<max> syntax
  to tell CMake that the project requires at least <min> but has been updated
  to work with policies introduced by <max> or earlier.
Call Stack (most recent call first):
  /usr/local/share/cmake-3.31/Modules/Platform/Android-Clang.cmake:23 (include)
  /usr/local/share/cmake-3.31/Modules/Platform/Android-Clang-C.cmake:1 (include)
  /usr/local/share/cmake-3.31/Modules/CMakeCInformation.cmake:48 (include)
  /home/runner/work/zh-mobile/zh-mobile/build/android-arm64/CMakeFiles/CMakeScratch/TryCompile-rXyFBF/CMakeLists.txt:5 (project)


-- Looking for getresgid - found
-- Looking for getresuid
CMake Deprecation Warning at /opt/hostedtoolcache/ndk/r27c/x64/build/cmake/android.toolchain.cmake:35 (cmake_minimum_required):
  Compatibility with CMake < 3.10 will be removed from a future version of
  CMake.

  Update the VERSION argument <min> value.  Or, use the <min>...<max> syntax
  to tell CMake that the project requires at least <min> but has been updated
  to work with policies introduced by <max> or earlier.
Call Stack (most recent call first):
  /home/runner/vcpkg/scripts/buildsystems/vcpkg.cmake:210 (include)
  /home/runner/work/zh-mobile/zh-mobile/build/android-arm64/CMakeFiles/3.31.6/CMakeSystem.cmake:6 (include)
  /home/runner/work/zh-mobile/zh-mobile/build/android-arm64/CMakeFiles/CMakeScratch/TryCompile-ZhFHWu/CMakeLists.txt:5 (project)


CMake Deprecation Warning at /opt/hostedtoolcache/ndk/r27c/x64/build/cmake/android-legacy.toolchain.cmake:35 (cmake_minimum_required):
  Compatibility with CMake < 3.10 will be removed from a future version of
  CMake.

  Update the VERSION argument <min> value.  Or, use the <min>...<max> syntax
  to tell CMake that the project requires at least <min> but has been updated
  to work with policies introduced by <max> or earlier.
Call Stack (most recent call first):
  /opt/hostedtoolcache/ndk/r27c/x64/build/cmake/android.toolchain.cmake:55 (include)
  /home/runner/vcpkg/scripts/buildsystems/vcpkg.cmake:210 (include)
  /home/runner/work/zh-mobile/zh-mobile/build/android-arm64/CMakeFiles/3.31.6/CMakeSystem.cmake:6 (include)
  /home/runner/work/zh-mobile/zh-mobile/build/android-arm64/CMakeFiles/CMakeScratch/TryCompile-ZhFHWu/CMakeLists.txt:5 (project)


CMake Deprecation Warning at /opt/hostedtoolcache/ndk/r27c/x64/build/cmake/flags.cmake:18 (cmake_minimum_required):
  Compatibility with CMake < 3.10 will be removed from a future version of
  CMake.

  Update the VERSION argument <min> value.  Or, use the <min>...<max> syntax
  to tell CMake that the project requires at least <min> but has been updated
  to work with policies introduced by <max> or earlier.
Call Stack (most recent call first):
  /usr/local/share/cmake-3.31/Modules/Platform/Android-Clang.cmake:23 (include)
  /usr/local/share/cmake-3.31/Modules/Platform/Android-Clang-C.cmake:1 (include)
  /usr/local/share/cmake-3.31/Modules/CMakeCInformation.cmake:48 (include)
  /home/runner/work/zh-mobile/zh-mobile/build/android-arm64/CMakeFiles/CMakeScratch/TryCompile-ZhFHWu/CMakeLists.txt:5 (project)


-- Looking for getresuid - found
-- Looking for sigaction
CMake Deprecation Warning at /opt/hostedtoolcache/ndk/r27c/x64/build/cmake/android.toolchain.cmake:35 (cmake_minimum_required):
  Compatibility with CMake < 3.10 will be removed from a future version of
  CMake.

  Update the VERSION argument <min> value.  Or, use the <min>...<max> syntax
  to tell CMake that the project requires at least <min> but has been updated
  to work with policies introduced by <max> or earlier.
Call Stack (most recent call first):
  /home/runner/vcpkg/scripts/buildsystems/vcpkg.cmake:210 (include)
  /home/runner/work/zh-mobile/zh-mobile/build/android-arm64/CMakeFiles/3.31.6/CMakeSystem.cmake:6 (include)
  /home/runner/work/zh-mobile/zh-mobile/build/android-arm64/CMakeFiles/CMakeScratch/TryCompile-ZC1IMP/CMakeLists.txt:5 (project)


CMake Deprecation Warning at /opt/hostedtoolcache/ndk/r27c/x64/build/cmake/android-legacy.toolchain.cmake:35 (cmake_minimum_required):
  Compatibility with CMake < 3.10 will be removed from a future version of
  CMake.

  Update the VERSION argument <min> value.  Or, use the <min>...<max> syntax
  to tell CMake that the project requires at least <min> but has been updated
  to work with policies introduced by <max> or earlier.
Call Stack (most recent call first):
  /opt/hostedtoolcache/ndk/r27c/x64/build/cmake/android.toolchain.cmake:55 (include)
  /home/runner/vcpkg/scripts/buildsystems/vcpkg.cmake:210 (include)
  /home/runner/work/zh-mobile/zh-mobile/build/android-arm64/CMakeFiles/3.31.6/CMakeSystem.cmake:6 (include)
  /home/runner/work/zh-mobile/zh-mobile/build/android-arm64/CMakeFiles/CMakeScratch/TryCompile-ZC1IMP/CMakeLists.txt:5 (project)


CMake Deprecation Warning at /opt/hostedtoolcache/ndk/r27c/x64/build/cmake/flags.cmake:18 (cmake_minimum_required):
  Compatibility with CMake < 3.10 will be removed from a future version of
  CMake.

  Update the VERSION argument <min> value.  Or, use the <min>...<max> syntax
  to tell CMake that the project requires at least <min> but has been updated
  to work with policies introduced by <max> or earlier.
Call Stack (most recent call first):
  /usr/local/share/cmake-3.31/Modules/Platform/Android-Clang.cmake:23 (include)
  /usr/local/share/cmake-3.31/Modules/Platform/Android-Clang-C.cmake:1 (include)
  /usr/local/share/cmake-3.31/Modules/CMakeCInformation.cmake:48 (include)
  /home/runner/work/zh-mobile/zh-mobile/build/android-arm64/CMakeFiles/CMakeScratch/TryCompile-ZC1IMP/CMakeLists.txt:5 (project)


-- Looking for sigaction - found
-- Looking for sigtimedwait
CMake Deprecation Warning at /opt/hostedtoolcache/ndk/r27c/x64/build/cmake/android.toolchain.cmake:35 (cmake_minimum_required):
  Compatibility with CMake < 3.10 will be removed from a future version of
  CMake.

  Update the VERSION argument <min> value.  Or, use the <min>...<max> syntax
  to tell CMake that the project requires at least <min> but has been updated
  to work with policies introduced by <max> or earlier.
Call Stack (most recent call first):
  /home/runner/vcpkg/scripts/buildsystems/vcpkg.cmake:210 (include)
  /home/runner/work/zh-mobile/zh-mobile/build/android-arm64/CMakeFiles/3.31.6/CMakeSystem.cmake:6 (include)
  /home/runner/work/zh-mobile/zh-mobile/build/android-arm64/CMakeFiles/CMakeScratch/TryCompile-6mgyqt/CMakeLists.txt:5 (project)


CMake Deprecation Warning at /opt/hostedtoolcache/ndk/r27c/x64/build/cmake/android-legacy.toolchain.cmake:35 (cmake_minimum_required):
  Compatibility with CMake < 3.10 will be removed from a future version of
  CMake.

  Update the VERSION argument <min> value.  Or, use the <min>...<max> syntax
  to tell CMake that the project requires at least <min> but has been updated
  to work with policies introduced by <max> or earlier.
Call Stack (most recent call first):
  /opt/hostedtoolcache/ndk/r27c/x64/build/cmake/android.toolchain.cmake:55 (include)
  /home/runner/vcpkg/scripts/buildsystems/vcpkg.cmake:210 (include)
  /home/runner/work/zh-mobile/zh-mobile/build/android-arm64/CMakeFiles/3.31.6/CMakeSystem.cmake:6 (include)
  /home/runner/work/zh-mobile/zh-mobile/build/android-arm64/CMakeFiles/CMakeScratch/TryCompile-6mgyqt/CMakeLists.txt:5 (project)


CMake Deprecation Warning at /opt/hostedtoolcache/ndk/r27c/x64/build/cmake/flags.cmake:18 (cmake_minimum_required):
  Compatibility with CMake < 3.10 will be removed from a future version of
  CMake.

  Update the VERSION argument <min> value.  Or, use the <min>...<max> syntax
  to tell CMake that the project requires at least <min> but has been updated
  to work with policies introduced by <max> or earlier.
Call Stack (most recent call first):
  /usr/local/share/cmake-3.31/Modules/Platform/Android-Clang.cmake:23 (include)
  /usr/local/share/cmake-3.31/Modules/Platform/Android-Clang-C.cmake:1 (include)
  /usr/local/share/cmake-3.31/Modules/CMakeCInformation.cmake:48 (include)
  /home/runner/work/zh-mobile/zh-mobile/build/android-arm64/CMakeFiles/CMakeScratch/TryCompile-6mgyqt/CMakeLists.txt:5 (project)


-- Looking for sigtimedwait - found
-- Looking for setjmp
CMake Deprecation Warning at /opt/hostedtoolcache/ndk/r27c/x64/build/cmake/android.toolchain.cmake:35 (cmake_minimum_required):
  Compatibility with CMake < 3.10 will be removed from a future version of
  CMake.

  Update the VERSION argument <min> value.  Or, use the <min>...<max> syntax
  to tell CMake that the project requires at least <min> but has been updated
  to work with policies introduced by <max> or earlier.
Call Stack (most recent call first):
  /home/runner/vcpkg/scripts/buildsystems/vcpkg.cmake:210 (include)
  /home/runner/work/zh-mobile/zh-mobile/build/android-arm64/CMakeFiles/3.31.6/CMakeSystem.cmake:6 (include)
  /home/runner/work/zh-mobile/zh-mobile/build/android-arm64/CMakeFiles/CMakeScratch/TryCompile-h0vi4g/CMakeLists.txt:5 (project)


CMake Deprecation Warning at /opt/hostedtoolcache/ndk/r27c/x64/build/cmake/android-legacy.toolchain.cmake:35 (cmake_minimum_required):
  Compatibility with CMake < 3.10 will be removed from a future version of
  CMake.

  Update the VERSION argument <min> value.  Or, use the <min>...<max> syntax
  to tell CMake that the project requires at least <min> but has been updated
  to work with policies introduced by <max> or earlier.
Call Stack (most recent call first):
  /opt/hostedtoolcache/ndk/r27c/x64/build/cmake/android.toolchain.cmake:55 (include)
  /home/runner/vcpkg/scripts/buildsystems/vcpkg.cmake:210 (include)
  /home/runner/work/zh-mobile/zh-mobile/build/android-arm64/CMakeFiles/3.31.6/CMakeSystem.cmake:6 (include)
  /home/runner/work/zh-mobile/zh-mobile/build/android-arm64/CMakeFiles/CMakeScratch/TryCompile-h0vi4g/CMakeLists.txt:5 (project)


CMake Deprecation Warning at /opt/hostedtoolcache/ndk/r27c/x64/build/cmake/flags.cmake:18 (cmake_minimum_required):
  Compatibility with CMake < 3.10 will be removed from a future version of
  CMake.

  Update the VERSION argument <min> value.  Or, use the <min>...<max> syntax
  to tell CMake that the project requires at least <min> but has been updated
  to work with policies introduced by <max> or earlier.
Call Stack (most recent call first):
  /usr/local/share/cmake-3.31/Modules/Platform/Android-Clang.cmake:23 (include)
  /usr/local/share/cmake-3.31/Modules/Platform/Android-Clang-C.cmake:1 (include)
  /usr/local/share/cmake-3.31/Modules/CMakeCInformation.cmake:48 (include)
  /home/runner/work/zh-mobile/zh-mobile/build/android-arm64/CMakeFiles/CMakeScratch/TryCompile-h0vi4g/CMakeLists.txt:5 (project)


-- Looking for setjmp - found
-- Looking for nanosleep
CMake Deprecation Warning at /opt/hostedtoolcache/ndk/r27c/x64/build/cmake/android.toolchain.cmake:35 (cmake_minimum_required):
  Compatibility with CMake < 3.10 will be removed from a future version of
  CMake.

  Update the VERSION argument <min> value.  Or, use the <min>...<max> syntax
  to tell CMake that the project requires at least <min> but has been updated
  to work with policies introduced by <max> or earlier.
Call Stack (most recent call first):
  /home/runner/vcpkg/scripts/buildsystems/vcpkg.cmake:210 (include)
  /home/runner/work/zh-mobile/zh-mobile/build/android-arm64/CMakeFiles/3.31.6/CMakeSystem.cmake:6 (include)
  /home/runner/work/zh-mobile/zh-mobile/build/android-arm64/CMakeFiles/CMakeScratch/TryCompile-IBDG0n/CMakeLists.txt:5 (project)


CMake Deprecation Warning at /opt/hostedtoolcache/ndk/r27c/x64/build/cmake/android-legacy.toolchain.cmake:35 (cmake_minimum_required):
  Compatibility with CMake < 3.10 will be removed from a future version of
  CMake.

  Update the VERSION argument <min> value.  Or, use the <min>...<max> syntax
  to tell CMake that the project requires at least <min> but has been updated
  to work with policies introduced by <max> or earlier.
Call Stack (most recent call first):
  /opt/hostedtoolcache/ndk/r27c/x64/build/cmake/android.toolchain.cmake:55 (include)
  /home/runner/vcpkg/scripts/buildsystems/vcpkg.cmake:210 (include)
  /home/runner/work/zh-mobile/zh-mobile/build/android-arm64/CMakeFiles/3.31.6/CMakeSystem.cmake:6 (include)
  /home/runner/work/zh-mobile/zh-mobile/build/android-arm64/CMakeFiles/CMakeScratch/TryCompile-IBDG0n/CMakeLists.txt:5 (project)


CMake Deprecation Warning at /opt/hostedtoolcache/ndk/r27c/x64/build/cmake/flags.cmake:18 (cmake_minimum_required):
  Compatibility with CMake < 3.10 will be removed from a future version of
  CMake.

  Update the VERSION argument <min> value.  Or, use the <min>...<max> syntax
  to tell CMake that the project requires at least <min> but has been updated
  to work with policies introduced by <max> or earlier.
Call Stack (most recent call first):
  /usr/local/share/cmake-3.31/Modules/Platform/Android-Clang.cmake:23 (include)
  /usr/local/share/cmake-3.31/Modules/Platform/Android-Clang-C.cmake:1 (include)
  /usr/local/share/cmake-3.31/Modules/CMakeCInformation.cmake:48 (include)
  /home/runner/work/zh-mobile/zh-mobile/build/android-arm64/CMakeFiles/CMakeScratch/TryCompile-IBDG0n/CMakeLists.txt:5 (project)


-- Looking for nanosleep - found
-- Looking for gmtime_r
CMake Deprecation Warning at /opt/hostedtoolcache/ndk/r27c/x64/build/cmake/android.toolchain.cmake:35 (cmake_minimum_required):
  Compatibility with CMake < 3.10 will be removed from a future version of
  CMake.

  Update the VERSION argument <min> value.  Or, use the <min>...<max> syntax
  to tell CMake that the project requires at least <min> but has been updated
  to work with policies introduced by <max> or earlier.
Call Stack (most recent call first):
  /home/runner/vcpkg/scripts/buildsystems/vcpkg.cmake:210 (include)
  /home/runner/work/zh-mobile/zh-mobile/build/android-arm64/CMakeFiles/3.31.6/CMakeSystem.cmake:6 (include)
  /home/runner/work/zh-mobile/zh-mobile/build/android-arm64/CMakeFiles/CMakeScratch/TryCompile-U606G5/CMakeLists.txt:5 (project)


CMake Deprecation Warning at /opt/hostedtoolcache/ndk/r27c/x64/build/cmake/android-legacy.toolchain.cmake:35 (cmake_minimum_required):
  Compatibility with CMake < 3.10 will be removed from a future version of
  CMake.

  Update the VERSION argument <min> value.  Or, use the <min>...<max> syntax
  to tell CMake that the project requires at least <min> but has been updated
  to work with policies introduced by <max> or earlier.
Call Stack (most recent call first):
  /opt/hostedtoolcache/ndk/r27c/x64/build/cmake/android.toolchain.cmake:55 (include)
  /home/runner/vcpkg/scripts/buildsystems/vcpkg.cmake:210 (include)
  /home/runner/work/zh-mobile/zh-mobile/build/android-arm64/CMakeFiles/3.31.6/CMakeSystem.cmake:6 (include)
  /home/runner/work/zh-mobile/zh-mobile/build/android-arm64/CMakeFiles/CMakeScratch/TryCompile-U606G5/CMakeLists.txt:5 (project)


CMake Deprecation Warning at /opt/hostedtoolcache/ndk/r27c/x64/build/cmake/flags.cmake:18 (cmake_minimum_required):
  Compatibility with CMake < 3.10 will be removed from a future version of
  CMake.

  Update the VERSION argument <min> value.  Or, use the <min>...<max> syntax
  to tell CMake that the project requires at least <min> but has been updated
  to work with policies introduced by <max> or earlier.
Call Stack (most recent call first):
  /usr/local/share/cmake-3.31/Modules/Platform/Android-Clang.cmake:23 (include)
  /usr/local/share/cmake-3.31/Modules/Platform/Android-Clang-C.cmake:1 (include)
  /usr/local/share/cmake-3.31/Modules/CMakeCInformation.cmake:48 (include)
  /home/runner/work/zh-mobile/zh-mobile/build/android-arm64/CMakeFiles/CMakeScratch/TryCompile-U606G5/CMakeLists.txt:5 (project)


-- Looking for gmtime_r - found
-- Looking for localtime_r
CMake Deprecation Warning at /opt/hostedtoolcache/ndk/r27c/x64/build/cmake/android.toolchain.cmake:35 (cmake_minimum_required):
  Compatibility with CMake < 3.10 will be removed from a future version of
  CMake.

  Update the VERSION argument <min> value.  Or, use the <min>...<max> syntax
  to tell CMake that the project requires at least <min> but has been updated
  to work with policies introduced by <max> or earlier.
Call Stack (most recent call first):
  /home/runner/vcpkg/scripts/buildsystems/vcpkg.cmake:210 (include)
  /home/runner/work/zh-mobile/zh-mobile/build/android-arm64/CMakeFiles/3.31.6/CMakeSystem.cmake:6 (include)
  /home/runner/work/zh-mobile/zh-mobile/build/android-arm64/CMakeFiles/CMakeScratch/TryCompile-b2XPOe/CMakeLists.txt:5 (project)


CMake Deprecation Warning at /opt/hostedtoolcache/ndk/r27c/x64/build/cmake/android-legacy.toolchain.cmake:35 (cmake_minimum_required):
  Compatibility with CMake < 3.10 will be removed from a future version of
  CMake.

  Update the VERSION argument <min> value.  Or, use the <min>...<max> syntax
  to tell CMake that the project requires at least <min> but has been updated
  to work with policies introduced by <max> or earlier.
Call Stack (most recent call first):
  /opt/hostedtoolcache/ndk/r27c/x64/build/cmake/android.toolchain.cmake:55 (include)
  /home/runner/vcpkg/scripts/buildsystems/vcpkg.cmake:210 (include)
  /home/runner/work/zh-mobile/zh-mobile/build/android-arm64/CMakeFiles/3.31.6/CMakeSystem.cmake:6 (include)
  /home/runner/work/zh-mobile/zh-mobile/build/android-arm64/CMakeFiles/CMakeScratch/TryCompile-b2XPOe/CMakeLists.txt:5 (project)


CMake Deprecation Warning at /opt/hostedtoolcache/ndk/r27c/x64/build/cmake/flags.cmake:18 (cmake_minimum_required):
  Compatibility with CMake < 3.10 will be removed from a future version of
  CMake.

  Update the VERSION argument <min> value.  Or, use the <min>...<max> syntax
  to tell CMake that the project requires at least <min> but has been updated
  to work with policies introduced by <max> or earlier.
Call Stack (most recent call first):
  /usr/local/share/cmake-3.31/Modules/Platform/Android-Clang.cmake:23 (include)
  /usr/local/share/cmake-3.31/Modules/Platform/Android-Clang-C.cmake:1 (include)
  /usr/local/share/cmake-3.31/Modules/CMakeCInformation.cmake:48 (include)
  /home/runner/work/zh-mobile/zh-mobile/build/android-arm64/CMakeFiles/CMakeScratch/TryCompile-b2XPOe/CMakeLists.txt:5 (project)


-- Looking for localtime_r - found
-- Looking for nl_langinfo
CMake Deprecation Warning at /opt/hostedtoolcache/ndk/r27c/x64/build/cmake/android.toolchain.cmake:35 (cmake_minimum_required):
  Compatibility with CMake < 3.10 will be removed from a future version of
  CMake.

  Update the VERSION argument <min> value.  Or, use the <min>...<max> syntax
  to tell CMake that the project requires at least <min> but has been updated
  to work with policies introduced by <max> or earlier.
Call Stack (most recent call first):
  /home/runner/vcpkg/scripts/buildsystems/vcpkg.cmake:210 (include)
  /home/runner/work/zh-mobile/zh-mobile/build/android-arm64/CMakeFiles/3.31.6/CMakeSystem.cmake:6 (include)
  /home/runner/work/zh-mobile/zh-mobile/build/android-arm64/CMakeFiles/CMakeScratch/TryCompile-P3Ljld/CMakeLists.txt:5 (project)


CMake Deprecation Warning at /opt/hostedtoolcache/ndk/r27c/x64/build/cmake/android-legacy.toolchain.cmake:35 (cmake_minimum_required):
  Compatibility with CMake < 3.10 will be removed from a future version of
  CMake.

  Update the VERSION argument <min> value.  Or, use the <min>...<max> syntax
  to tell CMake that the project requires at least <min> but has been updated
  to work with policies introduced by <max> or earlier.
Call Stack (most recent call first):
  /opt/hostedtoolcache/ndk/r27c/x64/build/cmake/android.toolchain.cmake:55 (include)
  /home/runner/vcpkg/scripts/buildsystems/vcpkg.cmake:210 (include)
  /home/runner/work/zh-mobile/zh-mobile/build/android-arm64/CMakeFiles/3.31.6/CMakeSystem.cmake:6 (include)
  /home/runner/work/zh-mobile/zh-mobile/build/android-arm64/CMakeFiles/CMakeScratch/TryCompile-P3Ljld/CMakeLists.txt:5 (project)


CMake Deprecation Warning at /opt/hostedtoolcache/ndk/r27c/x64/build/cmake/flags.cmake:18 (cmake_minimum_required):
  Compatibility with CMake < 3.10 will be removed from a future version of
  CMake.

  Update the VERSION argument <min> value.  Or, use the <min>...<max> syntax
  to tell CMake that the project requires at least <min> but has been updated
  to work with policies introduced by <max> or earlier.
Call Stack (most recent call first):
  /usr/local/share/cmake-3.31/Modules/Platform/Android-Clang.cmake:23 (include)
  /usr/local/share/cmake-3.31/Modules/Platform/Android-Clang-C.cmake:1 (include)
  /usr/local/share/cmake-3.31/Modules/CMakeCInformation.cmake:48 (include)
  /home/runner/work/zh-mobile/zh-mobile/build/android-arm64/CMakeFiles/CMakeScratch/TryCompile-P3Ljld/CMakeLists.txt:5 (project)


-- Looking for nl_langinfo - found
-- Looking for sysconf
CMake Deprecation Warning at /opt/hostedtoolcache/ndk/r27c/x64/build/cmake/android.toolchain.cmake:35 (cmake_minimum_required):
  Compatibility with CMake < 3.10 will be removed from a future version of
  CMake.

  Update the VERSION argument <min> value.  Or, use the <min>...<max> syntax
  to tell CMake that the project requires at least <min> but has been updated
  to work with policies introduced by <max> or earlier.
Call Stack (most recent call first):
  /home/runner/vcpkg/scripts/buildsystems/vcpkg.cmake:210 (include)
  /home/runner/work/zh-mobile/zh-mobile/build/android-arm64/CMakeFiles/3.31.6/CMakeSystem.cmake:6 (include)
  /home/runner/work/zh-mobile/zh-mobile/build/android-arm64/CMakeFiles/CMakeScratch/TryCompile-iHX9aY/CMakeLists.txt:5 (project)


CMake Deprecation Warning at /opt/hostedtoolcache/ndk/r27c/x64/build/cmake/android-legacy.toolchain.cmake:35 (cmake_minimum_required):
  Compatibility with CMake < 3.10 will be removed from a future version of
  CMake.

  Update the VERSION argument <min> value.  Or, use the <min>...<max> syntax
  to tell CMake that the project requires at least <min> but has been updated
  to work with policies introduced by <max> or earlier.
Call Stack (most recent call first):
  /opt/hostedtoolcache/ndk/r27c/x64/build/cmake/android.toolchain.cmake:55 (include)
  /home/runner/vcpkg/scripts/buildsystems/vcpkg.cmake:210 (include)
  /home/runner/work/zh-mobile/zh-mobile/build/android-arm64/CMakeFiles/3.31.6/CMakeSystem.cmake:6 (include)
  /home/runner/work/zh-mobile/zh-mobile/build/android-arm64/CMakeFiles/CMakeScratch/TryCompile-iHX9aY/CMakeLists.txt:5 (project)


CMake Deprecation Warning at /opt/hostedtoolcache/ndk/r27c/x64/build/cmake/flags.cmake:18 (cmake_minimum_required):
  Compatibility with CMake < 3.10 will be removed from a future version of
  CMake.

  Update the VERSION argument <min> value.  Or, use the <min>...<max> syntax
  to tell CMake that the project requires at least <min> but has been updated
  to work with policies introduced by <max> or earlier.
Call Stack (most recent call first):
  /usr/local/share/cmake-3.31/Modules/Platform/Android-Clang.cmake:23 (include)
  /usr/local/share/cmake-3.31/Modules/Platform/Android-Clang-C.cmake:1 (include)
  /usr/local/share/cmake-3.31/Modules/CMakeCInformation.cmake:48 (include)
  /home/runner/work/zh-mobile/zh-mobile/build/android-arm64/CMakeFiles/CMakeScratch/TryCompile-iHX9aY/CMakeLists.txt:5 (project)


-- Looking for sysconf - found
-- Looking for sysctlbyname
CMake Deprecation Warning at /opt/hostedtoolcache/ndk/r27c/x64/build/cmake/android.toolchain.cmake:35 (cmake_minimum_required):
  Compatibility with CMake < 3.10 will be removed from a future version of
  CMake.

  Update the VERSION argument <min> value.  Or, use the <min>...<max> syntax
  to tell CMake that the project requires at least <min> but has been updated
  to work with policies introduced by <max> or earlier.
Call Stack (most recent call first):
  /home/runner/vcpkg/scripts/buildsystems/vcpkg.cmake:210 (include)
  /home/runner/work/zh-mobile/zh-mobile/build/android-arm64/CMakeFiles/3.31.6/CMakeSystem.cmake:6 (include)
  /home/runner/work/zh-mobile/zh-mobile/build/android-arm64/CMakeFiles/CMakeScratch/TryCompile-iBoPVu/CMakeLists.txt:5 (project)


CMake Deprecation Warning at /opt/hostedtoolcache/ndk/r27c/x64/build/cmake/android-legacy.toolchain.cmake:35 (cmake_minimum_required):
  Compatibility with CMake < 3.10 will be removed from a future version of
  CMake.

  Update the VERSION argument <min> value.  Or, use the <min>...<max> syntax
  to tell CMake that the project requires at least <min> but has been updated
  to work with policies introduced by <max> or earlier.
Call Stack (most recent call first):
  /opt/hostedtoolcache/ndk/r27c/x64/build/cmake/android.toolchain.cmake:55 (include)
  /home/runner/vcpkg/scripts/buildsystems/vcpkg.cmake:210 (include)
  /home/runner/work/zh-mobile/zh-mobile/build/android-arm64/CMakeFiles/3.31.6/CMakeSystem.cmake:6 (include)
  /home/runner/work/zh-mobile/zh-mobile/build/android-arm64/CMakeFiles/CMakeScratch/TryCompile-iBoPVu/CMakeLists.txt:5 (project)


CMake Deprecation Warning at /opt/hostedtoolcache/ndk/r27c/x64/build/cmake/flags.cmake:18 (cmake_minimum_required):
  Compatibility with CMake < 3.10 will be removed from a future version of
  CMake.

  Update the VERSION argument <min> value.  Or, use the <min>...<max> syntax
  to tell CMake that the project requires at least <min> but has been updated
  to work with policies introduced by <max> or earlier.
Call Stack (most recent call first):
  /usr/local/share/cmake-3.31/Modules/Platform/Android-Clang.cmake:23 (include)
  /usr/local/share/cmake-3.31/Modules/Platform/Android-Clang-C.cmake:1 (include)
  /usr/local/share/cmake-3.31/Modules/CMakeCInformation.cmake:48 (include)
  /home/runner/work/zh-mobile/zh-mobile/build/android-arm64/CMakeFiles/CMakeScratch/TryCompile-iBoPVu/CMakeLists.txt:5 (project)


-- Looking for sysctlbyname - not found
-- Looking for getauxval
CMake Deprecation Warning at /opt/hostedtoolcache/ndk/r27c/x64/build/cmake/android.toolchain.cmake:35 (cmake_minimum_required):
  Compatibility with CMake < 3.10 will be removed from a future version of
  CMake.

  Update the VERSION argument <min> value.  Or, use the <min>...<max> syntax
  to tell CMake that the project requires at least <min> but has been updated
  to work with policies introduced by <max> or earlier.
Call Stack (most recent call first):
  /home/runner/vcpkg/scripts/buildsystems/vcpkg.cmake:210 (include)
  /home/runner/work/zh-mobile/zh-mobile/build/android-arm64/CMakeFiles/3.31.6/CMakeSystem.cmake:6 (include)
  /home/runner/work/zh-mobile/zh-mobile/build/android-arm64/CMakeFiles/CMakeScratch/TryCompile-cazAav/CMakeLists.txt:5 (project)


CMake Deprecation Warning at /opt/hostedtoolcache/ndk/r27c/x64/build/cmake/android-legacy.toolchain.cmake:35 (cmake_minimum_required):
  Compatibility with CMake < 3.10 will be removed from a future version of
  CMake.

  Update the VERSION argument <min> value.  Or, use the <min>...<max> syntax
  to tell CMake that the project requires at least <min> but has been updated
  to work with policies introduced by <max> or earlier.
Call Stack (most recent call first):
  /opt/hostedtoolcache/ndk/r27c/x64/build/cmake/android.toolchain.cmake:55 (include)
  /home/runner/vcpkg/scripts/buildsystems/vcpkg.cmake:210 (include)
  /home/runner/work/zh-mobile/zh-mobile/build/android-arm64/CMakeFiles/3.31.6/CMakeSystem.cmake:6 (include)
  /home/runner/work/zh-mobile/zh-mobile/build/android-arm64/CMakeFiles/CMakeScratch/TryCompile-cazAav/CMakeLists.txt:5 (project)


CMake Deprecation Warning at /opt/hostedtoolcache/ndk/r27c/x64/build/cmake/flags.cmake:18 (cmake_minimum_required):
  Compatibility with CMake < 3.10 will be removed from a future version of
  CMake.

  Update the VERSION argument <min> value.  Or, use the <min>...<max> syntax
  to tell CMake that the project requires at least <min> but has been updated
  to work with policies introduced by <max> or earlier.
Call Stack (most recent call first):
  /usr/local/share/cmake-3.31/Modules/Platform/Android-Clang.cmake:23 (include)
  /usr/local/share/cmake-3.31/Modules/Platform/Android-Clang-C.cmake:1 (include)
  /usr/local/share/cmake-3.31/Modules/CMakeCInformation.cmake:48 (include)
  /home/runner/work/zh-mobile/zh-mobile/build/android-arm64/CMakeFiles/CMakeScratch/TryCompile-cazAav/CMakeLists.txt:5 (project)


-- Looking for getauxval - found
-- Looking for elf_aux_info
CMake Deprecation Warning at /opt/hostedtoolcache/ndk/r27c/x64/build/cmake/android.toolchain.cmake:35 (cmake_minimum_required):
  Compatibility with CMake < 3.10 will be removed from a future version of
  CMake.

  Update the VERSION argument <min> value.  Or, use the <min>...<max> syntax
  to tell CMake that the project requires at least <min> but has been updated
  to work with policies introduced by <max> or earlier.
Call Stack (most recent call first):
  /home/runner/vcpkg/scripts/buildsystems/vcpkg.cmake:210 (include)
  /home/runner/work/zh-mobile/zh-mobile/build/android-arm64/CMakeFiles/3.31.6/CMakeSystem.cmake:6 (include)
  /home/runner/work/zh-mobile/zh-mobile/build/android-arm64/CMakeFiles/CMakeScratch/TryCompile-Q324ji/CMakeLists.txt:5 (project)


CMake Deprecation Warning at /opt/hostedtoolcache/ndk/r27c/x64/build/cmake/android-legacy.toolchain.cmake:35 (cmake_minimum_required):
  Compatibility with CMake < 3.10 will be removed from a future version of
  CMake.

  Update the VERSION argument <min> value.  Or, use the <min>...<max> syntax
  to tell CMake that the project requires at least <min> but has been updated
  to work with policies introduced by <max> or earlier.
Call Stack (most recent call first):
  /opt/hostedtoolcache/ndk/r27c/x64/build/cmake/android.toolchain.cmake:55 (include)
  /home/runner/vcpkg/scripts/buildsystems/vcpkg.cmake:210 (include)
  /home/runner/work/zh-mobile/zh-mobile/build/android-arm64/CMakeFiles/3.31.6/CMakeSystem.cmake:6 (include)
  /home/runner/work/zh-mobile/zh-mobile/build/android-arm64/CMakeFiles/CMakeScratch/TryCompile-Q324ji/CMakeLists.txt:5 (project)


CMake Deprecation Warning at /opt/hostedtoolcache/ndk/r27c/x64/build/cmake/flags.cmake:18 (cmake_minimum_required):
  Compatibility with CMake < 3.10 will be removed from a future version of
  CMake.

  Update the VERSION argument <min> value.  Or, use the <min>...<max> syntax
  to tell CMake that the project requires at least <min> but has been updated
  to work with policies introduced by <max> or earlier.
Call Stack (most recent call first):
  /usr/local/share/cmake-3.31/Modules/Platform/Android-Clang.cmake:23 (include)
  /usr/local/share/cmake-3.31/Modules/Platform/Android-Clang-C.cmake:1 (include)
  /usr/local/share/cmake-3.31/Modules/CMakeCInformation.cmake:48 (include)
  /home/runner/work/zh-mobile/zh-mobile/build/android-arm64/CMakeFiles/CMakeScratch/TryCompile-Q324ji/CMakeLists.txt:5 (project)


-- Looking for elf_aux_info - not found
-- Looking for ppoll
CMake Deprecation Warning at /opt/hostedtoolcache/ndk/r27c/x64/build/cmake/android.toolchain.cmake:35 (cmake_minimum_required):
  Compatibility with CMake < 3.10 will be removed from a future version of
  CMake.

  Update the VERSION argument <min> value.  Or, use the <min>...<max> syntax
  to tell CMake that the project requires at least <min> but has been updated
  to work with policies introduced by <max> or earlier.
Call Stack (most recent call first):
  /home/runner/vcpkg/scripts/buildsystems/vcpkg.cmake:210 (include)
  /home/runner/work/zh-mobile/zh-mobile/build/android-arm64/CMakeFiles/3.31.6/CMakeSystem.cmake:6 (include)
  /home/runner/work/zh-mobile/zh-mobile/build/android-arm64/CMakeFiles/CMakeScratch/TryCompile-RYiDnF/CMakeLists.txt:5 (project)


CMake Deprecation Warning at /opt/hostedtoolcache/ndk/r27c/x64/build/cmake/android-legacy.toolchain.cmake:35 (cmake_minimum_required):
  Compatibility with CMake < 3.10 will be removed from a future version of
  CMake.

  Update the VERSION argument <min> value.  Or, use the <min>...<max> syntax
  to tell CMake that the project requires at least <min> but has been updated
  to work with policies introduced by <max> or earlier.
Call Stack (most recent call first):
  /opt/hostedtoolcache/ndk/r27c/x64/build/cmake/android.toolchain.cmake:55 (include)
  /home/runner/vcpkg/scripts/buildsystems/vcpkg.cmake:210 (include)
  /home/runner/work/zh-mobile/zh-mobile/build/android-arm64/CMakeFiles/3.31.6/CMakeSystem.cmake:6 (include)
  /home/runner/work/zh-mobile/zh-mobile/build/android-arm64/CMakeFiles/CMakeScratch/TryCompile-RYiDnF/CMakeLists.txt:5 (project)


CMake Deprecation Warning at /opt/hostedtoolcache/ndk/r27c/x64/build/cmake/flags.cmake:18 (cmake_minimum_required):
  Compatibility with CMake < 3.10 will be removed from a future version of
  CMake.

  Update the VERSION argument <min> value.  Or, use the <min>...<max> syntax
  to tell CMake that the project requires at least <min> but has been updated
  to work with policies introduced by <max> or earlier.
Call Stack (most recent call first):
  /usr/local/share/cmake-3.31/Modules/Platform/Android-Clang.cmake:23 (include)
  /usr/local/share/cmake-3.31/Modules/Platform/Android-Clang-C.cmake:1 (include)
  /usr/local/share/cmake-3.31/Modules/CMakeCInformation.cmake:48 (include)
  /home/runner/work/zh-mobile/zh-mobile/build/android-arm64/CMakeFiles/CMakeScratch/TryCompile-RYiDnF/CMakeLists.txt:5 (project)


-- Looking for ppoll - found
-- Looking for memfd_create
CMake Deprecation Warning at /opt/hostedtoolcache/ndk/r27c/x64/build/cmake/android.toolchain.cmake:35 (cmake_minimum_required):
  Compatibility with CMake < 3.10 will be removed from a future version of
  CMake.

  Update the VERSION argument <min> value.  Or, use the <min>...<max> syntax
  to tell CMake that the project requires at least <min> but has been updated
  to work with policies introduced by <max> or earlier.
Call Stack (most recent call first):
  /home/runner/vcpkg/scripts/buildsystems/vcpkg.cmake:210 (include)
  /home/runner/work/zh-mobile/zh-mobile/build/android-arm64/CMakeFiles/3.31.6/CMakeSystem.cmake:6 (include)
  /home/runner/work/zh-mobile/zh-mobile/build/android-arm64/CMakeFiles/CMakeScratch/TryCompile-llDopd/CMakeLists.txt:5 (project)


CMake Deprecation Warning at /opt/hostedtoolcache/ndk/r27c/x64/build/cmake/android-legacy.toolchain.cmake:35 (cmake_minimum_required):
  Compatibility with CMake < 3.10 will be removed from a future version of
  CMake.

  Update the VERSION argument <min> value.  Or, use the <min>...<max> syntax
  to tell CMake that the project requires at least <min> but has been updated
  to work with policies introduced by <max> or earlier.
Call Stack (most recent call first):
  /opt/hostedtoolcache/ndk/r27c/x64/build/cmake/android.toolchain.cmake:55 (include)
  /home/runner/vcpkg/scripts/buildsystems/vcpkg.cmake:210 (include)
  /home/runner/work/zh-mobile/zh-mobile/build/android-arm64/CMakeFiles/3.31.6/CMakeSystem.cmake:6 (include)
  /home/runner/work/zh-mobile/zh-mobile/build/android-arm64/CMakeFiles/CMakeScratch/TryCompile-llDopd/CMakeLists.txt:5 (project)


CMake Deprecation Warning at /opt/hostedtoolcache/ndk/r27c/x64/build/cmake/flags.cmake:18 (cmake_minimum_required):
  Compatibility with CMake < 3.10 will be removed from a future version of
  CMake.

  Update the VERSION argument <min> value.  Or, use the <min>...<max> syntax
  to tell CMake that the project requires at least <min> but has been updated
  to work with policies introduced by <max> or earlier.
Call Stack (most recent call first):
  /usr/local/share/cmake-3.31/Modules/Platform/Android-Clang.cmake:23 (include)
  /usr/local/share/cmake-3.31/Modules/Platform/Android-Clang-C.cmake:1 (include)
  /usr/local/share/cmake-3.31/Modules/CMakeCInformation.cmake:48 (include)
  /home/runner/work/zh-mobile/zh-mobile/build/android-arm64/CMakeFiles/CMakeScratch/TryCompile-llDopd/CMakeLists.txt:5 (project)


-- Looking for memfd_create - not found
-- Looking for posix_fallocate
CMake Deprecation Warning at /opt/hostedtoolcache/ndk/r27c/x64/build/cmake/android.toolchain.cmake:35 (cmake_minimum_required):
  Compatibility with CMake < 3.10 will be removed from a future version of
  CMake.

  Update the VERSION argument <min> value.  Or, use the <min>...<max> syntax
  to tell CMake that the project requires at least <min> but has been updated
  to work with policies introduced by <max> or earlier.
Call Stack (most recent call first):
  /home/runner/vcpkg/scripts/buildsystems/vcpkg.cmake:210 (include)
  /home/runner/work/zh-mobile/zh-mobile/build/android-arm64/CMakeFiles/3.31.6/CMakeSystem.cmake:6 (include)
  /home/runner/work/zh-mobile/zh-mobile/build/android-arm64/CMakeFiles/CMakeScratch/TryCompile-5DurHd/CMakeLists.txt:5 (project)


CMake Deprecation Warning at /opt/hostedtoolcache/ndk/r27c/x64/build/cmake/android-legacy.toolchain.cmake:35 (cmake_minimum_required):
  Compatibility with CMake < 3.10 will be removed from a future version of
  CMake.

  Update the VERSION argument <min> value.  Or, use the <min>...<max> syntax
  to tell CMake that the project requires at least <min> but has been updated
  to work with policies introduced by <max> or earlier.
Call Stack (most recent call first):
  /opt/hostedtoolcache/ndk/r27c/x64/build/cmake/android.toolchain.cmake:55 (include)
  /home/runner/vcpkg/scripts/buildsystems/vcpkg.cmake:210 (include)
  /home/runner/work/zh-mobile/zh-mobile/build/android-arm64/CMakeFiles/3.31.6/CMakeSystem.cmake:6 (include)
  /home/runner/work/zh-mobile/zh-mobile/build/android-arm64/CMakeFiles/CMakeScratch/TryCompile-5DurHd/CMakeLists.txt:5 (project)


CMake Deprecation Warning at /opt/hostedtoolcache/ndk/r27c/x64/build/cmake/flags.cmake:18 (cmake_minimum_required):
  Compatibility with CMake < 3.10 will be removed from a future version of
  CMake.

  Update the VERSION argument <min> value.  Or, use the <min>...<max> syntax
  to tell CMake that the project requires at least <min> but has been updated
  to work with policies introduced by <max> or earlier.
Call Stack (most recent call first):
  /usr/local/share/cmake-3.31/Modules/Platform/Android-Clang.cmake:23 (include)
  /usr/local/share/cmake-3.31/Modules/Platform/Android-Clang-C.cmake:1 (include)
  /usr/local/share/cmake-3.31/Modules/CMakeCInformation.cmake:48 (include)
  /home/runner/work/zh-mobile/zh-mobile/build/android-arm64/CMakeFiles/CMakeScratch/TryCompile-5DurHd/CMakeLists.txt:5 (project)


-- Looking for posix_fallocate - found
-- Looking for posix_spawn_file_actions_addchdir
CMake Deprecation Warning at /opt/hostedtoolcache/ndk/r27c/x64/build/cmake/android.toolchain.cmake:35 (cmake_minimum_required):
  Compatibility with CMake < 3.10 will be removed from a future version of
  CMake.

  Update the VERSION argument <min> value.  Or, use the <min>...<max> syntax
  to tell CMake that the project requires at least <min> but has been updated
  to work with policies introduced by <max> or earlier.
Call Stack (most recent call first):
  /home/runner/vcpkg/scripts/buildsystems/vcpkg.cmake:210 (include)
  /home/runner/work/zh-mobile/zh-mobile/build/android-arm64/CMakeFiles/3.31.6/CMakeSystem.cmake:6 (include)
  /home/runner/work/zh-mobile/zh-mobile/build/android-arm64/CMakeFiles/CMakeScratch/TryCompile-XxOx3L/CMakeLists.txt:5 (project)


CMake Deprecation Warning at /opt/hostedtoolcache/ndk/r27c/x64/build/cmake/android-legacy.toolchain.cmake:35 (cmake_minimum_required):
  Compatibility with CMake < 3.10 will be removed from a future version of
  CMake.

  Update the VERSION argument <min> value.  Or, use the <min>...<max> syntax
  to tell CMake that the project requires at least <min> but has been updated
  to work with policies introduced by <max> or earlier.
Call Stack (most recent call first):
  /opt/hostedtoolcache/ndk/r27c/x64/build/cmake/android.toolchain.cmake:55 (include)
  /home/runner/vcpkg/scripts/buildsystems/vcpkg.cmake:210 (include)
  /home/runner/work/zh-mobile/zh-mobile/build/android-arm64/CMakeFiles/3.31.6/CMakeSystem.cmake:6 (include)
  /home/runner/work/zh-mobile/zh-mobile/build/android-arm64/CMakeFiles/CMakeScratch/TryCompile-XxOx3L/CMakeLists.txt:5 (project)


CMake Deprecation Warning at /opt/hostedtoolcache/ndk/r27c/x64/build/cmake/flags.cmake:18 (cmake_minimum_required):
  Compatibility with CMake < 3.10 will be removed from a future version of
  CMake.

  Update the VERSION argument <min> value.  Or, use the <min>...<max> syntax
  to tell CMake that the project requires at least <min> but has been updated
  to work with policies introduced by <max> or earlier.
Call Stack (most recent call first):
  /usr/local/share/cmake-3.31/Modules/Platform/Android-Clang.cmake:23 (include)
  /usr/local/share/cmake-3.31/Modules/Platform/Android-Clang-C.cmake:1 (include)
  /usr/local/share/cmake-3.31/Modules/CMakeCInformation.cmake:48 (include)
  /home/runner/work/zh-mobile/zh-mobile/build/android-arm64/CMakeFiles/CMakeScratch/TryCompile-XxOx3L/CMakeLists.txt:5 (project)


-- Looking for posix_spawn_file_actions_addchdir - not found
-- Looking for posix_spawn_file_actions_addchdir_np
CMake Deprecation Warning at /opt/hostedtoolcache/ndk/r27c/x64/build/cmake/android.toolchain.cmake:35 (cmake_minimum_required):
  Compatibility with CMake < 3.10 will be removed from a future version of
  CMake.

  Update the VERSION argument <min> value.  Or, use the <min>...<max> syntax
  to tell CMake that the project requires at least <min> but has been updated
  to work with policies introduced by <max> or earlier.
Call Stack (most recent call first):
  /home/runner/vcpkg/scripts/buildsystems/vcpkg.cmake:210 (include)
  /home/runner/work/zh-mobile/zh-mobile/build/android-arm64/CMakeFiles/3.31.6/CMakeSystem.cmake:6 (include)
  /home/runner/work/zh-mobile/zh-mobile/build/android-arm64/CMakeFiles/CMakeScratch/TryCompile-Vmp46y/CMakeLists.txt:5 (project)


CMake Deprecation Warning at /opt/hostedtoolcache/ndk/r27c/x64/build/cmake/android-legacy.toolchain.cmake:35 (cmake_minimum_required):
  Compatibility with CMake < 3.10 will be removed from a future version of
  CMake.

  Update the VERSION argument <min> value.  Or, use the <min>...<max> syntax
  to tell CMake that the project requires at least <min> but has been updated
  to work with policies introduced by <max> or earlier.
Call Stack (most recent call first):
  /opt/hostedtoolcache/ndk/r27c/x64/build/cmake/android.toolchain.cmake:55 (include)
  /home/runner/vcpkg/scripts/buildsystems/vcpkg.cmake:210 (include)
  /home/runner/work/zh-mobile/zh-mobile/build/android-arm64/CMakeFiles/3.31.6/CMakeSystem.cmake:6 (include)
  /home/runner/work/zh-mobile/zh-mobile/build/android-arm64/CMakeFiles/CMakeScratch/TryCompile-Vmp46y/CMakeLists.txt:5 (project)


CMake Deprecation Warning at /opt/hostedtoolcache/ndk/r27c/x64/build/cmake/flags.cmake:18 (cmake_minimum_required):
  Compatibility with CMake < 3.10 will be removed from a future version of
  CMake.

  Update the VERSION argument <min> value.  Or, use the <min>...<max> syntax
  to tell CMake that the project requires at least <min> but has been updated
  to work with policies introduced by <max> or earlier.
Call Stack (most recent call first):
  /usr/local/share/cmake-3.31/Modules/Platform/Android-Clang.cmake:23 (include)
  /usr/local/share/cmake-3.31/Modules/Platform/Android-Clang-C.cmake:1 (include)
  /usr/local/share/cmake-3.31/Modules/CMakeCInformation.cmake:48 (include)
  /home/runner/work/zh-mobile/zh-mobile/build/android-arm64/CMakeFiles/CMakeScratch/TryCompile-Vmp46y/CMakeLists.txt:5 (project)


-- Looking for posix_spawn_file_actions_addchdir_np - not found
-- Performing Test ICONV_IN_LIBC
CMake Deprecation Warning at /opt/hostedtoolcache/ndk/r27c/x64/build/cmake/android.toolchain.cmake:35 (cmake_minimum_required):
  Compatibility with CMake < 3.10 will be removed from a future version of
  CMake.

  Update the VERSION argument <min> value.  Or, use the <min>...<max> syntax
  to tell CMake that the project requires at least <min> but has been updated
  to work with policies introduced by <max> or earlier.
Call Stack (most recent call first):
  /home/runner/vcpkg/scripts/buildsystems/vcpkg.cmake:210 (include)
  /home/runner/work/zh-mobile/zh-mobile/build/android-arm64/CMakeFiles/3.31.6/CMakeSystem.cmake:6 (include)
  /home/runner/work/zh-mobile/zh-mobile/build/android-arm64/CMakeFiles/CMakeScratch/TryCompile-ik1ynb/CMakeLists.txt:5 (project)


CMake Deprecation Warning at /opt/hostedtoolcache/ndk/r27c/x64/build/cmake/android-legacy.toolchain.cmake:35 (cmake_minimum_required):
  Compatibility with CMake < 3.10 will be removed from a future version of
  CMake.

  Update the VERSION argument <min> value.  Or, use the <min>...<max> syntax
  to tell CMake that the project requires at least <min> but has been updated
  to work with policies introduced by <max> or earlier.
Call Stack (most recent call first):
  /opt/hostedtoolcache/ndk/r27c/x64/build/cmake/android.toolchain.cmake:55 (include)
  /home/runner/vcpkg/scripts/buildsystems/vcpkg.cmake:210 (include)
  /home/runner/work/zh-mobile/zh-mobile/build/android-arm64/CMakeFiles/3.31.6/CMakeSystem.cmake:6 (include)
  /home/runner/work/zh-mobile/zh-mobile/build/android-arm64/CMakeFiles/CMakeScratch/TryCompile-ik1ynb/CMakeLists.txt:5 (project)


CMake Deprecation Warning at /opt/hostedtoolcache/ndk/r27c/x64/build/cmake/flags.cmake:18 (cmake_minimum_required):
  Compatibility with CMake < 3.10 will be removed from a future version of
  CMake.

  Update the VERSION argument <min> value.  Or, use the <min>...<max> syntax
  to tell CMake that the project requires at least <min> but has been updated
  to work with policies introduced by <max> or earlier.
Call Stack (most recent call first):
  /usr/local/share/cmake-3.31/Modules/Platform/Android-Clang.cmake:23 (include)
  /usr/local/share/cmake-3.31/Modules/Platform/Android-Clang-C.cmake:1 (include)
  /usr/local/share/cmake-3.31/Modules/CMakeCInformation.cmake:48 (include)
  /home/runner/work/zh-mobile/zh-mobile/build/android-arm64/CMakeFiles/CMakeScratch/TryCompile-ik1ynb/CMakeLists.txt:5 (project)


-- Performing Test ICONV_IN_LIBC - Success
-- Performing Test ICONV_IN_LIBICONV
CMake Deprecation Warning at /opt/hostedtoolcache/ndk/r27c/x64/build/cmake/android.toolchain.cmake:35 (cmake_minimum_required):
  Compatibility with CMake < 3.10 will be removed from a future version of
  CMake.

  Update the VERSION argument <min> value.  Or, use the <min>...<max> syntax
  to tell CMake that the project requires at least <min> but has been updated
  to work with policies introduced by <max> or earlier.
Call Stack (most recent call first):
  /home/runner/vcpkg/scripts/buildsystems/vcpkg.cmake:210 (include)
  /home/runner/work/zh-mobile/zh-mobile/build/android-arm64/CMakeFiles/3.31.6/CMakeSystem.cmake:6 (include)
  /home/runner/work/zh-mobile/zh-mobile/build/android-arm64/CMakeFiles/CMakeScratch/TryCompile-5w5D0n/CMakeLists.txt:5 (project)


CMake Deprecation Warning at /opt/hostedtoolcache/ndk/r27c/x64/build/cmake/android-legacy.toolchain.cmake:35 (cmake_minimum_required):
  Compatibility with CMake < 3.10 will be removed from a future version of
  CMake.

  Update the VERSION argument <min> value.  Or, use the <min>...<max> syntax
  to tell CMake that the project requires at least <min> but has been updated
  to work with policies introduced by <max> or earlier.
Call Stack (most recent call first):
  /opt/hostedtoolcache/ndk/r27c/x64/build/cmake/android.toolchain.cmake:55 (include)
  /home/runner/vcpkg/scripts/buildsystems/vcpkg.cmake:210 (include)
  /home/runner/work/zh-mobile/zh-mobile/build/android-arm64/CMakeFiles/3.31.6/CMakeSystem.cmake:6 (include)
  /home/runner/work/zh-mobile/zh-mobile/build/android-arm64/CMakeFiles/CMakeScratch/TryCompile-5w5D0n/CMakeLists.txt:5 (project)


CMake Deprecation Warning at /opt/hostedtoolcache/ndk/r27c/x64/build/cmake/flags.cmake:18 (cmake_minimum_required):
  Compatibility with CMake < 3.10 will be removed from a future version of
  CMake.

  Update the VERSION argument <min> value.  Or, use the <min>...<max> syntax
  to tell CMake that the project requires at least <min> but has been updated
  to work with policies introduced by <max> or earlier.
Call Stack (most recent call first):
  /usr/local/share/cmake-3.31/Modules/Platform/Android-Clang.cmake:23 (include)
  /usr/local/share/cmake-3.31/Modules/Platform/Android-Clang-C.cmake:1 (include)
  /usr/local/share/cmake-3.31/Modules/CMakeCInformation.cmake:48 (include)
  /home/runner/work/zh-mobile/zh-mobile/build/android-arm64/CMakeFiles/CMakeScratch/TryCompile-5w5D0n/CMakeLists.txt:5 (project)


-- Performing Test ICONV_IN_LIBICONV - Failed
-- Performing Test HAVE_SA_SIGACTION
CMake Deprecation Warning at /opt/hostedtoolcache/ndk/r27c/x64/build/cmake/android.toolchain.cmake:35 (cmake_minimum_required):
  Compatibility with CMake < 3.10 will be removed from a future version of
  CMake.

  Update the VERSION argument <min> value.  Or, use the <min>...<max> syntax
  to tell CMake that the project requires at least <min> but has been updated
  to work with policies introduced by <max> or earlier.
Call Stack (most recent call first):
  /home/runner/vcpkg/scripts/buildsystems/vcpkg.cmake:210 (include)
  /home/runner/work/zh-mobile/zh-mobile/build/android-arm64/CMakeFiles/3.31.6/CMakeSystem.cmake:6 (include)
  /home/runner/work/zh-mobile/zh-mobile/build/android-arm64/CMakeFiles/CMakeScratch/TryCompile-1RMtyL/CMakeLists.txt:5 (project)


CMake Deprecation Warning at /opt/hostedtoolcache/ndk/r27c/x64/build/cmake/android-legacy.toolchain.cmake:35 (cmake_minimum_required):
  Compatibility with CMake < 3.10 will be removed from a future version of
  CMake.

  Update the VERSION argument <min> value.  Or, use the <min>...<max> syntax
  to tell CMake that the project requires at least <min> but has been updated
  to work with policies introduced by <max> or earlier.
Call Stack (most recent call first):
  /opt/hostedtoolcache/ndk/r27c/x64/build/cmake/android.toolchain.cmake:55 (include)
  /home/runner/vcpkg/scripts/buildsystems/vcpkg.cmake:210 (include)
  /home/runner/work/zh-mobile/zh-mobile/build/android-arm64/CMakeFiles/3.31.6/CMakeSystem.cmake:6 (include)
  /home/runner/work/zh-mobile/zh-mobile/build/android-arm64/CMakeFiles/CMakeScratch/TryCompile-1RMtyL/CMakeLists.txt:5 (project)


CMake Deprecation Warning at /opt/hostedtoolcache/ndk/r27c/x64/build/cmake/flags.cmake:18 (cmake_minimum_required):
  Compatibility with CMake < 3.10 will be removed from a future version of
  CMake.

  Update the VERSION argument <min> value.  Or, use the <min>...<max> syntax
  to tell CMake that the project requires at least <min> but has been updated
  to work with policies introduced by <max> or earlier.
Call Stack (most recent call first):
  /usr/local/share/cmake-3.31/Modules/Platform/Android-Clang.cmake:23 (include)
  /usr/local/share/cmake-3.31/Modules/Platform/Android-Clang-C.cmake:1 (include)
  /usr/local/share/cmake-3.31/Modules/CMakeCInformation.cmake:48 (include)
  /home/runner/work/zh-mobile/zh-mobile/build/android-arm64/CMakeFiles/CMakeScratch/TryCompile-1RMtyL/CMakeLists.txt:5 (project)


-- Performing Test HAVE_SA_SIGACTION - Success
-- Performing Test HAVE_ST_MTIM
CMake Deprecation Warning at /opt/hostedtoolcache/ndk/r27c/x64/build/cmake/android.toolchain.cmake:35 (cmake_minimum_required):
  Compatibility with CMake < 3.10 will be removed from a future version of
  CMake.

  Update the VERSION argument <min> value.  Or, use the <min>...<max> syntax
  to tell CMake that the project requires at least <min> but has been updated
  to work with policies introduced by <max> or earlier.
Call Stack (most recent call first):
  /home/runner/vcpkg/scripts/buildsystems/vcpkg.cmake:210 (include)
  /home/runner/work/zh-mobile/zh-mobile/build/android-arm64/CMakeFiles/3.31.6/CMakeSystem.cmake:6 (include)
  /home/runner/work/zh-mobile/zh-mobile/build/android-arm64/CMakeFiles/CMakeScratch/TryCompile-bP86D5/CMakeLists.txt:5 (project)


CMake Deprecation Warning at /opt/hostedtoolcache/ndk/r27c/x64/build/cmake/android-legacy.toolchain.cmake:35 (cmake_minimum_required):
  Compatibility with CMake < 3.10 will be removed from a future version of
  CMake.

  Update the VERSION argument <min> value.  Or, use the <min>...<max> syntax
  to tell CMake that the project requires at least <min> but has been updated
  to work with policies introduced by <max> or earlier.
Call Stack (most recent call first):
  /opt/hostedtoolcache/ndk/r27c/x64/build/cmake/android.toolchain.cmake:55 (include)
  /home/runner/vcpkg/scripts/buildsystems/vcpkg.cmake:210 (include)
  /home/runner/work/zh-mobile/zh-mobile/build/android-arm64/CMakeFiles/3.31.6/CMakeSystem.cmake:6 (include)
  /home/runner/work/zh-mobile/zh-mobile/build/android-arm64/CMakeFiles/CMakeScratch/TryCompile-bP86D5/CMakeLists.txt:5 (project)


CMake Deprecation Warning at /opt/hostedtoolcache/ndk/r27c/x64/build/cmake/flags.cmake:18 (cmake_minimum_required):
  Compatibility with CMake < 3.10 will be removed from a future version of
  CMake.

  Update the VERSION argument <min> value.  Or, use the <min>...<max> syntax
  to tell CMake that the project requires at least <min> but has been updated
  to work with policies introduced by <max> or earlier.
Call Stack (most recent call first):
  /usr/local/share/cmake-3.31/Modules/Platform/Android-Clang.cmake:23 (include)
  /usr/local/share/cmake-3.31/Modules/Platform/Android-Clang-C.cmake:1 (include)
  /usr/local/share/cmake-3.31/Modules/CMakeCInformation.cmake:48 (include)
  /home/runner/work/zh-mobile/zh-mobile/build/android-arm64/CMakeFiles/CMakeScratch/TryCompile-bP86D5/CMakeLists.txt:5 (project)


-- Performing Test HAVE_ST_MTIM - Success
-- Looking for dlopen
CMake Deprecation Warning at /opt/hostedtoolcache/ndk/r27c/x64/build/cmake/android.toolchain.cmake:35 (cmake_minimum_required):
  Compatibility with CMake < 3.10 will be removed from a future version of
  CMake.

  Update the VERSION argument <min> value.  Or, use the <min>...<max> syntax
  to tell CMake that the project requires at least <min> but has been updated
  to work with policies introduced by <max> or earlier.
Call Stack (most recent call first):
  /home/runner/vcpkg/scripts/buildsystems/vcpkg.cmake:210 (include)
  /home/runner/work/zh-mobile/zh-mobile/build/android-arm64/CMakeFiles/3.31.6/CMakeSystem.cmake:6 (include)
  /home/runner/work/zh-mobile/zh-mobile/build/android-arm64/CMakeFiles/CMakeScratch/TryCompile-VIgiip/CMakeLists.txt:5 (project)


CMake Deprecation Warning at /opt/hostedtoolcache/ndk/r27c/x64/build/cmake/android-legacy.toolchain.cmake:35 (cmake_minimum_required):
  Compatibility with CMake < 3.10 will be removed from a future version of
  CMake.

  Update the VERSION argument <min> value.  Or, use the <min>...<max> syntax
  to tell CMake that the project requires at least <min> but has been updated
  to work with policies introduced by <max> or earlier.
Call Stack (most recent call first):
  /opt/hostedtoolcache/ndk/r27c/x64/build/cmake/android.toolchain.cmake:55 (include)
  /home/runner/vcpkg/scripts/buildsystems/vcpkg.cmake:210 (include)
  /home/runner/work/zh-mobile/zh-mobile/build/android-arm64/CMakeFiles/3.31.6/CMakeSystem.cmake:6 (include)
  /home/runner/work/zh-mobile/zh-mobile/build/android-arm64/CMakeFiles/CMakeScratch/TryCompile-VIgiip/CMakeLists.txt:5 (project)


CMake Deprecation Warning at /opt/hostedtoolcache/ndk/r27c/x64/build/cmake/flags.cmake:18 (cmake_minimum_required):
  Compatibility with CMake < 3.10 will be removed from a future version of
  CMake.

  Update the VERSION argument <min> value.  Or, use the <min>...<max> syntax
  to tell CMake that the project requires at least <min> but has been updated
  to work with policies introduced by <max> or earlier.
Call Stack (most recent call first):
  /usr/local/share/cmake-3.31/Modules/Platform/Android-Clang.cmake:23 (include)
  /usr/local/share/cmake-3.31/Modules/Platform/Android-Clang-C.cmake:1 (include)
  /usr/local/share/cmake-3.31/Modules/CMakeCInformation.cmake:48 (include)
  /home/runner/work/zh-mobile/zh-mobile/build/android-arm64/CMakeFiles/CMakeScratch/TryCompile-VIgiip/CMakeLists.txt:5 (project)


-- Looking for dlopen - found
-- Performing Test HAVE_O_CLOEXEC
CMake Deprecation Warning at /opt/hostedtoolcache/ndk/r27c/x64/build/cmake/android.toolchain.cmake:35 (cmake_minimum_required):
  Compatibility with CMake < 3.10 will be removed from a future version of
  CMake.

  Update the VERSION argument <min> value.  Or, use the <min>...<max> syntax
  to tell CMake that the project requires at least <min> but has been updated
  to work with policies introduced by <max> or earlier.
Call Stack (most recent call first):
  /home/runner/vcpkg/scripts/buildsystems/vcpkg.cmake:210 (include)
  /home/runner/work/zh-mobile/zh-mobile/build/android-arm64/CMakeFiles/3.31.6/CMakeSystem.cmake:6 (include)
  /home/runner/work/zh-mobile/zh-mobile/build/android-arm64/CMakeFiles/CMakeScratch/TryCompile-lLIAdm/CMakeLists.txt:5 (project)


CMake Deprecation Warning at /opt/hostedtoolcache/ndk/r27c/x64/build/cmake/android-legacy.toolchain.cmake:35 (cmake_minimum_required):
  Compatibility with CMake < 3.10 will be removed from a future version of
  CMake.

  Update the VERSION argument <min> value.  Or, use the <min>...<max> syntax
  to tell CMake that the project requires at least <min> but has been updated
  to work with policies introduced by <max> or earlier.
Call Stack (most recent call first):
  /opt/hostedtoolcache/ndk/r27c/x64/build/cmake/android.toolchain.cmake:55 (include)
  /home/runner/vcpkg/scripts/buildsystems/vcpkg.cmake:210 (include)
  /home/runner/work/zh-mobile/zh-mobile/build/android-arm64/CMakeFiles/3.31.6/CMakeSystem.cmake:6 (include)
  /home/runner/work/zh-mobile/zh-mobile/build/android-arm64/CMakeFiles/CMakeScratch/TryCompile-lLIAdm/CMakeLists.txt:5 (project)


CMake Deprecation Warning at /opt/hostedtoolcache/ndk/r27c/x64/build/cmake/flags.cmake:18 (cmake_minimum_required):
  Compatibility with CMake < 3.10 will be removed from a future version of
  CMake.

  Update the VERSION argument <min> value.  Or, use the <min>...<max> syntax
  to tell CMake that the project requires at least <min> but has been updated
  to work with policies introduced by <max> or earlier.
Call Stack (most recent call first):
  /usr/local/share/cmake-3.31/Modules/Platform/Android-Clang.cmake:23 (include)
  /usr/local/share/cmake-3.31/Modules/Platform/Android-Clang-C.cmake:1 (include)
  /usr/local/share/cmake-3.31/Modules/CMakeCInformation.cmake:48 (include)
  /home/runner/work/zh-mobile/zh-mobile/build/android-arm64/CMakeFiles/CMakeScratch/TryCompile-lLIAdm/CMakeLists.txt:5 (project)


-- Performing Test HAVE_O_CLOEXEC - Success
-- Performing Test HAVE_ARM_MODE
CMake Deprecation Warning at /opt/hostedtoolcache/ndk/r27c/x64/build/cmake/android.toolchain.cmake:35 (cmake_minimum_required):
  Compatibility with CMake < 3.10 will be removed from a future version of
  CMake.

  Update the VERSION argument <min> value.  Or, use the <min>...<max> syntax
  to tell CMake that the project requires at least <min> but has been updated
  to work with policies introduced by <max> or earlier.
Call Stack (most recent call first):
  /home/runner/vcpkg/scripts/buildsystems/vcpkg.cmake:210 (include)
  /home/runner/work/zh-mobile/zh-mobile/build/android-arm64/CMakeFiles/3.31.6/CMakeSystem.cmake:6 (include)
  /home/runner/work/zh-mobile/zh-mobile/build/android-arm64/CMakeFiles/CMakeScratch/TryCompile-3jQ9Oo/CMakeLists.txt:5 (project)


CMake Deprecation Warning at /opt/hostedtoolcache/ndk/r27c/x64/build/cmake/android-legacy.toolchain.cmake:35 (cmake_minimum_required):
  Compatibility with CMake < 3.10 will be removed from a future version of
  CMake.

  Update the VERSION argument <min> value.  Or, use the <min>...<max> syntax
  to tell CMake that the project requires at least <min> but has been updated
  to work with policies introduced by <max> or earlier.
Call Stack (most recent call first):
  /opt/hostedtoolcache/ndk/r27c/x64/build/cmake/android.toolchain.cmake:55 (include)
  /home/runner/vcpkg/scripts/buildsystems/vcpkg.cmake:210 (include)
  /home/runner/work/zh-mobile/zh-mobile/build/android-arm64/CMakeFiles/3.31.6/CMakeSystem.cmake:6 (include)
  /home/runner/work/zh-mobile/zh-mobile/build/android-arm64/CMakeFiles/CMakeScratch/TryCompile-3jQ9Oo/CMakeLists.txt:5 (project)


CMake Deprecation Warning at /opt/hostedtoolcache/ndk/r27c/x64/build/cmake/flags.cmake:18 (cmake_minimum_required):
  Compatibility with CMake < 3.10 will be removed from a future version of
  CMake.

  Update the VERSION argument <min> value.  Or, use the <min>...<max> syntax
  to tell CMake that the project requires at least <min> but has been updated
  to work with policies introduced by <max> or earlier.
Call Stack (most recent call first):
  /usr/local/share/cmake-3.31/Modules/Platform/Android-Clang.cmake:23 (include)
  /usr/local/share/cmake-3.31/Modules/Platform/Android-Clang-C.cmake:1 (include)
  /usr/local/share/cmake-3.31/Modules/CMakeCInformation.cmake:48 (include)
  /home/runner/work/zh-mobile/zh-mobile/build/android-arm64/CMakeFiles/CMakeScratch/TryCompile-3jQ9Oo/CMakeLists.txt:5 (project)


-- Performing Test HAVE_ARM_MODE - Failed
-- Checking for module 'libusb-1.0>=1.0.16'
--   Package 'libusb-1.0', required by 'virtual:world', not found
-- Could NOT find LibUSB (missing: LibUSB_LIBRARY LibUSB_INCLUDE_PATH) (found version "LibUSB_VERSION-NOTFOUND")
-- Performing Test VULKAN_PASSED_ANDROID_CHECKS
CMake Deprecation Warning at /opt/hostedtoolcache/ndk/r27c/x64/build/cmake/android.toolchain.cmake:35 (cmake_minimum_required):
  Compatibility with CMake < 3.10 will be removed from a future version of
  CMake.

  Update the VERSION argument <min> value.  Or, use the <min>...<max> syntax
  to tell CMake that the project requires at least <min> but has been updated
  to work with policies introduced by <max> or earlier.
Call Stack (most recent call first):
  /home/runner/vcpkg/scripts/buildsystems/vcpkg.cmake:210 (include)
  /home/runner/work/zh-mobile/zh-mobile/build/android-arm64/CMakeFiles/3.31.6/CMakeSystem.cmake:6 (include)
  /home/runner/work/zh-mobile/zh-mobile/build/android-arm64/CMakeFiles/CMakeScratch/TryCompile-0TQ5FX/CMakeLists.txt:5 (project)


CMake Deprecation Warning at /opt/hostedtoolcache/ndk/r27c/x64/build/cmake/android-legacy.toolchain.cmake:35 (cmake_minimum_required):
  Compatibility with CMake < 3.10 will be removed from a future version of
  CMake.

  Update the VERSION argument <min> value.  Or, use the <min>...<max> syntax
  to tell CMake that the project requires at least <min> but has been updated
  to work with policies introduced by <max> or earlier.
Call Stack (most recent call first):
  /opt/hostedtoolcache/ndk/r27c/x64/build/cmake/android.toolchain.cmake:55 (include)
  /home/runner/vcpkg/scripts/buildsystems/vcpkg.cmake:210 (include)
  /home/runner/work/zh-mobile/zh-mobile/build/android-arm64/CMakeFiles/3.31.6/CMakeSystem.cmake:6 (include)
  /home/runner/work/zh-mobile/zh-mobile/build/android-arm64/CMakeFiles/CMakeScratch/TryCompile-0TQ5FX/CMakeLists.txt:5 (project)


CMake Deprecation Warning at /opt/hostedtoolcache/ndk/r27c/x64/build/cmake/flags.cmake:18 (cmake_minimum_required):
  Compatibility with CMake < 3.10 will be removed from a future version of
  CMake.

  Update the VERSION argument <min> value.  Or, use the <min>...<max> syntax
  to tell CMake that the project requires at least <min> but has been updated
  to work with policies introduced by <max> or earlier.
Call Stack (most recent call first):
  /usr/local/share/cmake-3.31/Modules/Platform/Android-Clang.cmake:23 (include)
  /usr/local/share/cmake-3.31/Modules/Platform/Android-Clang-C.cmake:1 (include)
  /usr/local/share/cmake-3.31/Modules/CMakeCInformation.cmake:48 (include)
  /home/runner/work/zh-mobile/zh-mobile/build/android-arm64/CMakeFiles/CMakeScratch/TryCompile-0TQ5FX/CMakeLists.txt:5 (project)


-- Performing Test VULKAN_PASSED_ANDROID_CHECKS - Success
-- Performing Test HAVE_PTHREADS
CMake Deprecation Warning at /opt/hostedtoolcache/ndk/r27c/x64/build/cmake/android.toolchain.cmake:35 (cmake_minimum_required):
  Compatibility with CMake < 3.10 will be removed from a future version of
  CMake.

  Update the VERSION argument <min> value.  Or, use the <min>...<max> syntax
  to tell CMake that the project requires at least <min> but has been updated
  to work with policies introduced by <max> or earlier.
Call Stack (most recent call first):
  /home/runner/vcpkg/scripts/buildsystems/vcpkg.cmake:210 (include)
  /home/runner/work/zh-mobile/zh-mobile/build/android-arm64/CMakeFiles/3.31.6/CMakeSystem.cmake:6 (include)
  /home/runner/work/zh-mobile/zh-mobile/build/android-arm64/CMakeFiles/CMakeScratch/TryCompile-PLilw2/CMakeLists.txt:5 (project)


CMake Deprecation Warning at /opt/hostedtoolcache/ndk/r27c/x64/build/cmake/android-legacy.toolchain.cmake:35 (cmake_minimum_required):
  Compatibility with CMake < 3.10 will be removed from a future version of
  CMake.

  Update the VERSION argument <min> value.  Or, use the <min>...<max> syntax
  to tell CMake that the project requires at least <min> but has been updated
  to work with policies introduced by <max> or earlier.
Call Stack (most recent call first):
  /opt/hostedtoolcache/ndk/r27c/x64/build/cmake/android.toolchain.cmake:55 (include)
  /home/runner/vcpkg/scripts/buildsystems/vcpkg.cmake:210 (include)
  /home/runner/work/zh-mobile/zh-mobile/build/android-arm64/CMakeFiles/3.31.6/CMakeSystem.cmake:6 (include)
  /home/runner/work/zh-mobile/zh-mobile/build/android-arm64/CMakeFiles/CMakeScratch/TryCompile-PLilw2/CMakeLists.txt:5 (project)


CMake Deprecation Warning at /opt/hostedtoolcache/ndk/r27c/x64/build/cmake/flags.cmake:18 (cmake_minimum_required):
  Compatibility with CMake < 3.10 will be removed from a future version of
  CMake.

  Update the VERSION argument <min> value.  Or, use the <min>...<max> syntax
  to tell CMake that the project requires at least <min> but has been updated
  to work with policies introduced by <max> or earlier.
Call Stack (most recent call first):
  /usr/local/share/cmake-3.31/Modules/Platform/Android-Clang.cmake:23 (include)
  /usr/local/share/cmake-3.31/Modules/Platform/Android-Clang-C.cmake:1 (include)
  /usr/local/share/cmake-3.31/Modules/CMakeCInformation.cmake:48 (include)
  /home/runner/work/zh-mobile/zh-mobile/build/android-arm64/CMakeFiles/CMakeScratch/TryCompile-PLilw2/CMakeLists.txt:5 (project)


-- Performing Test HAVE_PTHREADS - Success
-- Performing Test HAVE_RECURSIVE_MUTEXES
CMake Deprecation Warning at /opt/hostedtoolcache/ndk/r27c/x64/build/cmake/android.toolchain.cmake:35 (cmake_minimum_required):
  Compatibility with CMake < 3.10 will be removed from a future version of
  CMake.

  Update the VERSION argument <min> value.  Or, use the <min>...<max> syntax
  to tell CMake that the project requires at least <min> but has been updated
  to work with policies introduced by <max> or earlier.
Call Stack (most recent call first):
  /home/runner/vcpkg/scripts/buildsystems/vcpkg.cmake:210 (include)
  /home/runner/work/zh-mobile/zh-mobile/build/android-arm64/CMakeFiles/3.31.6/CMakeSystem.cmake:6 (include)
  /home/runner/work/zh-mobile/zh-mobile/build/android-arm64/CMakeFiles/CMakeScratch/TryCompile-MHw3ei/CMakeLists.txt:5 (project)


CMake Deprecation Warning at /opt/hostedtoolcache/ndk/r27c/x64/build/cmake/android-legacy.toolchain.cmake:35 (cmake_minimum_required):
  Compatibility with CMake < 3.10 will be removed from a future version of
  CMake.

  Update the VERSION argument <min> value.  Or, use the <min>...<max> syntax
  to tell CMake that the project requires at least <min> but has been updated
  to work with policies introduced by <max> or earlier.
Call Stack (most recent call first):
  /opt/hostedtoolcache/ndk/r27c/x64/build/cmake/android.toolchain.cmake:55 (include)
  /home/runner/vcpkg/scripts/buildsystems/vcpkg.cmake:210 (include)
  /home/runner/work/zh-mobile/zh-mobile/build/android-arm64/CMakeFiles/3.31.6/CMakeSystem.cmake:6 (include)
  /home/runner/work/zh-mobile/zh-mobile/build/android-arm64/CMakeFiles/CMakeScratch/TryCompile-MHw3ei/CMakeLists.txt:5 (project)


CMake Deprecation Warning at /opt/hostedtoolcache/ndk/r27c/x64/build/cmake/flags.cmake:18 (cmake_minimum_required):
  Compatibility with CMake < 3.10 will be removed from a future version of
  CMake.

  Update the VERSION argument <min> value.  Or, use the <min>...<max> syntax
  to tell CMake that the project requires at least <min> but has been updated
  to work with policies introduced by <max> or earlier.
Call Stack (most recent call first):
  /usr/local/share/cmake-3.31/Modules/Platform/Android-Clang.cmake:23 (include)
  /usr/local/share/cmake-3.31/Modules/Platform/Android-Clang-C.cmake:1 (include)
  /usr/local/share/cmake-3.31/Modules/CMakeCInformation.cmake:48 (include)
  /home/runner/work/zh-mobile/zh-mobile/build/android-arm64/CMakeFiles/CMakeScratch/TryCompile-MHw3ei/CMakeLists.txt:5 (project)


-- Performing Test HAVE_RECURSIVE_MUTEXES - Success
-- Performing Test HAVE_PTHREADS_SEM
CMake Deprecation Warning at /opt/hostedtoolcache/ndk/r27c/x64/build/cmake/android.toolchain.cmake:35 (cmake_minimum_required):
  Compatibility with CMake < 3.10 will be removed from a future version of
  CMake.

  Update the VERSION argument <min> value.  Or, use the <min>...<max> syntax
  to tell CMake that the project requires at least <min> but has been updated
  to work with policies introduced by <max> or earlier.
Call Stack (most recent call first):
  /home/runner/vcpkg/scripts/buildsystems/vcpkg.cmake:210 (include)
  /home/runner/work/zh-mobile/zh-mobile/build/android-arm64/CMakeFiles/3.31.6/CMakeSystem.cmake:6 (include)
  /home/runner/work/zh-mobile/zh-mobile/build/android-arm64/CMakeFiles/CMakeScratch/TryCompile-ZSCehA/CMakeLists.txt:5 (project)


CMake Deprecation Warning at /opt/hostedtoolcache/ndk/r27c/x64/build/cmake/android-legacy.toolchain.cmake:35 (cmake_minimum_required):
  Compatibility with CMake < 3.10 will be removed from a future version of
  CMake.

  Update the VERSION argument <min> value.  Or, use the <min>...<max> syntax
  to tell CMake that the project requires at least <min> but has been updated
  to work with policies introduced by <max> or earlier.
Call Stack (most recent call first):
  /opt/hostedtoolcache/ndk/r27c/x64/build/cmake/android.toolchain.cmake:55 (include)
  /home/runner/vcpkg/scripts/buildsystems/vcpkg.cmake:210 (include)
  /home/runner/work/zh-mobile/zh-mobile/build/android-arm64/CMakeFiles/3.31.6/CMakeSystem.cmake:6 (include)
  /home/runner/work/zh-mobile/zh-mobile/build/android-arm64/CMakeFiles/CMakeScratch/TryCompile-ZSCehA/CMakeLists.txt:5 (project)


CMake Deprecation Warning at /opt/hostedtoolcache/ndk/r27c/x64/build/cmake/flags.cmake:18 (cmake_minimum_required):
  Compatibility with CMake < 3.10 will be removed from a future version of
  CMake.

  Update the VERSION argument <min> value.  Or, use the <min>...<max> syntax
  to tell CMake that the project requires at least <min> but has been updated
  to work with policies introduced by <max> or earlier.
Call Stack (most recent call first):
  /usr/local/share/cmake-3.31/Modules/Platform/Android-Clang.cmake:23 (include)
  /usr/local/share/cmake-3.31/Modules/Platform/Android-Clang-C.cmake:1 (include)
  /usr/local/share/cmake-3.31/Modules/CMakeCInformation.cmake:48 (include)
  /home/runner/work/zh-mobile/zh-mobile/build/android-arm64/CMakeFiles/CMakeScratch/TryCompile-ZSCehA/CMakeLists.txt:5 (project)


-- Performing Test HAVE_PTHREADS_SEM - Success
-- Performing Test COMPILER_HAS_SEM_TIMEDWAIT
CMake Deprecation Warning at /opt/hostedtoolcache/ndk/r27c/x64/build/cmake/android.toolchain.cmake:35 (cmake_minimum_required):
  Compatibility with CMake < 3.10 will be removed from a future version of
  CMake.

  Update the VERSION argument <min> value.  Or, use the <min>...<max> syntax
  to tell CMake that the project requires at least <min> but has been updated
  to work with policies introduced by <max> or earlier.
Call Stack (most recent call first):
  /home/runner/vcpkg/scripts/buildsystems/vcpkg.cmake:210 (include)
  /home/runner/work/zh-mobile/zh-mobile/build/android-arm64/CMakeFiles/3.31.6/CMakeSystem.cmake:6 (include)
  /home/runner/work/zh-mobile/zh-mobile/build/android-arm64/CMakeFiles/CMakeScratch/TryCompile-yFQYGK/CMakeLists.txt:5 (project)


CMake Deprecation Warning at /opt/hostedtoolcache/ndk/r27c/x64/build/cmake/android-legacy.toolchain.cmake:35 (cmake_minimum_required):
  Compatibility with CMake < 3.10 will be removed from a future version of
  CMake.

  Update the VERSION argument <min> value.  Or, use the <min>...<max> syntax
  to tell CMake that the project requires at least <min> but has been updated
  to work with policies introduced by <max> or earlier.
Call Stack (most recent call first):
  /opt/hostedtoolcache/ndk/r27c/x64/build/cmake/android.toolchain.cmake:55 (include)
  /home/runner/vcpkg/scripts/buildsystems/vcpkg.cmake:210 (include)
  /home/runner/work/zh-mobile/zh-mobile/build/android-arm64/CMakeFiles/3.31.6/CMakeSystem.cmake:6 (include)
  /home/runner/work/zh-mobile/zh-mobile/build/android-arm64/CMakeFiles/CMakeScratch/TryCompile-yFQYGK/CMakeLists.txt:5 (project)


CMake Deprecation Warning at /opt/hostedtoolcache/ndk/r27c/x64/build/cmake/flags.cmake:18 (cmake_minimum_required):
  Compatibility with CMake < 3.10 will be removed from a future version of
  CMake.

  Update the VERSION argument <min> value.  Or, use the <min>...<max> syntax
  to tell CMake that the project requires at least <min> but has been updated
  to work with policies introduced by <max> or earlier.
Call Stack (most recent call first):
  /usr/local/share/cmake-3.31/Modules/Platform/Android-Clang.cmake:23 (include)
  /usr/local/share/cmake-3.31/Modules/Platform/Android-Clang-C.cmake:1 (include)
  /usr/local/share/cmake-3.31/Modules/CMakeCInformation.cmake:48 (include)
  /home/runner/work/zh-mobile/zh-mobile/build/android-arm64/CMakeFiles/CMakeScratch/TryCompile-yFQYGK/CMakeLists.txt:5 (project)


-- Performing Test COMPILER_HAS_SEM_TIMEDWAIT - Success
-- Looking for pthread.h
CMake Deprecation Warning at /opt/hostedtoolcache/ndk/r27c/x64/build/cmake/android.toolchain.cmake:35 (cmake_minimum_required):
  Compatibility with CMake < 3.10 will be removed from a future version of
  CMake.

  Update the VERSION argument <min> value.  Or, use the <min>...<max> syntax
  to tell CMake that the project requires at least <min> but has been updated
  to work with policies introduced by <max> or earlier.
Call Stack (most recent call first):
  /home/runner/vcpkg/scripts/buildsystems/vcpkg.cmake:210 (include)
  /home/runner/work/zh-mobile/zh-mobile/build/android-arm64/CMakeFiles/3.31.6/CMakeSystem.cmake:6 (include)
  /home/runner/work/zh-mobile/zh-mobile/build/android-arm64/CMakeFiles/CMakeScratch/TryCompile-iu4D58/CMakeLists.txt:5 (project)


CMake Deprecation Warning at /opt/hostedtoolcache/ndk/r27c/x64/build/cmake/android-legacy.toolchain.cmake:35 (cmake_minimum_required):
  Compatibility with CMake < 3.10 will be removed from a future version of
  CMake.

  Update the VERSION argument <min> value.  Or, use the <min>...<max> syntax
  to tell CMake that the project requires at least <min> but has been updated
  to work with policies introduced by <max> or earlier.
Call Stack (most recent call first):
  /opt/hostedtoolcache/ndk/r27c/x64/build/cmake/android.toolchain.cmake:55 (include)
  /home/runner/vcpkg/scripts/buildsystems/vcpkg.cmake:210 (include)
  /home/runner/work/zh-mobile/zh-mobile/build/android-arm64/CMakeFiles/3.31.6/CMakeSystem.cmake:6 (include)
  /home/runner/work/zh-mobile/zh-mobile/build/android-arm64/CMakeFiles/CMakeScratch/TryCompile-iu4D58/CMakeLists.txt:5 (project)


CMake Deprecation Warning at /opt/hostedtoolcache/ndk/r27c/x64/build/cmake/flags.cmake:18 (cmake_minimum_required):
  Compatibility with CMake < 3.10 will be removed from a future version of
  CMake.

  Update the VERSION argument <min> value.  Or, use the <min>...<max> syntax
  to tell CMake that the project requires at least <min> but has been updated
  to work with policies introduced by <max> or earlier.
Call Stack (most recent call first):
  /usr/local/share/cmake-3.31/Modules/Platform/Android-Clang.cmake:23 (include)
  /usr/local/share/cmake-3.31/Modules/Platform/Android-Clang-C.cmake:1 (include)
  /usr/local/share/cmake-3.31/Modules/CMakeCInformation.cmake:48 (include)
  /home/runner/work/zh-mobile/zh-mobile/build/android-arm64/CMakeFiles/CMakeScratch/TryCompile-iu4D58/CMakeLists.txt:5 (project)


-- Looking for pthread.h - found
-- Looking for pthread_np.h
CMake Deprecation Warning at /opt/hostedtoolcache/ndk/r27c/x64/build/cmake/android.toolchain.cmake:35 (cmake_minimum_required):
  Compatibility with CMake < 3.10 will be removed from a future version of
  CMake.

  Update the VERSION argument <min> value.  Or, use the <min>...<max> syntax
  to tell CMake that the project requires at least <min> but has been updated
  to work with policies introduced by <max> or earlier.
Call Stack (most recent call first):
  /home/runner/vcpkg/scripts/buildsystems/vcpkg.cmake:210 (include)
  /home/runner/work/zh-mobile/zh-mobile/build/android-arm64/CMakeFiles/3.31.6/CMakeSystem.cmake:6 (include)
  /home/runner/work/zh-mobile/zh-mobile/build/android-arm64/CMakeFiles/CMakeScratch/TryCompile-y7etcs/CMakeLists.txt:5 (project)


CMake Deprecation Warning at /opt/hostedtoolcache/ndk/r27c/x64/build/cmake/android-legacy.toolchain.cmake:35 (cmake_minimum_required):
  Compatibility with CMake < 3.10 will be removed from a future version of
  CMake.

  Update the VERSION argument <min> value.  Or, use the <min>...<max> syntax
  to tell CMake that the project requires at least <min> but has been updated
  to work with policies introduced by <max> or earlier.
Call Stack (most recent call first):
  /opt/hostedtoolcache/ndk/r27c/x64/build/cmake/android.toolchain.cmake:55 (include)
  /home/runner/vcpkg/scripts/buildsystems/vcpkg.cmake:210 (include)
  /home/runner/work/zh-mobile/zh-mobile/build/android-arm64/CMakeFiles/3.31.6/CMakeSystem.cmake:6 (include)
  /home/runner/work/zh-mobile/zh-mobile/build/android-arm64/CMakeFiles/CMakeScratch/TryCompile-y7etcs/CMakeLists.txt:5 (project)


CMake Deprecation Warning at /opt/hostedtoolcache/ndk/r27c/x64/build/cmake/flags.cmake:18 (cmake_minimum_required):
  Compatibility with CMake < 3.10 will be removed from a future version of
  CMake.

  Update the VERSION argument <min> value.  Or, use the <min>...<max> syntax
  to tell CMake that the project requires at least <min> but has been updated
  to work with policies introduced by <max> or earlier.
Call Stack (most recent call first):
  /usr/local/share/cmake-3.31/Modules/Platform/Android-Clang.cmake:23 (include)
  /usr/local/share/cmake-3.31/Modules/Platform/Android-Clang-C.cmake:1 (include)
  /usr/local/share/cmake-3.31/Modules/CMakeCInformation.cmake:48 (include)
  /home/runner/work/zh-mobile/zh-mobile/build/android-arm64/CMakeFiles/CMakeScratch/TryCompile-y7etcs/CMakeLists.txt:5 (project)


-- Looking for pthread_np.h - not found
-- Performing Test HAVE_PTHREAD_SETNAME_NP
CMake Deprecation Warning at /opt/hostedtoolcache/ndk/r27c/x64/build/cmake/android.toolchain.cmake:35 (cmake_minimum_required):
  Compatibility with CMake < 3.10 will be removed from a future version of
  CMake.

  Update the VERSION argument <min> value.  Or, use the <min>...<max> syntax
  to tell CMake that the project requires at least <min> but has been updated
  to work with policies introduced by <max> or earlier.
Call Stack (most recent call first):
  /home/runner/vcpkg/scripts/buildsystems/vcpkg.cmake:210 (include)
  /home/runner/work/zh-mobile/zh-mobile/build/android-arm64/CMakeFiles/3.31.6/CMakeSystem.cmake:6 (include)
  /home/runner/work/zh-mobile/zh-mobile/build/android-arm64/CMakeFiles/CMakeScratch/TryCompile-hzsk3h/CMakeLists.txt:5 (project)


CMake Deprecation Warning at /opt/hostedtoolcache/ndk/r27c/x64/build/cmake/android-legacy.toolchain.cmake:35 (cmake_minimum_required):
  Compatibility with CMake < 3.10 will be removed from a future version of
  CMake.

  Update the VERSION argument <min> value.  Or, use the <min>...<max> syntax
  to tell CMake that the project requires at least <min> but has been updated
  to work with policies introduced by <max> or earlier.
Call Stack (most recent call first):
  /opt/hostedtoolcache/ndk/r27c/x64/build/cmake/android.toolchain.cmake:55 (include)
  /home/runner/vcpkg/scripts/buildsystems/vcpkg.cmake:210 (include)
  /home/runner/work/zh-mobile/zh-mobile/build/android-arm64/CMakeFiles/3.31.6/CMakeSystem.cmake:6 (include)
  /home/runner/work/zh-mobile/zh-mobile/build/android-arm64/CMakeFiles/CMakeScratch/TryCompile-hzsk3h/CMakeLists.txt:5 (project)


CMake Deprecation Warning at /opt/hostedtoolcache/ndk/r27c/x64/build/cmake/flags.cmake:18 (cmake_minimum_required):
  Compatibility with CMake < 3.10 will be removed from a future version of
  CMake.

  Update the VERSION argument <min> value.  Or, use the <min>...<max> syntax
  to tell CMake that the project requires at least <min> but has been updated
  to work with policies introduced by <max> or earlier.
Call Stack (most recent call first):
  /usr/local/share/cmake-3.31/Modules/Platform/Android-Clang.cmake:23 (include)
  /usr/local/share/cmake-3.31/Modules/Platform/Android-Clang-C.cmake:1 (include)
  /usr/local/share/cmake-3.31/Modules/CMakeCInformation.cmake:48 (include)
  /home/runner/work/zh-mobile/zh-mobile/build/android-arm64/CMakeFiles/CMakeScratch/TryCompile-hzsk3h/CMakeLists.txt:5 (project)


-- Performing Test HAVE_PTHREAD_SETNAME_NP - Success
-- 
-- SDL3 was configured with the following options:
-- 
-- Platform: Android-1
-- 64-bit:   TRUE
-- Compiler: /opt/hostedtoolcache/ndk/r27c/x64/toolchains/llvm/prebuilt/linux-x86_64/bin/clang
-- Revision: SDL-release-3.4.2-0-g683181b47
-- Vendor:   
-- 
-- Subsystems:
--   Audio:    ON
--   Video:    ON
--   GPU:      ON
--   Render:   ON
--   Camera:   OFF
--   Joystick: ON
--   Haptic:   ON
--   Hidapi:   ON
--   Power:    ON
--   Sensor:   ON
--   Dialog:   ON
--   Tray:     ON
-- 
-- Options:
--   SDL_ALSA                    (Wanted: OFF): OFF
--   SDL_ALSA_SHARED             (Wanted: OFF): OFF
--   SDL_ALTIVEC                 (Wanted: OFF): OFF
--   SDL_ARMNEON                 (Wanted: ON): ON
--   SDL_ASAN                    (Wanted: OFF): OFF
--   SDL_ASSEMBLY                (Wanted: ON): ON
--   SDL_ASSERTIONS              (Wanted: auto): auto
--   SDL_AVX                     (Wanted: OFF): OFF
--   SDL_AVX2                    (Wanted: OFF): OFF
--   SDL_AVX512F                 (Wanted: OFF): OFF
--   SDL_BACKGROUNDING_SIGNAL    (Wanted: OFF): OFF
--   SDL_CCACHE                  (Wanted: OFF): OFF
--   SDL_CLANG_TIDY              (Wanted: OFF): OFF
--   SDL_CLOCK_GETTIME           (Wanted: ON): ON
--   SDL_COCOA                   (Wanted: OFF): OFF
--   SDL_DBUS                    (Wanted: OFF): OFF
--   SDL_DEPS_SHARED             (Wanted: ON): OFF
--   SDL_DIRECTX                 (Wanted: OFF): OFF
--   SDL_DISKAUDIO               (Wanted: ON): ON
--   SDL_DLOPEN_NOTES            (Wanted: OFF): OFF
--   SDL_DUMMYAUDIO              (Wanted: ON): ON
--   SDL_DUMMYCAMERA             (Wanted: OFF): OFF
--   SDL_DUMMYVIDEO              (Wanted: ON): ON
--   SDL_EXAMPLES                (Wanted: OFF): OFF
--   SDL_EXAMPLES_LINK_SHARED    (Wanted: ON): OFF
--   SDL_FOREGROUNDING_SIGNAL    (Wanted: OFF): OFF
--   SDL_FRIBIDI                 (Wanted: ON): OFF
--   SDL_FRIBIDI_SHARED          (Wanted: ON): OFF
--   SDL_GCC_ATOMICS             (Wanted: ON): ON
--   SDL_HIDAPI                  (Wanted: ON): ON
--   SDL_HIDAPI_JOYSTICK         (Wanted: ON): ON
--   SDL_HIDAPI_LIBUSB           (Wanted: ON): OFF
--   SDL_HIDAPI_LIBUSB_SHARED    (Wanted: ON): OFF
--   SDL_IBUS                    (Wanted: OFF): OFF
--   SDL_INSTALL                 (Wanted: OFF): OFF
--   SDL_INSTALL_TESTS           (Wanted: OFF): OFF
--   SDL_JACK                    (Wanted: OFF): OFF
--   SDL_JACK_SHARED             (Wanted: OFF): OFF
--   SDL_KMSDRM                  (Wanted: OFF): OFF
--   SDL_KMSDRM_SHARED           (Wanted: OFF): OFF
--   SDL_LASX                    (Wanted: OFF): OFF
--   SDL_LIBC                    (Wanted: ON): ON
--   SDL_LIBICONV                (Wanted: OFF): OFF
--   SDL_LIBTHAI                 (Wanted: ON): OFF
--   SDL_LIBTHAI_SHARED          (Wanted: ON): OFF
--   SDL_LIBUDEV                 (Wanted: ON): OFF
--   SDL_LIBURING                (Wanted: OFF): OFF
--   SDL_LSX                     (Wanted: OFF): OFF
--   SDL_METAL                   (Wanted: OFF): OFF
--   SDL_MMX                     (Wanted: OFF): OFF
--   SDL_OFFSCREEN               (Wanted: ON): ON
--   SDL_OPENGL                  (Wanted: ON): OFF
--   SDL_OPENGLES                (Wanted: ON): ON
--   SDL_OPENVR                  (Wanted: OFF): OFF
--   SDL_OSS                     (Wanted: OFF): OFF
--   SDL_PIPEWIRE                (Wanted: OFF): OFF
--   SDL_PIPEWIRE_SHARED         (Wanted: OFF): OFF
--   SDL_PTHREADS                (Wanted: ON): ON
--   SDL_PTHREADS_SEM            (Wanted: ON): ON
--   SDL_PULSEAUDIO              (Wanted: OFF): OFF
--   SDL_PULSEAUDIO_SHARED       (Wanted: OFF): OFF
--   SDL_RENDER_D3D              (Wanted: OFF): OFF
--   SDL_RENDER_D3D11            (Wanted: OFF): OFF
--   SDL_RENDER_D3D12            (Wanted: OFF): OFF
--   SDL_RENDER_GPU              (Wanted: ON): ON
--   SDL_RENDER_METAL            (Wanted: OFF): OFF
--   SDL_RENDER_VULKAN           (Wanted: ON): ON
--   SDL_ROCKCHIP                (Wanted: OFF): OFF
--   SDL_RPATH                   (Wanted: OFF): OFF
--   SDL_RPI                     (Wanted: OFF): OFF
--   SDL_SNDIO                   (Wanted: OFF): OFF
--   SDL_SNDIO_SHARED            (Wanted: OFF): OFF
--   SDL_SSE                     (Wanted: OFF): OFF
--   SDL_SSE2                    (Wanted: OFF): OFF
--   SDL_SSE3                    (Wanted: OFF): OFF
--   SDL_SSE4_1                  (Wanted: OFF): OFF
--   SDL_SSE4_2                  (Wanted: OFF): OFF
--   SDL_SYSTEM_ICONV            (Wanted: ON): ON
--   SDL_TESTS                   (Wanted: OFF): OFF
--   SDL_TESTS_LINK_SHARED       (Wanted: ON): OFF
--   SDL_UNINSTALL               (Wanted: OFF): OFF
--   SDL_VIRTUAL_JOYSTICK        (Wanted: ON): ON
--   SDL_VIVANTE                 (Wanted: OFF): OFF
--   SDL_VULKAN                  (Wanted: ON): ON
--   SDL_WASAPI                  (Wanted: OFF): OFF
--   SDL_WAYLAND                 (Wanted: ON): OFF
--   SDL_WAYLAND_LIBDECOR        (Wanted: ON): OFF
--   SDL_WAYLAND_LIBDECOR_SHARED (Wanted: ON): OFF
--   SDL_WAYLAND_SHARED          (Wanted: ON): OFF
--   SDL_X11                     (Wanted: ON): OFF
--   SDL_X11_SHARED              (Wanted: ON): OFF
--   SDL_X11_XCURSOR             (Wanted: ON): OFF
--   SDL_X11_XDBE                (Wanted: ON): OFF
--   SDL_X11_XFIXES              (Wanted: ON): OFF
--   SDL_X11_XINPUT              (Wanted: ON): OFF
--   SDL_X11_XRANDR              (Wanted: ON): OFF
--   SDL_X11_XSCRNSAVER          (Wanted: ON): OFF
--   SDL_X11_XSHAPE              (Wanted: ON): OFF
--   SDL_X11_XSYNC               (Wanted: ON): OFF
--   SDL_X11_XTEST               (Wanted: ON): OFF
--   SDL_XINPUT                  (Wanted: OFF): OFF
-- 
--  Build Shared Library: ON
--  Build Static Library: OFF
-- 
-- Enabled backends:
--   Video drivers: android dummy offscreen
--   Render drivers: gpu ogl_es2 vulkan
--   GPU drivers: vulkan
--   Audio drivers: aaudio disk dummy opensles
--   Joystick drivers: android hidapi virtual
--   Camera drivers: dummy
-- 
-- If something was not detected, although the libraries
-- were installed, then make sure you have set the
-- CMAKE_C_FLAGS and CMAKE_PREFIX_PATH CMake variables correctly.
-- 
-- Configuring SDL3_image (v3.4.0) with FetchContent (native build)...
-- Configuring SDL3_image 3.4.0
-- Performing Test LINKER_SUPPORTS_VERSION_SCRIPT
CMake Deprecation Warning at /opt/hostedtoolcache/ndk/r27c/x64/build/cmake/android.toolchain.cmake:35 (cmake_minimum_required):
  Compatibility with CMake < 3.10 will be removed from a future version of
  CMake.

  Update the VERSION argument <min> value.  Or, use the <min>...<max> syntax
  to tell CMake that the project requires at least <min> but has been updated
  to work with policies introduced by <max> or earlier.
Call Stack (most recent call first):
  /home/runner/vcpkg/scripts/buildsystems/vcpkg.cmake:210 (include)
  /home/runner/work/zh-mobile/zh-mobile/build/android-arm64/CMakeFiles/3.31.6/CMakeSystem.cmake:6 (include)
  /home/runner/work/zh-mobile/zh-mobile/build/android-arm64/CMakeFiles/CMakeScratch/TryCompile-tqNy2i/CMakeLists.txt:5 (project)


CMake Deprecation Warning at /opt/hostedtoolcache/ndk/r27c/x64/build/cmake/android-legacy.toolchain.cmake:35 (cmake_minimum_required):
  Compatibility with CMake < 3.10 will be removed from a future version of
  CMake.

  Update the VERSION argument <min> value.  Or, use the <min>...<max> syntax
  to tell CMake that the project requires at least <min> but has been updated
  to work with policies introduced by <max> or earlier.
Call Stack (most recent call first):
  /opt/hostedtoolcache/ndk/r27c/x64/build/cmake/android.toolchain.cmake:55 (include)
  /home/runner/vcpkg/scripts/buildsystems/vcpkg.cmake:210 (include)
  /home/runner/work/zh-mobile/zh-mobile/build/android-arm64/CMakeFiles/3.31.6/CMakeSystem.cmake:6 (include)
  /home/runner/work/zh-mobile/zh-mobile/build/android-arm64/CMakeFiles/CMakeScratch/TryCompile-tqNy2i/CMakeLists.txt:5 (project)


CMake Deprecation Warning at /opt/hostedtoolcache/ndk/r27c/x64/build/cmake/flags.cmake:18 (cmake_minimum_required):
  Compatibility with CMake < 3.10 will be removed from a future version of
  CMake.

  Update the VERSION argument <min> value.  Or, use the <min>...<max> syntax
  to tell CMake that the project requires at least <min> but has been updated
  to work with policies introduced by <max> or earlier.
Call Stack (most recent call first):
  /usr/local/share/cmake-3.31/Modules/Platform/Android-Clang.cmake:23 (include)
  /usr/local/share/cmake-3.31/Modules/Platform/Android-Clang-C.cmake:1 (include)
  /usr/local/share/cmake-3.31/Modules/CMakeCInformation.cmake:48 (include)
  /home/runner/work/zh-mobile/zh-mobile/build/android-arm64/CMakeFiles/CMakeScratch/TryCompile-tqNy2i/CMakeLists.txt:5 (project)


-- Performing Test LINKER_SUPPORTS_VERSION_SCRIPT - Success
-- Performing Test HAVE_WL_NO_UNDEFINED
CMake Deprecation Warning at /opt/hostedtoolcache/ndk/r27c/x64/build/cmake/android.toolchain.cmake:35 (cmake_minimum_required):
  Compatibility with CMake < 3.10 will be removed from a future version of
  CMake.

  Update the VERSION argument <min> value.  Or, use the <min>...<max> syntax
  to tell CMake that the project requires at least <min> but has been updated
  to work with policies introduced by <max> or earlier.
Call Stack (most recent call first):
  /home/runner/vcpkg/scripts/buildsystems/vcpkg.cmake:210 (include)
  /home/runner/work/zh-mobile/zh-mobile/build/android-arm64/CMakeFiles/3.31.6/CMakeSystem.cmake:6 (include)
  /home/runner/work/zh-mobile/zh-mobile/build/android-arm64/CMakeFiles/CMakeScratch/TryCompile-zyZt2P/CMakeLists.txt:5 (project)


CMake Deprecation Warning at /opt/hostedtoolcache/ndk/r27c/x64/build/cmake/android-legacy.toolchain.cmake:35 (cmake_minimum_required):
  Compatibility with CMake < 3.10 will be removed from a future version of
  CMake.

  Update the VERSION argument <min> value.  Or, use the <min>...<max> syntax
  to tell CMake that the project requires at least <min> but has been updated
  to work with policies introduced by <max> or earlier.
Call Stack (most recent call first):
  /opt/hostedtoolcache/ndk/r27c/x64/build/cmake/android.toolchain.cmake:55 (include)
  /home/runner/vcpkg/scripts/buildsystems/vcpkg.cmake:210 (include)
  /home/runner/work/zh-mobile/zh-mobile/build/android-arm64/CMakeFiles/3.31.6/CMakeSystem.cmake:6 (include)
  /home/runner/work/zh-mobile/zh-mobile/build/android-arm64/CMakeFiles/CMakeScratch/TryCompile-zyZt2P/CMakeLists.txt:5 (project)


CMake Deprecation Warning at /opt/hostedtoolcache/ndk/r27c/x64/build/cmake/flags.cmake:18 (cmake_minimum_required):
  Compatibility with CMake < 3.10 will be removed from a future version of
  CMake.

  Update the VERSION argument <min> value.  Or, use the <min>...<max> syntax
  to tell CMake that the project requires at least <min> but has been updated
  to work with policies introduced by <max> or earlier.
Call Stack (most recent call first):
  /usr/local/share/cmake-3.31/Modules/Platform/Android-Clang.cmake:23 (include)
  /usr/local/share/cmake-3.31/Modules/Platform/Android-Clang-C.cmake:1 (include)
  /usr/local/share/cmake-3.31/Modules/CMakeCInformation.cmake:48 (include)
  /home/runner/work/zh-mobile/zh-mobile/build/android-arm64/CMakeFiles/CMakeScratch/TryCompile-zyZt2P/CMakeLists.txt:5 (project)


-- Performing Test HAVE_WL_NO_UNDEFINED - Success
-- SDL3_image backends:
-- - enabled:  stb ani bmp gif jpg lbm pcx png pnm qoi svg tga xcf xpm xv
-- - disabled: imageio wic avif jxl apng tif webp
-- ✓ SDL3 (3.4.2) + SDL3_image (3.4.0) configured
--   Build approach: Native FetchContent compilation
--   PNG support: System libpng-dev (dynamic linking)
-- SDL3 windowing backend enabled
-- OpenAL audio backend enabled
-- GLM math library enabled (DirectX 8 replacement)
-- GameSpy server name is set to server.cnc-online.net
-- Performing Test CMAKE_HAVE_LIBC_PTHREAD
CMake Deprecation Warning at /opt/hostedtoolcache/ndk/r27c/x64/build/cmake/android.toolchain.cmake:35 (cmake_minimum_required):
  Compatibility with CMake < 3.10 will be removed from a future version of
  CMake.

  Update the VERSION argument <min> value.  Or, use the <min>...<max> syntax
  to tell CMake that the project requires at least <min> but has been updated
  to work with policies introduced by <max> or earlier.
Call Stack (most recent call first):
  /home/runner/vcpkg/scripts/buildsystems/vcpkg.cmake:210 (include)
  /home/runner/work/zh-mobile/zh-mobile/build/android-arm64/CMakeFiles/3.31.6/CMakeSystem.cmake:6 (include)
  /home/runner/work/zh-mobile/zh-mobile/build/android-arm64/CMakeFiles/CMakeScratch/TryCompile-7nsxnY/CMakeLists.txt:5 (project)


CMake Deprecation Warning at /opt/hostedtoolcache/ndk/r27c/x64/build/cmake/android-legacy.toolchain.cmake:35 (cmake_minimum_required):
  Compatibility with CMake < 3.10 will be removed from a future version of
  CMake.

  Update the VERSION argument <min> value.  Or, use the <min>...<max> syntax
  to tell CMake that the project requires at least <min> but has been updated
  to work with policies introduced by <max> or earlier.
Call Stack (most recent call first):
  /opt/hostedtoolcache/ndk/r27c/x64/build/cmake/android.toolchain.cmake:55 (include)
  /home/runner/vcpkg/scripts/buildsystems/vcpkg.cmake:210 (include)
  /home/runner/work/zh-mobile/zh-mobile/build/android-arm64/CMakeFiles/3.31.6/CMakeSystem.cmake:6 (include)
  /home/runner/work/zh-mobile/zh-mobile/build/android-arm64/CMakeFiles/CMakeScratch/TryCompile-7nsxnY/CMakeLists.txt:5 (project)


CMake Deprecation Warning at /opt/hostedtoolcache/ndk/r27c/x64/build/cmake/flags.cmake:18 (cmake_minimum_required):
  Compatibility with CMake < 3.10 will be removed from a future version of
  CMake.

  Update the VERSION argument <min> value.  Or, use the <min>...<max> syntax
  to tell CMake that the project requires at least <min> but has been updated
  to work with policies introduced by <max> or earlier.
Call Stack (most recent call first):
  /usr/local/share/cmake-3.31/Modules/Platform/Android-Clang.cmake:23 (include)
  /usr/local/share/cmake-3.31/Modules/Platform/Android-Clang-C.cmake:1 (include)
  /usr/local/share/cmake-3.31/Modules/CMakeCInformation.cmake:48 (include)
  /home/runner/work/zh-mobile/zh-mobile/build/android-arm64/CMakeFiles/CMakeScratch/TryCompile-7nsxnY/CMakeLists.txt:5 (project)


-- Performing Test CMAKE_HAVE_LIBC_PTHREAD - Failed
-- Looking for pthread_create in pthreads
CMake Deprecation Warning at /opt/hostedtoolcache/ndk/r27c/x64/build/cmake/android.toolchain.cmake:35 (cmake_minimum_required):
  Compatibility with CMake < 3.10 will be removed from a future version of
  CMake.

  Update the VERSION argument <min> value.  Or, use the <min>...<max> syntax
  to tell CMake that the project requires at least <min> but has been updated
  to work with policies introduced by <max> or earlier.
Call Stack (most recent call first):
  /home/runner/vcpkg/scripts/buildsystems/vcpkg.cmake:210 (include)
  /home/runner/work/zh-mobile/zh-mobile/build/android-arm64/CMakeFiles/3.31.6/CMakeSystem.cmake:6 (include)
  /home/runner/work/zh-mobile/zh-mobile/build/android-arm64/CMakeFiles/CMakeScratch/TryCompile-u99bKl/CMakeLists.txt:5 (project)


CMake Deprecation Warning at /opt/hostedtoolcache/ndk/r27c/x64/build/cmake/android-legacy.toolchain.cmake:35 (cmake_minimum_required):
  Compatibility with CMake < 3.10 will be removed from a future version of
  CMake.

  Update the VERSION argument <min> value.  Or, use the <min>...<max> syntax
  to tell CMake that the project requires at least <min> but has been updated
  to work with policies introduced by <max> or earlier.
Call Stack (most recent call first):
  /opt/hostedtoolcache/ndk/r27c/x64/build/cmake/android.toolchain.cmake:55 (include)
  /home/runner/vcpkg/scripts/buildsystems/vcpkg.cmake:210 (include)
  /home/runner/work/zh-mobile/zh-mobile/build/android-arm64/CMakeFiles/3.31.6/CMakeSystem.cmake:6 (include)
  /home/runner/work/zh-mobile/zh-mobile/build/android-arm64/CMakeFiles/CMakeScratch/TryCompile-u99bKl/CMakeLists.txt:5 (project)


CMake Deprecation Warning at /opt/hostedtoolcache/ndk/r27c/x64/build/cmake/flags.cmake:18 (cmake_minimum_required):
  Compatibility with CMake < 3.10 will be removed from a future version of
  CMake.

  Update the VERSION argument <min> value.  Or, use the <min>...<max> syntax
  to tell CMake that the project requires at least <min> but has been updated
  to work with policies introduced by <max> or earlier.
Call Stack (most recent call first):
  /usr/local/share/cmake-3.31/Modules/Platform/Android-Clang.cmake:23 (include)
  /usr/local/share/cmake-3.31/Modules/Platform/Android-Clang-C.cmake:1 (include)
  /usr/local/share/cmake-3.31/Modules/CMakeCInformation.cmake:48 (include)
  /home/runner/work/zh-mobile/zh-mobile/build/android-arm64/CMakeFiles/CMakeScratch/TryCompile-u99bKl/CMakeLists.txt:5 (project)


-- Looking for pthread_create in pthreads - not found
-- Looking for pthread_create in pthread
CMake Deprecation Warning at /opt/hostedtoolcache/ndk/r27c/x64/build/cmake/android.toolchain.cmake:35 (cmake_minimum_required):
  Compatibility with CMake < 3.10 will be removed from a future version of
  CMake.

  Update the VERSION argument <min> value.  Or, use the <min>...<max> syntax
  to tell CMake that the project requires at least <min> but has been updated
  to work with policies introduced by <max> or earlier.
Call Stack (most recent call first):
  /home/runner/vcpkg/scripts/buildsystems/vcpkg.cmake:210 (include)
  /home/runner/work/zh-mobile/zh-mobile/build/android-arm64/CMakeFiles/3.31.6/CMakeSystem.cmake:6 (include)
  /home/runner/work/zh-mobile/zh-mobile/build/android-arm64/CMakeFiles/CMakeScratch/TryCompile-JeX2BR/CMakeLists.txt:5 (project)


CMake Deprecation Warning at /opt/hostedtoolcache/ndk/r27c/x64/build/cmake/android-legacy.toolchain.cmake:35 (cmake_minimum_required):
  Compatibility with CMake < 3.10 will be removed from a future version of
  CMake.

  Update the VERSION argument <min> value.  Or, use the <min>...<max> syntax
  to tell CMake that the project requires at least <min> but has been updated
  to work with policies introduced by <max> or earlier.
Call Stack (most recent call first):
  /opt/hostedtoolcache/ndk/r27c/x64/build/cmake/android.toolchain.cmake:55 (include)
  /home/runner/vcpkg/scripts/buildsystems/vcpkg.cmake:210 (include)
  /home/runner/work/zh-mobile/zh-mobile/build/android-arm64/CMakeFiles/3.31.6/CMakeSystem.cmake:6 (include)
  /home/runner/work/zh-mobile/zh-mobile/build/android-arm64/CMakeFiles/CMakeScratch/TryCompile-JeX2BR/CMakeLists.txt:5 (project)


CMake Deprecation Warning at /opt/hostedtoolcache/ndk/r27c/x64/build/cmake/flags.cmake:18 (cmake_minimum_required):
  Compatibility with CMake < 3.10 will be removed from a future version of
  CMake.

  Update the VERSION argument <min> value.  Or, use the <min>...<max> syntax
  to tell CMake that the project requires at least <min> but has been updated
  to work with policies introduced by <max> or earlier.
Call Stack (most recent call first):
  /usr/local/share/cmake-3.31/Modules/Platform/Android-Clang.cmake:23 (include)
  /usr/local/share/cmake-3.31/Modules/Platform/Android-Clang-C.cmake:1 (include)
  /usr/local/share/cmake-3.31/Modules/CMakeCInformation.cmake:48 (include)
  /home/runner/work/zh-mobile/zh-mobile/build/android-arm64/CMakeFiles/CMakeScratch/TryCompile-JeX2BR/CMakeLists.txt:5 (project)


-- Looking for pthread_create in pthread - not found
-- Check if compiler accepts -pthread
CMake Deprecation Warning at /opt/hostedtoolcache/ndk/r27c/x64/build/cmake/android.toolchain.cmake:35 (cmake_minimum_required):
  Compatibility with CMake < 3.10 will be removed from a future version of
  CMake.

  Update the VERSION argument <min> value.  Or, use the <min>...<max> syntax
  to tell CMake that the project requires at least <min> but has been updated
  to work with policies introduced by <max> or earlier.
Call Stack (most recent call first):
  /home/runner/vcpkg/scripts/buildsystems/vcpkg.cmake:210 (include)
  /home/runner/work/zh-mobile/zh-mobile/build/android-arm64/CMakeFiles/3.31.6/CMakeSystem.cmake:6 (include)
  /home/runner/work/zh-mobile/zh-mobile/build/android-arm64/CMakeFiles/CMakeScratch/TryCompile-izADkG/CMakeLists.txt:3 (project)


CMake Deprecation Warning at /opt/hostedtoolcache/ndk/r27c/x64/build/cmake/android-legacy.toolchain.cmake:35 (cmake_minimum_required):
  Compatibility with CMake < 3.10 will be removed from a future version of
  CMake.

  Update the VERSION argument <min> value.  Or, use the <min>...<max> syntax
  to tell CMake that the project requires at least <min> but has been updated
  to work with policies introduced by <max> or earlier.
Call Stack (most recent call first):
  /opt/hostedtoolcache/ndk/r27c/x64/build/cmake/android.toolchain.cmake:55 (include)
  /home/runner/vcpkg/scripts/buildsystems/vcpkg.cmake:210 (include)
  /home/runner/work/zh-mobile/zh-mobile/build/android-arm64/CMakeFiles/3.31.6/CMakeSystem.cmake:6 (include)
  /home/runner/work/zh-mobile/zh-mobile/build/android-arm64/CMakeFiles/CMakeScratch/TryCompile-izADkG/CMakeLists.txt:3 (project)


CMake Deprecation Warning at /opt/hostedtoolcache/ndk/r27c/x64/build/cmake/flags.cmake:18 (cmake_minimum_required):
  Compatibility with CMake < 3.10 will be removed from a future version of
  CMake.

  Update the VERSION argument <min> value.  Or, use the <min>...<max> syntax
  to tell CMake that the project requires at least <min> but has been updated
  to work with policies introduced by <max> or earlier.
Call Stack (most recent call first):
  /usr/local/share/cmake-3.31/Modules/Platform/Android-Clang.cmake:23 (include)
  /usr/local/share/cmake-3.31/Modules/Platform/Android-Clang-C.cmake:1 (include)
  /usr/local/share/cmake-3.31/Modules/CMakeCInformation.cmake:48 (include)
  /home/runner/work/zh-mobile/zh-mobile/build/android-arm64/CMakeFiles/CMakeScratch/TryCompile-izADkG/CMakeLists.txt:3 (project)


-- Check if compiler accepts -pthread - yes
-- Found Threads: TRUE
-- Populating lzhl
-- Configuring done (0.0s)
-- Generating done (0.0s)
-- Build files have been written to: /home/runner/work/zh-mobile/zh-mobile/build/android-arm64/lzhl-subbuild
[1/9] Creating directories for 'lzhl-populate'
[1/9] Performing download step (git clone) for 'lzhl-populate'
Cloning into 'CompLibHeader'...
HEAD is now at dfd96e2 Add lzhl
[2/9] Performing update step for 'lzhl-populate'
-- Already at requested ref: dfd96e2ca64adaddb35dd4ebadd6add7d5586783
[3/9] No patch step for 'lzhl-populate'
[5/9] No configure step for 'lzhl-populate'
[6/9] No build step for 'lzhl-populate'
[7/9] No install step for 'lzhl-populate'
[8/9] No test step for 'lzhl-populate'
[9/9] Completed 'lzhl-populate'
-- Configuring OpenAL Soft (v1.24.2) with FetchContent...
-- {fmt} version: 11.1.1
-- Build type: RelWithDebInfo
-- Performing Test HAVE_STDC_FORMAT_MACROS
CMake Deprecation Warning at /opt/hostedtoolcache/ndk/r27c/x64/build/cmake/android.toolchain.cmake:35 (cmake_minimum_required):
  Compatibility with CMake < 3.10 will be removed from a future version of
  CMake.

  Update the VERSION argument <min> value.  Or, use the <min>...<max> syntax
  to tell CMake that the project requires at least <min> but has been updated
  to work with policies introduced by <max> or earlier.
Call Stack (most recent call first):
  /home/runner/vcpkg/scripts/buildsystems/vcpkg.cmake:210 (include)
  /home/runner/work/zh-mobile/zh-mobile/build/android-arm64/CMakeFiles/3.31.6/CMakeSystem.cmake:6 (include)
  /home/runner/work/zh-mobile/zh-mobile/build/android-arm64/CMakeFiles/CMakeScratch/TryCompile-XNR2zu/CMakeLists.txt:5 (project)


CMake Deprecation Warning at /opt/hostedtoolcache/ndk/r27c/x64/build/cmake/android-legacy.toolchain.cmake:35 (cmake_minimum_required):
  Compatibility with CMake < 3.10 will be removed from a future version of
  CMake.

  Update the VERSION argument <min> value.  Or, use the <min>...<max> syntax
  to tell CMake that the project requires at least <min> but has been updated
  to work with policies introduced by <max> or earlier.
Call Stack (most recent call first):
  /opt/hostedtoolcache/ndk/r27c/x64/build/cmake/android.toolchain.cmake:55 (include)
  /home/runner/vcpkg/scripts/buildsystems/vcpkg.cmake:210 (include)
  /home/runner/work/zh-mobile/zh-mobile/build/android-arm64/CMakeFiles/3.31.6/CMakeSystem.cmake:6 (include)
  /home/runner/work/zh-mobile/zh-mobile/build/android-arm64/CMakeFiles/CMakeScratch/TryCompile-XNR2zu/CMakeLists.txt:5 (project)


CMake Deprecation Warning at /opt/hostedtoolcache/ndk/r27c/x64/build/cmake/flags.cmake:18 (cmake_minimum_required):
  Compatibility with CMake < 3.10 will be removed from a future version of
  CMake.

  Update the VERSION argument <min> value.  Or, use the <min>...<max> syntax
  to tell CMake that the project requires at least <min> but has been updated
  to work with policies introduced by <max> or earlier.
Call Stack (most recent call first):
  /usr/local/share/cmake-3.31/Modules/Platform/Android-Clang.cmake:23 (include)
  /usr/local/share/cmake-3.31/Modules/Platform/Android-Clang-CXX.cmake:1 (include)
  /usr/local/share/cmake-3.31/Modules/CMakeCXXInformation.cmake:48 (include)
  /home/runner/work/zh-mobile/zh-mobile/build/android-arm64/CMakeFiles/CMakeScratch/TryCompile-XNR2zu/CMakeLists.txt:5 (project)


-- Performing Test HAVE_STDC_FORMAT_MACROS - Success
-- Performing Test HAVE_LIBATOMIC
CMake Deprecation Warning at /opt/hostedtoolcache/ndk/r27c/x64/build/cmake/android.toolchain.cmake:35 (cmake_minimum_required):
  Compatibility with CMake < 3.10 will be removed from a future version of
  CMake.

  Update the VERSION argument <min> value.  Or, use the <min>...<max> syntax
  to tell CMake that the project requires at least <min> but has been updated
  to work with policies introduced by <max> or earlier.
Call Stack (most recent call first):
  /home/runner/vcpkg/scripts/buildsystems/vcpkg.cmake:210 (include)
  /home/runner/work/zh-mobile/zh-mobile/build/android-arm64/CMakeFiles/3.31.6/CMakeSystem.cmake:6 (include)
  /home/runner/work/zh-mobile/zh-mobile/build/android-arm64/CMakeFiles/CMakeScratch/TryCompile-0twgwD/CMakeLists.txt:5 (project)


CMake Deprecation Warning at /opt/hostedtoolcache/ndk/r27c/x64/build/cmake/android-legacy.toolchain.cmake:35 (cmake_minimum_required):
  Compatibility with CMake < 3.10 will be removed from a future version of
  CMake.

  Update the VERSION argument <min> value.  Or, use the <min>...<max> syntax
  to tell CMake that the project requires at least <min> but has been updated
  to work with policies introduced by <max> or earlier.
Call Stack (most recent call first):
  /opt/hostedtoolcache/ndk/r27c/x64/build/cmake/android.toolchain.cmake:55 (include)
  /home/runner/vcpkg/scripts/buildsystems/vcpkg.cmake:210 (include)
  /home/runner/work/zh-mobile/zh-mobile/build/android-arm64/CMakeFiles/3.31.6/CMakeSystem.cmake:6 (include)
  /home/runner/work/zh-mobile/zh-mobile/build/android-arm64/CMakeFiles/CMakeScratch/TryCompile-0twgwD/CMakeLists.txt:5 (project)


CMake Deprecation Warning at /opt/hostedtoolcache/ndk/r27c/x64/build/cmake/flags.cmake:18 (cmake_minimum_required):
  Compatibility with CMake < 3.10 will be removed from a future version of
  CMake.

  Update the VERSION argument <min> value.  Or, use the <min>...<max> syntax
  to tell CMake that the project requires at least <min> but has been updated
  to work with policies introduced by <max> or earlier.
Call Stack (most recent call first):
  /usr/local/share/cmake-3.31/Modules/Platform/Android-Clang.cmake:23 (include)
  /usr/local/share/cmake-3.31/Modules/Platform/Android-Clang-CXX.cmake:1 (include)
  /usr/local/share/cmake-3.31/Modules/CMakeCXXInformation.cmake:48 (include)
  /home/runner/work/zh-mobile/zh-mobile/build/android-arm64/CMakeFiles/CMakeScratch/TryCompile-0twgwD/CMakeLists.txt:5 (project)


-- Performing Test HAVE_LIBATOMIC - Success
-- Looking for __android_log_print in log
CMake Deprecation Warning at /opt/hostedtoolcache/ndk/r27c/x64/build/cmake/android.toolchain.cmake:35 (cmake_minimum_required):
  Compatibility with CMake < 3.10 will be removed from a future version of
  CMake.

  Update the VERSION argument <min> value.  Or, use the <min>...<max> syntax
  to tell CMake that the project requires at least <min> but has been updated
  to work with policies introduced by <max> or earlier.
Call Stack (most recent call first):
  /home/runner/vcpkg/scripts/buildsystems/vcpkg.cmake:210 (include)
  /home/runner/work/zh-mobile/zh-mobile/build/android-arm64/CMakeFiles/3.31.6/CMakeSystem.cmake:6 (include)
  /home/runner/work/zh-mobile/zh-mobile/build/android-arm64/CMakeFiles/CMakeScratch/TryCompile-8Fj2Av/CMakeLists.txt:5 (project)


CMake Deprecation Warning at /opt/hostedtoolcache/ndk/r27c/x64/build/cmake/android-legacy.toolchain.cmake:35 (cmake_minimum_required):
  Compatibility with CMake < 3.10 will be removed from a future version of
  CMake.

  Update the VERSION argument <min> value.  Or, use the <min>...<max> syntax
  to tell CMake that the project requires at least <min> but has been updated
  to work with policies introduced by <max> or earlier.
Call Stack (most recent call first):
  /opt/hostedtoolcache/ndk/r27c/x64/build/cmake/android.toolchain.cmake:55 (include)
  /home/runner/vcpkg/scripts/buildsystems/vcpkg.cmake:210 (include)
  /home/runner/work/zh-mobile/zh-mobile/build/android-arm64/CMakeFiles/3.31.6/CMakeSystem.cmake:6 (include)
  /home/runner/work/zh-mobile/zh-mobile/build/android-arm64/CMakeFiles/CMakeScratch/TryCompile-8Fj2Av/CMakeLists.txt:5 (project)


CMake Deprecation Warning at /opt/hostedtoolcache/ndk/r27c/x64/build/cmake/flags.cmake:18 (cmake_minimum_required):
  Compatibility with CMake < 3.10 will be removed from a future version of
  CMake.

  Update the VERSION argument <min> value.  Or, use the <min>...<max> syntax
  to tell CMake that the project requires at least <min> but has been updated
  to work with policies introduced by <max> or earlier.
Call Stack (most recent call first):
  /usr/local/share/cmake-3.31/Modules/Platform/Android-Clang.cmake:23 (include)
  /usr/local/share/cmake-3.31/Modules/Platform/Android-Clang-C.cmake:1 (include)
  /usr/local/share/cmake-3.31/Modules/CMakeCInformation.cmake:48 (include)
  /home/runner/work/zh-mobile/zh-mobile/build/android-arm64/CMakeFiles/CMakeScratch/TryCompile-8Fj2Av/CMakeLists.txt:5 (project)


-- Looking for __android_log_print in log - found
-- Performing Test HAVE_WNO_CXX20_ATTR_EXT
CMake Deprecation Warning at /opt/hostedtoolcache/ndk/r27c/x64/build/cmake/android.toolchain.cmake:35 (cmake_minimum_required):
  Compatibility with CMake < 3.10 will be removed from a future version of
  CMake.

  Update the VERSION argument <min> value.  Or, use the <min>...<max> syntax
  to tell CMake that the project requires at least <min> but has been updated
  to work with policies introduced by <max> or earlier.
Call Stack (most recent call first):
  /home/runner/vcpkg/scripts/buildsystems/vcpkg.cmake:210 (include)
  /home/runner/work/zh-mobile/zh-mobile/build/android-arm64/CMakeFiles/3.31.6/CMakeSystem.cmake:6 (include)
  /home/runner/work/zh-mobile/zh-mobile/build/android-arm64/CMakeFiles/CMakeScratch/TryCompile-NPGzX7/CMakeLists.txt:5 (project)


CMake Deprecation Warning at /opt/hostedtoolcache/ndk/r27c/x64/build/cmake/android-legacy.toolchain.cmake:35 (cmake_minimum_required):
  Compatibility with CMake < 3.10 will be removed from a future version of
  CMake.

  Update the VERSION argument <min> value.  Or, use the <min>...<max> syntax
  to tell CMake that the project requires at least <min> but has been updated
  to work with policies introduced by <max> or earlier.
Call Stack (most recent call first):
  /opt/hostedtoolcache/ndk/r27c/x64/build/cmake/android.toolchain.cmake:55 (include)
  /home/runner/vcpkg/scripts/buildsystems/vcpkg.cmake:210 (include)
  /home/runner/work/zh-mobile/zh-mobile/build/android-arm64/CMakeFiles/3.31.6/CMakeSystem.cmake:6 (include)
  /home/runner/work/zh-mobile/zh-mobile/build/android-arm64/CMakeFiles/CMakeScratch/TryCompile-NPGzX7/CMakeLists.txt:5 (project)


CMake Deprecation Warning at /opt/hostedtoolcache/ndk/r27c/x64/build/cmake/flags.cmake:18 (cmake_minimum_required):
  Compatibility with CMake < 3.10 will be removed from a future version of
  CMake.

  Update the VERSION argument <min> value.  Or, use the <min>...<max> syntax
  to tell CMake that the project requires at least <min> but has been updated
  to work with policies introduced by <max> or earlier.
Call Stack (most recent call first):
  /usr/local/share/cmake-3.31/Modules/Platform/Android-Clang.cmake:23 (include)
  /usr/local/share/cmake-3.31/Modules/Platform/Android-Clang-CXX.cmake:1 (include)
  /usr/local/share/cmake-3.31/Modules/CMakeCXXInformation.cmake:48 (include)
  /home/runner/work/zh-mobile/zh-mobile/build/android-arm64/CMakeFiles/CMakeScratch/TryCompile-NPGzX7/CMakeLists.txt:5 (project)


-- Performing Test HAVE_WNO_CXX20_ATTR_EXT - Success
-- Performing Test HAVE_WNO_INTERFERENCE_SIZE
CMake Deprecation Warning at /opt/hostedtoolcache/ndk/r27c/x64/build/cmake/android.toolchain.cmake:35 (cmake_minimum_required):
  Compatibility with CMake < 3.10 will be removed from a future version of
  CMake.

  Update the VERSION argument <min> value.  Or, use the <min>...<max> syntax
  to tell CMake that the project requires at least <min> but has been updated
  to work with policies introduced by <max> or earlier.
Call Stack (most recent call first):
  /home/runner/vcpkg/scripts/buildsystems/vcpkg.cmake:210 (include)
  /home/runner/work/zh-mobile/zh-mobile/build/android-arm64/CMakeFiles/3.31.6/CMakeSystem.cmake:6 (include)
  /home/runner/work/zh-mobile/zh-mobile/build/android-arm64/CMakeFiles/CMakeScratch/TryCompile-ZnWyxy/CMakeLists.txt:5 (project)


CMake Deprecation Warning at /opt/hostedtoolcache/ndk/r27c/x64/build/cmake/android-legacy.toolchain.cmake:35 (cmake_minimum_required):
  Compatibility with CMake < 3.10 will be removed from a future version of
  CMake.

  Update the VERSION argument <min> value.  Or, use the <min>...<max> syntax
  to tell CMake that the project requires at least <min> but has been updated
  to work with policies introduced by <max> or earlier.
Call Stack (most recent call first):
  /opt/hostedtoolcache/ndk/r27c/x64/build/cmake/android.toolchain.cmake:55 (include)
  /home/runner/vcpkg/scripts/buildsystems/vcpkg.cmake:210 (include)
  /home/runner/work/zh-mobile/zh-mobile/build/android-arm64/CMakeFiles/3.31.6/CMakeSystem.cmake:6 (include)
  /home/runner/work/zh-mobile/zh-mobile/build/android-arm64/CMakeFiles/CMakeScratch/TryCompile-ZnWyxy/CMakeLists.txt:5 (project)


CMake Deprecation Warning at /opt/hostedtoolcache/ndk/r27c/x64/build/cmake/flags.cmake:18 (cmake_minimum_required):
  Compatibility with CMake < 3.10 will be removed from a future version of
  CMake.

  Update the VERSION argument <min> value.  Or, use the <min>...<max> syntax
  to tell CMake that the project requires at least <min> but has been updated
  to work with policies introduced by <max> or earlier.
Call Stack (most recent call first):
  /usr/local/share/cmake-3.31/Modules/Platform/Android-Clang.cmake:23 (include)
  /usr/local/share/cmake-3.31/Modules/Platform/Android-Clang-CXX.cmake:1 (include)
  /usr/local/share/cmake-3.31/Modules/CMakeCXXInformation.cmake:48 (include)
  /home/runner/work/zh-mobile/zh-mobile/build/android-arm64/CMakeFiles/CMakeScratch/TryCompile-ZnWyxy/CMakeLists.txt:5 (project)


-- Performing Test HAVE_WNO_INTERFERENCE_SIZE - Failed
-- Performing Test HAVE_FTRIVIAL_AUTO_VAR_INIT
CMake Deprecation Warning at /opt/hostedtoolcache/ndk/r27c/x64/build/cmake/android.toolchain.cmake:35 (cmake_minimum_required):
  Compatibility with CMake < 3.10 will be removed from a future version of
  CMake.

  Update the VERSION argument <min> value.  Or, use the <min>...<max> syntax
  to tell CMake that the project requires at least <min> but has been updated
  to work with policies introduced by <max> or earlier.
Call Stack (most recent call first):
  /home/runner/vcpkg/scripts/buildsystems/vcpkg.cmake:210 (include)
  /home/runner/work/zh-mobile/zh-mobile/build/android-arm64/CMakeFiles/3.31.6/CMakeSystem.cmake:6 (include)
  /home/runner/work/zh-mobile/zh-mobile/build/android-arm64/CMakeFiles/CMakeScratch/TryCompile-4x3jQe/CMakeLists.txt:5 (project)


CMake Deprecation Warning at /opt/hostedtoolcache/ndk/r27c/x64/build/cmake/android-legacy.toolchain.cmake:35 (cmake_minimum_required):
  Compatibility with CMake < 3.10 will be removed from a future version of
  CMake.

  Update the VERSION argument <min> value.  Or, use the <min>...<max> syntax
  to tell CMake that the project requires at least <min> but has been updated
  to work with policies introduced by <max> or earlier.
Call Stack (most recent call first):
  /opt/hostedtoolcache/ndk/r27c/x64/build/cmake/android.toolchain.cmake:55 (include)
  /home/runner/vcpkg/scripts/buildsystems/vcpkg.cmake:210 (include)
  /home/runner/work/zh-mobile/zh-mobile/build/android-arm64/CMakeFiles/3.31.6/CMakeSystem.cmake:6 (include)
  /home/runner/work/zh-mobile/zh-mobile/build/android-arm64/CMakeFiles/CMakeScratch/TryCompile-4x3jQe/CMakeLists.txt:5 (project)


CMake Deprecation Warning at /opt/hostedtoolcache/ndk/r27c/x64/build/cmake/flags.cmake:18 (cmake_minimum_required):
  Compatibility with CMake < 3.10 will be removed from a future version of
  CMake.

  Update the VERSION argument <min> value.  Or, use the <min>...<max> syntax
  to tell CMake that the project requires at least <min> but has been updated
  to work with policies introduced by <max> or earlier.
Call Stack (most recent call first):
  /usr/local/share/cmake-3.31/Modules/Platform/Android-Clang.cmake:23 (include)
  /usr/local/share/cmake-3.31/Modules/Platform/Android-Clang-C.cmake:1 (include)
  /usr/local/share/cmake-3.31/Modules/CMakeCInformation.cmake:48 (include)
  /home/runner/work/zh-mobile/zh-mobile/build/android-arm64/CMakeFiles/CMakeScratch/TryCompile-4x3jQe/CMakeLists.txt:5 (project)


-- Performing Test HAVE_FTRIVIAL_AUTO_VAR_INIT - Success
-- Performing Test HAVE_FNO_MATH_ERRNO
CMake Deprecation Warning at /opt/hostedtoolcache/ndk/r27c/x64/build/cmake/android.toolchain.cmake:35 (cmake_minimum_required):
  Compatibility with CMake < 3.10 will be removed from a future version of
  CMake.

  Update the VERSION argument <min> value.  Or, use the <min>...<max> syntax
  to tell CMake that the project requires at least <min> but has been updated
  to work with policies introduced by <max> or earlier.
Call Stack (most recent call first):
  /home/runner/vcpkg/scripts/buildsystems/vcpkg.cmake:210 (include)
  /home/runner/work/zh-mobile/zh-mobile/build/android-arm64/CMakeFiles/3.31.6/CMakeSystem.cmake:6 (include)
  /home/runner/work/zh-mobile/zh-mobile/build/android-arm64/CMakeFiles/CMakeScratch/TryCompile-0znWkp/CMakeLists.txt:5 (project)


CMake Deprecation Warning at /opt/hostedtoolcache/ndk/r27c/x64/build/cmake/android-legacy.toolchain.cmake:35 (cmake_minimum_required):
  Compatibility with CMake < 3.10 will be removed from a future version of
  CMake.

  Update the VERSION argument <min> value.  Or, use the <min>...<max> syntax
  to tell CMake that the project requires at least <min> but has been updated
  to work with policies introduced by <max> or earlier.
Call Stack (most recent call first):
  /opt/hostedtoolcache/ndk/r27c/x64/build/cmake/android.toolchain.cmake:55 (include)
  /home/runner/vcpkg/scripts/buildsystems/vcpkg.cmake:210 (include)
  /home/runner/work/zh-mobile/zh-mobile/build/android-arm64/CMakeFiles/3.31.6/CMakeSystem.cmake:6 (include)
  /home/runner/work/zh-mobile/zh-mobile/build/android-arm64/CMakeFiles/CMakeScratch/TryCompile-0znWkp/CMakeLists.txt:5 (project)


CMake Deprecation Warning at /opt/hostedtoolcache/ndk/r27c/x64/build/cmake/flags.cmake:18 (cmake_minimum_required):
  Compatibility with CMake < 3.10 will be removed from a future version of
  CMake.

  Update the VERSION argument <min> value.  Or, use the <min>...<max> syntax
  to tell CMake that the project requires at least <min> but has been updated
  to work with policies introduced by <max> or earlier.
Call Stack (most recent call first):
  /usr/local/share/cmake-3.31/Modules/Platform/Android-Clang.cmake:23 (include)
  /usr/local/share/cmake-3.31/Modules/Platform/Android-Clang-C.cmake:1 (include)
  /usr/local/share/cmake-3.31/Modules/CMakeCInformation.cmake:48 (include)
  /home/runner/work/zh-mobile/zh-mobile/build/android-arm64/CMakeFiles/CMakeScratch/TryCompile-0znWkp/CMakeLists.txt:5 (project)


-- Performing Test HAVE_FNO_MATH_ERRNO - Success
-- Performing Test HAVE_GCC_PROTECTED_VISIBILITY
CMake Deprecation Warning at /opt/hostedtoolcache/ndk/r27c/x64/build/cmake/android.toolchain.cmake:35 (cmake_minimum_required):
  Compatibility with CMake < 3.10 will be removed from a future version of
  CMake.

  Update the VERSION argument <min> value.  Or, use the <min>...<max> syntax
  to tell CMake that the project requires at least <min> but has been updated
  to work with policies introduced by <max> or earlier.
Call Stack (most recent call first):
  /home/runner/vcpkg/scripts/buildsystems/vcpkg.cmake:210 (include)
  /home/runner/work/zh-mobile/zh-mobile/build/android-arm64/CMakeFiles/3.31.6/CMakeSystem.cmake:6 (include)
  /home/runner/work/zh-mobile/zh-mobile/build/android-arm64/CMakeFiles/CMakeScratch/TryCompile-8c4e2e/CMakeLists.txt:5 (project)


CMake Deprecation Warning at /opt/hostedtoolcache/ndk/r27c/x64/build/cmake/android-legacy.toolchain.cmake:35 (cmake_minimum_required):
  Compatibility with CMake < 3.10 will be removed from a future version of
  CMake.

  Update the VERSION argument <min> value.  Or, use the <min>...<max> syntax
  to tell CMake that the project requires at least <min> but has been updated
  to work with policies introduced by <max> or earlier.
Call Stack (most recent call first):
  /opt/hostedtoolcache/ndk/r27c/x64/build/cmake/android.toolchain.cmake:55 (include)
  /home/runner/vcpkg/scripts/buildsystems/vcpkg.cmake:210 (include)
  /home/runner/work/zh-mobile/zh-mobile/build/android-arm64/CMakeFiles/3.31.6/CMakeSystem.cmake:6 (include)
  /home/runner/work/zh-mobile/zh-mobile/build/android-arm64/CMakeFiles/CMakeScratch/TryCompile-8c4e2e/CMakeLists.txt:5 (project)


CMake Deprecation Warning at /opt/hostedtoolcache/ndk/r27c/x64/build/cmake/flags.cmake:18 (cmake_minimum_required):
  Compatibility with CMake < 3.10 will be removed from a future version of
  CMake.

  Update the VERSION argument <min> value.  Or, use the <min>...<max> syntax
  to tell CMake that the project requires at least <min> but has been updated
  to work with policies introduced by <max> or earlier.
Call Stack (most recent call first):
  /usr/local/share/cmake-3.31/Modules/Platform/Android-Clang.cmake:23 (include)
  /usr/local/share/cmake-3.31/Modules/Platform/Android-Clang-C.cmake:1 (include)
  /usr/local/share/cmake-3.31/Modules/CMakeCInformation.cmake:48 (include)
  /home/runner/work/zh-mobile/zh-mobile/build/android-arm64/CMakeFiles/CMakeScratch/TryCompile-8c4e2e/CMakeLists.txt:5 (project)


-- Performing Test HAVE_GCC_PROTECTED_VISIBILITY - Success
-- Performing Test HAVE_MSSE2_SWITCH
CMake Deprecation Warning at /opt/hostedtoolcache/ndk/r27c/x64/build/cmake/android.toolchain.cmake:35 (cmake_minimum_required):
  Compatibility with CMake < 3.10 will be removed from a future version of
  CMake.

  Update the VERSION argument <min> value.  Or, use the <min>...<max> syntax
  to tell CMake that the project requires at least <min> but has been updated
  to work with policies introduced by <max> or earlier.
Call Stack (most recent call first):
  /home/runner/vcpkg/scripts/buildsystems/vcpkg.cmake:210 (include)
  /home/runner/work/zh-mobile/zh-mobile/build/android-arm64/CMakeFiles/3.31.6/CMakeSystem.cmake:6 (include)
  /home/runner/work/zh-mobile/zh-mobile/build/android-arm64/CMakeFiles/CMakeScratch/TryCompile-RIyEMG/CMakeLists.txt:5 (project)


CMake Deprecation Warning at /opt/hostedtoolcache/ndk/r27c/x64/build/cmake/android-legacy.toolchain.cmake:35 (cmake_minimum_required):
  Compatibility with CMake < 3.10 will be removed from a future version of
  CMake.

  Update the VERSION argument <min> value.  Or, use the <min>...<max> syntax
  to tell CMake that the project requires at least <min> but has been updated
  to work with policies introduced by <max> or earlier.
Call Stack (most recent call first):
  /opt/hostedtoolcache/ndk/r27c/x64/build/cmake/android.toolchain.cmake:55 (include)
  /home/runner/vcpkg/scripts/buildsystems/vcpkg.cmake:210 (include)
  /home/runner/work/zh-mobile/zh-mobile/build/android-arm64/CMakeFiles/3.31.6/CMakeSystem.cmake:6 (include)
  /home/runner/work/zh-mobile/zh-mobile/build/android-arm64/CMakeFiles/CMakeScratch/TryCompile-RIyEMG/CMakeLists.txt:5 (project)


CMake Deprecation Warning at /opt/hostedtoolcache/ndk/r27c/x64/build/cmake/flags.cmake:18 (cmake_minimum_required):
  Compatibility with CMake < 3.10 will be removed from a future version of
  CMake.

  Update the VERSION argument <min> value.  Or, use the <min>...<max> syntax
  to tell CMake that the project requires at least <min> but has been updated
  to work with policies introduced by <max> or earlier.
Call Stack (most recent call first):
  /usr/local/share/cmake-3.31/Modules/Platform/Android-Clang.cmake:23 (include)
  /usr/local/share/cmake-3.31/Modules/Platform/Android-Clang-C.cmake:1 (include)
  /usr/local/share/cmake-3.31/Modules/CMakeCInformation.cmake:48 (include)
  /home/runner/work/zh-mobile/zh-mobile/build/android-arm64/CMakeFiles/CMakeScratch/TryCompile-RIyEMG/CMakeLists.txt:5 (project)


-- Performing Test HAVE_MSSE2_SWITCH - Failed
-- Looking for xmmintrin.h
CMake Deprecation Warning at /opt/hostedtoolcache/ndk/r27c/x64/build/cmake/android.toolchain.cmake:35 (cmake_minimum_required):
  Compatibility with CMake < 3.10 will be removed from a future version of
  CMake.

  Update the VERSION argument <min> value.  Or, use the <min>...<max> syntax
  to tell CMake that the project requires at least <min> but has been updated
  to work with policies introduced by <max> or earlier.
Call Stack (most recent call first):
  /home/runner/vcpkg/scripts/buildsystems/vcpkg.cmake:210 (include)
  /home/runner/work/zh-mobile/zh-mobile/build/android-arm64/CMakeFiles/3.31.6/CMakeSystem.cmake:6 (include)
  /home/runner/work/zh-mobile/zh-mobile/build/android-arm64/CMakeFiles/CMakeScratch/TryCompile-lMhkyE/CMakeLists.txt:5 (project)


CMake Deprecation Warning at /opt/hostedtoolcache/ndk/r27c/x64/build/cmake/android-legacy.toolchain.cmake:35 (cmake_minimum_required):
  Compatibility with CMake < 3.10 will be removed from a future version of
  CMake.

  Update the VERSION argument <min> value.  Or, use the <min>...<max> syntax
  to tell CMake that the project requires at least <min> but has been updated
  to work with policies introduced by <max> or earlier.
Call Stack (most recent call first):
  /opt/hostedtoolcache/ndk/r27c/x64/build/cmake/android.toolchain.cmake:55 (include)
  /home/runner/vcpkg/scripts/buildsystems/vcpkg.cmake:210 (include)
  /home/runner/work/zh-mobile/zh-mobile/build/android-arm64/CMakeFiles/3.31.6/CMakeSystem.cmake:6 (include)
  /home/runner/work/zh-mobile/zh-mobile/build/android-arm64/CMakeFiles/CMakeScratch/TryCompile-lMhkyE/CMakeLists.txt:5 (project)


CMake Deprecation Warning at /opt/hostedtoolcache/ndk/r27c/x64/build/cmake/flags.cmake:18 (cmake_minimum_required):
  Compatibility with CMake < 3.10 will be removed from a future version of
  CMake.

  Update the VERSION argument <min> value.  Or, use the <min>...<max> syntax
  to tell CMake that the project requires at least <min> but has been updated
  to work with policies introduced by <max> or earlier.
Call Stack (most recent call first):
  /usr/local/share/cmake-3.31/Modules/Platform/Android-Clang.cmake:23 (include)
  /usr/local/share/cmake-3.31/Modules/Platform/Android-Clang-C.cmake:1 (include)
  /usr/local/share/cmake-3.31/Modules/CMakeCInformation.cmake:48 (include)
  /home/runner/work/zh-mobile/zh-mobile/build/android-arm64/CMakeFiles/CMakeScratch/TryCompile-lMhkyE/CMakeLists.txt:5 (project)


-- Looking for xmmintrin.h - not found
-- Looking for emmintrin.h
CMake Deprecation Warning at /opt/hostedtoolcache/ndk/r27c/x64/build/cmake/android.toolchain.cmake:35 (cmake_minimum_required):
  Compatibility with CMake < 3.10 will be removed from a future version of
  CMake.

  Update the VERSION argument <min> value.  Or, use the <min>...<max> syntax
  to tell CMake that the project requires at least <min> but has been updated
  to work with policies introduced by <max> or earlier.
Call Stack (most recent call first):
  /home/runner/vcpkg/scripts/buildsystems/vcpkg.cmake:210 (include)
  /home/runner/work/zh-mobile/zh-mobile/build/android-arm64/CMakeFiles/3.31.6/CMakeSystem.cmake:6 (include)
  /home/runner/work/zh-mobile/zh-mobile/build/android-arm64/CMakeFiles/CMakeScratch/TryCompile-dIWjko/CMakeLists.txt:5 (project)


CMake Deprecation Warning at /opt/hostedtoolcache/ndk/r27c/x64/build/cmake/android-legacy.toolchain.cmake:35 (cmake_minimum_required):
  Compatibility with CMake < 3.10 will be removed from a future version of
  CMake.

  Update the VERSION argument <min> value.  Or, use the <min>...<max> syntax
  to tell CMake that the project requires at least <min> but has been updated
  to work with policies introduced by <max> or earlier.
Call Stack (most recent call first):
  /opt/hostedtoolcache/ndk/r27c/x64/build/cmake/android.toolchain.cmake:55 (include)
  /home/runner/vcpkg/scripts/buildsystems/vcpkg.cmake:210 (include)
  /home/runner/work/zh-mobile/zh-mobile/build/android-arm64/CMakeFiles/3.31.6/CMakeSystem.cmake:6 (include)
  /home/runner/work/zh-mobile/zh-mobile/build/android-arm64/CMakeFiles/CMakeScratch/TryCompile-dIWjko/CMakeLists.txt:5 (project)


CMake Deprecation Warning at /opt/hostedtoolcache/ndk/r27c/x64/build/cmake/flags.cmake:18 (cmake_minimum_required):
  Compatibility with CMake < 3.10 will be removed from a future version of
  CMake.

  Update the VERSION argument <min> value.  Or, use the <min>...<max> syntax
  to tell CMake that the project requires at least <min> but has been updated
  to work with policies introduced by <max> or earlier.
Call Stack (most recent call first):
  /usr/local/share/cmake-3.31/Modules/Platform/Android-Clang.cmake:23 (include)
  /usr/local/share/cmake-3.31/Modules/Platform/Android-Clang-C.cmake:1 (include)
  /usr/local/share/cmake-3.31/Modules/CMakeCInformation.cmake:48 (include)
  /home/runner/work/zh-mobile/zh-mobile/build/android-arm64/CMakeFiles/CMakeScratch/TryCompile-dIWjko/CMakeLists.txt:5 (project)


-- Looking for emmintrin.h - not found
-- Looking for pmmintrin.h
CMake Deprecation Warning at /opt/hostedtoolcache/ndk/r27c/x64/build/cmake/android.toolchain.cmake:35 (cmake_minimum_required):
  Compatibility with CMake < 3.10 will be removed from a future version of
  CMake.

  Update the VERSION argument <min> value.  Or, use the <min>...<max> syntax
  to tell CMake that the project requires at least <min> but has been updated
  to work with policies introduced by <max> or earlier.
Call Stack (most recent call first):
  /home/runner/vcpkg/scripts/buildsystems/vcpkg.cmake:210 (include)
  /home/runner/work/zh-mobile/zh-mobile/build/android-arm64/CMakeFiles/3.31.6/CMakeSystem.cmake:6 (include)
  /home/runner/work/zh-mobile/zh-mobile/build/android-arm64/CMakeFiles/CMakeScratch/TryCompile-nX8cLd/CMakeLists.txt:5 (project)


CMake Deprecation Warning at /opt/hostedtoolcache/ndk/r27c/x64/build/cmake/android-legacy.toolchain.cmake:35 (cmake_minimum_required):
  Compatibility with CMake < 3.10 will be removed from a future version of
  CMake.

  Update the VERSION argument <min> value.  Or, use the <min>...<max> syntax
  to tell CMake that the project requires at least <min> but has been updated
  to work with policies introduced by <max> or earlier.
Call Stack (most recent call first):
  /opt/hostedtoolcache/ndk/r27c/x64/build/cmake/android.toolchain.cmake:55 (include)
  /home/runner/vcpkg/scripts/buildsystems/vcpkg.cmake:210 (include)
  /home/runner/work/zh-mobile/zh-mobile/build/android-arm64/CMakeFiles/3.31.6/CMakeSystem.cmake:6 (include)
  /home/runner/work/zh-mobile/zh-mobile/build/android-arm64/CMakeFiles/CMakeScratch/TryCompile-nX8cLd/CMakeLists.txt:5 (project)


CMake Deprecation Warning at /opt/hostedtoolcache/ndk/r27c/x64/build/cmake/flags.cmake:18 (cmake_minimum_required):
  Compatibility with CMake < 3.10 will be removed from a future version of
  CMake.

  Update the VERSION argument <min> value.  Or, use the <min>...<max> syntax
  to tell CMake that the project requires at least <min> but has been updated
  to work with policies introduced by <max> or earlier.
Call Stack (most recent call first):
  /usr/local/share/cmake-3.31/Modules/Platform/Android-Clang.cmake:23 (include)
  /usr/local/share/cmake-3.31/Modules/Platform/Android-Clang-C.cmake:1 (include)
  /usr/local/share/cmake-3.31/Modules/CMakeCInformation.cmake:48 (include)
  /home/runner/work/zh-mobile/zh-mobile/build/android-arm64/CMakeFiles/CMakeScratch/TryCompile-nX8cLd/CMakeLists.txt:5 (project)


-- Looking for pmmintrin.h - not found
-- Looking for smmintrin.h
CMake Deprecation Warning at /opt/hostedtoolcache/ndk/r27c/x64/build/cmake/android.toolchain.cmake:35 (cmake_minimum_required):
  Compatibility with CMake < 3.10 will be removed from a future version of
  CMake.

  Update the VERSION argument <min> value.  Or, use the <min>...<max> syntax
  to tell CMake that the project requires at least <min> but has been updated
  to work with policies introduced by <max> or earlier.
Call Stack (most recent call first):
  /home/runner/vcpkg/scripts/buildsystems/vcpkg.cmake:210 (include)
  /home/runner/work/zh-mobile/zh-mobile/build/android-arm64/CMakeFiles/3.31.6/CMakeSystem.cmake:6 (include)
  /home/runner/work/zh-mobile/zh-mobile/build/android-arm64/CMakeFiles/CMakeScratch/TryCompile-v4syv6/CMakeLists.txt:5 (project)


CMake Deprecation Warning at /opt/hostedtoolcache/ndk/r27c/x64/build/cmake/android-legacy.toolchain.cmake:35 (cmake_minimum_required):
  Compatibility with CMake < 3.10 will be removed from a future version of
  CMake.

  Update the VERSION argument <min> value.  Or, use the <min>...<max> syntax
  to tell CMake that the project requires at least <min> but has been updated
  to work with policies introduced by <max> or earlier.
Call Stack (most recent call first):
  /opt/hostedtoolcache/ndk/r27c/x64/build/cmake/android.toolchain.cmake:55 (include)
  /home/runner/vcpkg/scripts/buildsystems/vcpkg.cmake:210 (include)
  /home/runner/work/zh-mobile/zh-mobile/build/android-arm64/CMakeFiles/3.31.6/CMakeSystem.cmake:6 (include)
  /home/runner/work/zh-mobile/zh-mobile/build/android-arm64/CMakeFiles/CMakeScratch/TryCompile-v4syv6/CMakeLists.txt:5 (project)


CMake Deprecation Warning at /opt/hostedtoolcache/ndk/r27c/x64/build/cmake/flags.cmake:18 (cmake_minimum_required):
  Compatibility with CMake < 3.10 will be removed from a future version of
  CMake.

  Update the VERSION argument <min> value.  Or, use the <min>...<max> syntax
  to tell CMake that the project requires at least <min> but has been updated
  to work with policies introduced by <max> or earlier.
Call Stack (most recent call first):
  /usr/local/share/cmake-3.31/Modules/Platform/Android-Clang.cmake:23 (include)
  /usr/local/share/cmake-3.31/Modules/Platform/Android-Clang-C.cmake:1 (include)
  /usr/local/share/cmake-3.31/Modules/CMakeCInformation.cmake:48 (include)
  /home/runner/work/zh-mobile/zh-mobile/build/android-arm64/CMakeFiles/CMakeScratch/TryCompile-v4syv6/CMakeLists.txt:5 (project)


-- Looking for smmintrin.h - not found
-- Looking for arm_neon.h
CMake Deprecation Warning at /opt/hostedtoolcache/ndk/r27c/x64/build/cmake/android.toolchain.cmake:35 (cmake_minimum_required):
  Compatibility with CMake < 3.10 will be removed from a future version of
  CMake.

  Update the VERSION argument <min> value.  Or, use the <min>...<max> syntax
  to tell CMake that the project requires at least <min> but has been updated
  to work with policies introduced by <max> or earlier.
Call Stack (most recent call first):
  /home/runner/vcpkg/scripts/buildsystems/vcpkg.cmake:210 (include)
  /home/runner/work/zh-mobile/zh-mobile/build/android-arm64/CMakeFiles/3.31.6/CMakeSystem.cmake:6 (include)
  /home/runner/work/zh-mobile/zh-mobile/build/android-arm64/CMakeFiles/CMakeScratch/TryCompile-ufniUH/CMakeLists.txt:5 (project)


CMake Deprecation Warning at /opt/hostedtoolcache/ndk/r27c/x64/build/cmake/android-legacy.toolchain.cmake:35 (cmake_minimum_required):
  Compatibility with CMake < 3.10 will be removed from a future version of
  CMake.

  Update the VERSION argument <min> value.  Or, use the <min>...<max> syntax
  to tell CMake that the project requires at least <min> but has been updated
  to work with policies introduced by <max> or earlier.
Call Stack (most recent call first):
  /opt/hostedtoolcache/ndk/r27c/x64/build/cmake/android.toolchain.cmake:55 (include)
  /home/runner/vcpkg/scripts/buildsystems/vcpkg.cmake:210 (include)
  /home/runner/work/zh-mobile/zh-mobile/build/android-arm64/CMakeFiles/3.31.6/CMakeSystem.cmake:6 (include)
  /home/runner/work/zh-mobile/zh-mobile/build/android-arm64/CMakeFiles/CMakeScratch/TryCompile-ufniUH/CMakeLists.txt:5 (project)


CMake Deprecation Warning at /opt/hostedtoolcache/ndk/r27c/x64/build/cmake/flags.cmake:18 (cmake_minimum_required):
  Compatibility with CMake < 3.10 will be removed from a future version of
  CMake.

  Update the VERSION argument <min> value.  Or, use the <min>...<max> syntax
  to tell CMake that the project requires at least <min> but has been updated
  to work with policies introduced by <max> or earlier.
Call Stack (most recent call first):
  /usr/local/share/cmake-3.31/Modules/Platform/Android-Clang.cmake:23 (include)
  /usr/local/share/cmake-3.31/Modules/Platform/Android-Clang-C.cmake:1 (include)
  /usr/local/share/cmake-3.31/Modules/CMakeCInformation.cmake:48 (include)
  /home/runner/work/zh-mobile/zh-mobile/build/android-arm64/CMakeFiles/CMakeScratch/TryCompile-ufniUH/CMakeLists.txt:5 (project)


-- Looking for arm_neon.h - found
-- Performing Test HAVE_NEON_INTRINSICS
CMake Deprecation Warning at /opt/hostedtoolcache/ndk/r27c/x64/build/cmake/android.toolchain.cmake:35 (cmake_minimum_required):
  Compatibility with CMake < 3.10 will be removed from a future version of
  CMake.

  Update the VERSION argument <min> value.  Or, use the <min>...<max> syntax
  to tell CMake that the project requires at least <min> but has been updated
  to work with policies introduced by <max> or earlier.
Call Stack (most recent call first):
  /home/runner/vcpkg/scripts/buildsystems/vcpkg.cmake:210 (include)
  /home/runner/work/zh-mobile/zh-mobile/build/android-arm64/CMakeFiles/3.31.6/CMakeSystem.cmake:6 (include)
  /home/runner/work/zh-mobile/zh-mobile/build/android-arm64/CMakeFiles/CMakeScratch/TryCompile-p0VaKN/CMakeLists.txt:5 (project)


CMake Deprecation Warning at /opt/hostedtoolcache/ndk/r27c/x64/build/cmake/android-legacy.toolchain.cmake:35 (cmake_minimum_required):
  Compatibility with CMake < 3.10 will be removed from a future version of
  CMake.

  Update the VERSION argument <min> value.  Or, use the <min>...<max> syntax
  to tell CMake that the project requires at least <min> but has been updated
  to work with policies introduced by <max> or earlier.
Call Stack (most recent call first):
  /opt/hostedtoolcache/ndk/r27c/x64/build/cmake/android.toolchain.cmake:55 (include)
  /home/runner/vcpkg/scripts/buildsystems/vcpkg.cmake:210 (include)
  /home/runner/work/zh-mobile/zh-mobile/build/android-arm64/CMakeFiles/3.31.6/CMakeSystem.cmake:6 (include)
  /home/runner/work/zh-mobile/zh-mobile/build/android-arm64/CMakeFiles/CMakeScratch/TryCompile-p0VaKN/CMakeLists.txt:5 (project)


CMake Deprecation Warning at /opt/hostedtoolcache/ndk/r27c/x64/build/cmake/flags.cmake:18 (cmake_minimum_required):
  Compatibility with CMake < 3.10 will be removed from a future version of
  CMake.

  Update the VERSION argument <min> value.  Or, use the <min>...<max> syntax
  to tell CMake that the project requires at least <min> but has been updated
  to work with policies introduced by <max> or earlier.
Call Stack (most recent call first):
  /usr/local/share/cmake-3.31/Modules/Platform/Android-Clang.cmake:23 (include)
  /usr/local/share/cmake-3.31/Modules/Platform/Android-Clang-C.cmake:1 (include)
  /usr/local/share/cmake-3.31/Modules/CMakeCInformation.cmake:48 (include)
  /home/runner/work/zh-mobile/zh-mobile/build/android-arm64/CMakeFiles/CMakeScratch/TryCompile-p0VaKN/CMakeLists.txt:5 (project)


-- Performing Test HAVE_NEON_INTRINSICS - Success
-- Looking for cpuid.h
CMake Deprecation Warning at /opt/hostedtoolcache/ndk/r27c/x64/build/cmake/android.toolchain.cmake:35 (cmake_minimum_required):
  Compatibility with CMake < 3.10 will be removed from a future version of
  CMake.

  Update the VERSION argument <min> value.  Or, use the <min>...<max> syntax
  to tell CMake that the project requires at least <min> but has been updated
  to work with policies introduced by <max> or earlier.
Call Stack (most recent call first):
  /home/runner/vcpkg/scripts/buildsystems/vcpkg.cmake:210 (include)
  /home/runner/work/zh-mobile/zh-mobile/build/android-arm64/CMakeFiles/3.31.6/CMakeSystem.cmake:6 (include)
  /home/runner/work/zh-mobile/zh-mobile/build/android-arm64/CMakeFiles/CMakeScratch/TryCompile-9XhotQ/CMakeLists.txt:5 (project)


CMake Deprecation Warning at /opt/hostedtoolcache/ndk/r27c/x64/build/cmake/android-legacy.toolchain.cmake:35 (cmake_minimum_required):
  Compatibility with CMake < 3.10 will be removed from a future version of
  CMake.

  Update the VERSION argument <min> value.  Or, use the <min>...<max> syntax
  to tell CMake that the project requires at least <min> but has been updated
  to work with policies introduced by <max> or earlier.
Call Stack (most recent call first):
  /opt/hostedtoolcache/ndk/r27c/x64/build/cmake/android.toolchain.cmake:55 (include)
  /home/runner/vcpkg/scripts/buildsystems/vcpkg.cmake:210 (include)
  /home/runner/work/zh-mobile/zh-mobile/build/android-arm64/CMakeFiles/3.31.6/CMakeSystem.cmake:6 (include)
  /home/runner/work/zh-mobile/zh-mobile/build/android-arm64/CMakeFiles/CMakeScratch/TryCompile-9XhotQ/CMakeLists.txt:5 (project)


CMake Deprecation Warning at /opt/hostedtoolcache/ndk/r27c/x64/build/cmake/flags.cmake:18 (cmake_minimum_required):
  Compatibility with CMake < 3.10 will be removed from a future version of
  CMake.

  Update the VERSION argument <min> value.  Or, use the <min>...<max> syntax
  to tell CMake that the project requires at least <min> but has been updated
  to work with policies introduced by <max> or earlier.
Call Stack (most recent call first):
  /usr/local/share/cmake-3.31/Modules/Platform/Android-Clang.cmake:23 (include)
  /usr/local/share/cmake-3.31/Modules/Platform/Android-Clang-C.cmake:1 (include)
  /usr/local/share/cmake-3.31/Modules/CMakeCInformation.cmake:48 (include)
  /home/runner/work/zh-mobile/zh-mobile/build/android-arm64/CMakeFiles/CMakeScratch/TryCompile-9XhotQ/CMakeLists.txt:5 (project)


-- Looking for cpuid.h - not found
-- Looking for intrin.h
CMake Deprecation Warning at /opt/hostedtoolcache/ndk/r27c/x64/build/cmake/android.toolchain.cmake:35 (cmake_minimum_required):
  Compatibility with CMake < 3.10 will be removed from a future version of
  CMake.

  Update the VERSION argument <min> value.  Or, use the <min>...<max> syntax
  to tell CMake that the project requires at least <min> but has been updated
  to work with policies introduced by <max> or earlier.
Call Stack (most recent call first):
  /home/runner/vcpkg/scripts/buildsystems/vcpkg.cmake:210 (include)
  /home/runner/work/zh-mobile/zh-mobile/build/android-arm64/CMakeFiles/3.31.6/CMakeSystem.cmake:6 (include)
  /home/runner/work/zh-mobile/zh-mobile/build/android-arm64/CMakeFiles/CMakeScratch/TryCompile-za0CRm/CMakeLists.txt:5 (project)


CMake Deprecation Warning at /opt/hostedtoolcache/ndk/r27c/x64/build/cmake/android-legacy.toolchain.cmake:35 (cmake_minimum_required):
  Compatibility with CMake < 3.10 will be removed from a future version of
  CMake.

  Update the VERSION argument <min> value.  Or, use the <min>...<max> syntax
  to tell CMake that the project requires at least <min> but has been updated
  to work with policies introduced by <max> or earlier.
Call Stack (most recent call first):
  /opt/hostedtoolcache/ndk/r27c/x64/build/cmake/android.toolchain.cmake:55 (include)
  /home/runner/vcpkg/scripts/buildsystems/vcpkg.cmake:210 (include)
  /home/runner/work/zh-mobile/zh-mobile/build/android-arm64/CMakeFiles/3.31.6/CMakeSystem.cmake:6 (include)
  /home/runner/work/zh-mobile/zh-mobile/build/android-arm64/CMakeFiles/CMakeScratch/TryCompile-za0CRm/CMakeLists.txt:5 (project)


CMake Deprecation Warning at /opt/hostedtoolcache/ndk/r27c/x64/build/cmake/flags.cmake:18 (cmake_minimum_required):
  Compatibility with CMake < 3.10 will be removed from a future version of
  CMake.

  Update the VERSION argument <min> value.  Or, use the <min>...<max> syntax
  to tell CMake that the project requires at least <min> but has been updated
  to work with policies introduced by <max> or earlier.
Call Stack (most recent call first):
  /usr/local/share/cmake-3.31/Modules/Platform/Android-Clang.cmake:23 (include)
  /usr/local/share/cmake-3.31/Modules/Platform/Android-Clang-C.cmake:1 (include)
  /usr/local/share/cmake-3.31/Modules/CMakeCInformation.cmake:48 (include)
  /home/runner/work/zh-mobile/zh-mobile/build/android-arm64/CMakeFiles/CMakeScratch/TryCompile-za0CRm/CMakeLists.txt:5 (project)


-- Looking for intrin.h - not found
-- Looking for guiddef.h
CMake Deprecation Warning at /opt/hostedtoolcache/ndk/r27c/x64/build/cmake/android.toolchain.cmake:35 (cmake_minimum_required):
  Compatibility with CMake < 3.10 will be removed from a future version of
  CMake.

  Update the VERSION argument <min> value.  Or, use the <min>...<max> syntax
  to tell CMake that the project requires at least <min> but has been updated
  to work with policies introduced by <max> or earlier.
Call Stack (most recent call first):
  /home/runner/vcpkg/scripts/buildsystems/vcpkg.cmake:210 (include)
  /home/runner/work/zh-mobile/zh-mobile/build/android-arm64/CMakeFiles/3.31.6/CMakeSystem.cmake:6 (include)
  /home/runner/work/zh-mobile/zh-mobile/build/android-arm64/CMakeFiles/CMakeScratch/TryCompile-NSPIlt/CMakeLists.txt:5 (project)


CMake Deprecation Warning at /opt/hostedtoolcache/ndk/r27c/x64/build/cmake/android-legacy.toolchain.cmake:35 (cmake_minimum_required):
  Compatibility with CMake < 3.10 will be removed from a future version of
  CMake.

  Update the VERSION argument <min> value.  Or, use the <min>...<max> syntax
  to tell CMake that the project requires at least <min> but has been updated
  to work with policies introduced by <max> or earlier.
Call Stack (most recent call first):
  /opt/hostedtoolcache/ndk/r27c/x64/build/cmake/android.toolchain.cmake:55 (include)
  /home/runner/vcpkg/scripts/buildsystems/vcpkg.cmake:210 (include)
  /home/runner/work/zh-mobile/zh-mobile/build/android-arm64/CMakeFiles/3.31.6/CMakeSystem.cmake:6 (include)
  /home/runner/work/zh-mobile/zh-mobile/build/android-arm64/CMakeFiles/CMakeScratch/TryCompile-NSPIlt/CMakeLists.txt:5 (project)


CMake Deprecation Warning at /opt/hostedtoolcache/ndk/r27c/x64/build/cmake/flags.cmake:18 (cmake_minimum_required):
  Compatibility with CMake < 3.10 will be removed from a future version of
  CMake.

  Update the VERSION argument <min> value.  Or, use the <min>...<max> syntax
  to tell CMake that the project requires at least <min> but has been updated
  to work with policies introduced by <max> or earlier.
Call Stack (most recent call first):
  /usr/local/share/cmake-3.31/Modules/Platform/Android-Clang.cmake:23 (include)
  /usr/local/share/cmake-3.31/Modules/Platform/Android-Clang-C.cmake:1 (include)
  /usr/local/share/cmake-3.31/Modules/CMakeCInformation.cmake:48 (include)
  /home/runner/work/zh-mobile/zh-mobile/build/android-arm64/CMakeFiles/CMakeScratch/TryCompile-NSPIlt/CMakeLists.txt:5 (project)


-- Looking for guiddef.h - not found
-- Looking for clock_gettime in rt
CMake Deprecation Warning at /opt/hostedtoolcache/ndk/r27c/x64/build/cmake/android.toolchain.cmake:35 (cmake_minimum_required):
  Compatibility with CMake < 3.10 will be removed from a future version of
  CMake.

  Update the VERSION argument <min> value.  Or, use the <min>...<max> syntax
  to tell CMake that the project requires at least <min> but has been updated
  to work with policies introduced by <max> or earlier.
Call Stack (most recent call first):
  /home/runner/vcpkg/scripts/buildsystems/vcpkg.cmake:210 (include)
  /home/runner/work/zh-mobile/zh-mobile/build/android-arm64/CMakeFiles/3.31.6/CMakeSystem.cmake:6 (include)
  /home/runner/work/zh-mobile/zh-mobile/build/android-arm64/CMakeFiles/CMakeScratch/TryCompile-inQKyM/CMakeLists.txt:5 (project)


CMake Deprecation Warning at /opt/hostedtoolcache/ndk/r27c/x64/build/cmake/android-legacy.toolchain.cmake:35 (cmake_minimum_required):
  Compatibility with CMake < 3.10 will be removed from a future version of
  CMake.

  Update the VERSION argument <min> value.  Or, use the <min>...<max> syntax
  to tell CMake that the project requires at least <min> but has been updated
  to work with policies introduced by <max> or earlier.
Call Stack (most recent call first):
  /opt/hostedtoolcache/ndk/r27c/x64/build/cmake/android.toolchain.cmake:55 (include)
  /home/runner/vcpkg/scripts/buildsystems/vcpkg.cmake:210 (include)
  /home/runner/work/zh-mobile/zh-mobile/build/android-arm64/CMakeFiles/3.31.6/CMakeSystem.cmake:6 (include)
  /home/runner/work/zh-mobile/zh-mobile/build/android-arm64/CMakeFiles/CMakeScratch/TryCompile-inQKyM/CMakeLists.txt:5 (project)


CMake Deprecation Warning at /opt/hostedtoolcache/ndk/r27c/x64/build/cmake/flags.cmake:18 (cmake_minimum_required):
  Compatibility with CMake < 3.10 will be removed from a future version of
  CMake.

  Update the VERSION argument <min> value.  Or, use the <min>...<max> syntax
  to tell CMake that the project requires at least <min> but has been updated
  to work with policies introduced by <max> or earlier.
Call Stack (most recent call first):
  /usr/local/share/cmake-3.31/Modules/Platform/Android-Clang.cmake:23 (include)
  /usr/local/share/cmake-3.31/Modules/Platform/Android-Clang-C.cmake:1 (include)
  /usr/local/share/cmake-3.31/Modules/CMakeCInformation.cmake:48 (include)
  /home/runner/work/zh-mobile/zh-mobile/build/android-arm64/CMakeFiles/CMakeScratch/TryCompile-inQKyM/CMakeLists.txt:5 (project)


-- Looking for clock_gettime in rt - not found
-- Looking for dlfcn.h
CMake Deprecation Warning at /opt/hostedtoolcache/ndk/r27c/x64/build/cmake/android.toolchain.cmake:35 (cmake_minimum_required):
  Compatibility with CMake < 3.10 will be removed from a future version of
  CMake.

  Update the VERSION argument <min> value.  Or, use the <min>...<max> syntax
  to tell CMake that the project requires at least <min> but has been updated
  to work with policies introduced by <max> or earlier.
Call Stack (most recent call first):
  /home/runner/vcpkg/scripts/buildsystems/vcpkg.cmake:210 (include)
  /home/runner/work/zh-mobile/zh-mobile/build/android-arm64/CMakeFiles/3.31.6/CMakeSystem.cmake:6 (include)
  /home/runner/work/zh-mobile/zh-mobile/build/android-arm64/CMakeFiles/CMakeScratch/TryCompile-uwtaov/CMakeLists.txt:5 (project)


CMake Deprecation Warning at /opt/hostedtoolcache/ndk/r27c/x64/build/cmake/android-legacy.toolchain.cmake:35 (cmake_minimum_required):
  Compatibility with CMake < 3.10 will be removed from a future version of
  CMake.

  Update the VERSION argument <min> value.  Or, use the <min>...<max> syntax
  to tell CMake that the project requires at least <min> but has been updated
  to work with policies introduced by <max> or earlier.
Call Stack (most recent call first):
  /opt/hostedtoolcache/ndk/r27c/x64/build/cmake/android.toolchain.cmake:55 (include)
  /home/runner/vcpkg/scripts/buildsystems/vcpkg.cmake:210 (include)
  /home/runner/work/zh-mobile/zh-mobile/build/android-arm64/CMakeFiles/3.31.6/CMakeSystem.cmake:6 (include)
  /home/runner/work/zh-mobile/zh-mobile/build/android-arm64/CMakeFiles/CMakeScratch/TryCompile-uwtaov/CMakeLists.txt:5 (project)


CMake Deprecation Warning at /opt/hostedtoolcache/ndk/r27c/x64/build/cmake/flags.cmake:18 (cmake_minimum_required):
  Compatibility with CMake < 3.10 will be removed from a future version of
  CMake.

  Update the VERSION argument <min> value.  Or, use the <min>...<max> syntax
  to tell CMake that the project requires at least <min> but has been updated
  to work with policies introduced by <max> or earlier.
Call Stack (most recent call first):
  /usr/local/share/cmake-3.31/Modules/Platform/Android-Clang.cmake:23 (include)
  /usr/local/share/cmake-3.31/Modules/Platform/Android-Clang-C.cmake:1 (include)
  /usr/local/share/cmake-3.31/Modules/CMakeCInformation.cmake:48 (include)
  /home/runner/work/zh-mobile/zh-mobile/build/android-arm64/CMakeFiles/CMakeScratch/TryCompile-uwtaov/CMakeLists.txt:5 (project)


-- Looking for dlfcn.h - found
-- Looking for dlopen in dl
CMake Deprecation Warning at /opt/hostedtoolcache/ndk/r27c/x64/build/cmake/android.toolchain.cmake:35 (cmake_minimum_required):
  Compatibility with CMake < 3.10 will be removed from a future version of
  CMake.

  Update the VERSION argument <min> value.  Or, use the <min>...<max> syntax
  to tell CMake that the project requires at least <min> but has been updated
  to work with policies introduced by <max> or earlier.
Call Stack (most recent call first):
  /home/runner/vcpkg/scripts/buildsystems/vcpkg.cmake:210 (include)
  /home/runner/work/zh-mobile/zh-mobile/build/android-arm64/CMakeFiles/3.31.6/CMakeSystem.cmake:6 (include)
  /home/runner/work/zh-mobile/zh-mobile/build/android-arm64/CMakeFiles/CMakeScratch/TryCompile-hWQjFl/CMakeLists.txt:5 (project)


CMake Deprecation Warning at /opt/hostedtoolcache/ndk/r27c/x64/build/cmake/android-legacy.toolchain.cmake:35 (cmake_minimum_required):
  Compatibility with CMake < 3.10 will be removed from a future version of
  CMake.

  Update the VERSION argument <min> value.  Or, use the <min>...<max> syntax
  to tell CMake that the project requires at least <min> but has been updated
  to work with policies introduced by <max> or earlier.
Call Stack (most recent call first):
  /opt/hostedtoolcache/ndk/r27c/x64/build/cmake/android.toolchain.cmake:55 (include)
  /home/runner/vcpkg/scripts/buildsystems/vcpkg.cmake:210 (include)
  /home/runner/work/zh-mobile/zh-mobile/build/android-arm64/CMakeFiles/3.31.6/CMakeSystem.cmake:6 (include)
  /home/runner/work/zh-mobile/zh-mobile/build/android-arm64/CMakeFiles/CMakeScratch/TryCompile-hWQjFl/CMakeLists.txt:5 (project)


CMake Deprecation Warning at /opt/hostedtoolcache/ndk/r27c/x64/build/cmake/flags.cmake:18 (cmake_minimum_required):
  Compatibility with CMake < 3.10 will be removed from a future version of
  CMake.

  Update the VERSION argument <min> value.  Or, use the <min>...<max> syntax
  to tell CMake that the project requires at least <min> but has been updated
  to work with policies introduced by <max> or earlier.
Call Stack (most recent call first):
  /usr/local/share/cmake-3.31/Modules/Platform/Android-Clang.cmake:23 (include)
  /usr/local/share/cmake-3.31/Modules/Platform/Android-Clang-C.cmake:1 (include)
  /usr/local/share/cmake-3.31/Modules/CMakeCInformation.cmake:48 (include)
  /home/runner/work/zh-mobile/zh-mobile/build/android-arm64/CMakeFiles/CMakeScratch/TryCompile-hWQjFl/CMakeLists.txt:5 (project)


-- Looking for dlopen in dl - found
-- Looking for proc_pidpath
CMake Deprecation Warning at /opt/hostedtoolcache/ndk/r27c/x64/build/cmake/android.toolchain.cmake:35 (cmake_minimum_required):
  Compatibility with CMake < 3.10 will be removed from a future version of
  CMake.

  Update the VERSION argument <min> value.  Or, use the <min>...<max> syntax
  to tell CMake that the project requires at least <min> but has been updated
  to work with policies introduced by <max> or earlier.
Call Stack (most recent call first):
  /home/runner/vcpkg/scripts/buildsystems/vcpkg.cmake:210 (include)
  /home/runner/work/zh-mobile/zh-mobile/build/android-arm64/CMakeFiles/3.31.6/CMakeSystem.cmake:6 (include)
  /home/runner/work/zh-mobile/zh-mobile/build/android-arm64/CMakeFiles/CMakeScratch/TryCompile-W85fJL/CMakeLists.txt:5 (project)


CMake Deprecation Warning at /opt/hostedtoolcache/ndk/r27c/x64/build/cmake/android-legacy.toolchain.cmake:35 (cmake_minimum_required):
  Compatibility with CMake < 3.10 will be removed from a future version of
  CMake.

  Update the VERSION argument <min> value.  Or, use the <min>...<max> syntax
  to tell CMake that the project requires at least <min> but has been updated
  to work with policies introduced by <max> or earlier.
Call Stack (most recent call first):
  /opt/hostedtoolcache/ndk/r27c/x64/build/cmake/android.toolchain.cmake:55 (include)
  /home/runner/vcpkg/scripts/buildsystems/vcpkg.cmake:210 (include)
  /home/runner/work/zh-mobile/zh-mobile/build/android-arm64/CMakeFiles/3.31.6/CMakeSystem.cmake:6 (include)
  /home/runner/work/zh-mobile/zh-mobile/build/android-arm64/CMakeFiles/CMakeScratch/TryCompile-W85fJL/CMakeLists.txt:5 (project)


CMake Deprecation Warning at /opt/hostedtoolcache/ndk/r27c/x64/build/cmake/flags.cmake:18 (cmake_minimum_required):
  Compatibility with CMake < 3.10 will be removed from a future version of
  CMake.

  Update the VERSION argument <min> value.  Or, use the <min>...<max> syntax
  to tell CMake that the project requires at least <min> but has been updated
  to work with policies introduced by <max> or earlier.
Call Stack (most recent call first):
  /usr/local/share/cmake-3.31/Modules/Platform/Android-Clang.cmake:23 (include)
  /usr/local/share/cmake-3.31/Modules/Platform/Android-Clang-C.cmake:1 (include)
  /usr/local/share/cmake-3.31/Modules/CMakeCInformation.cmake:48 (include)
  /home/runner/work/zh-mobile/zh-mobile/build/android-arm64/CMakeFiles/CMakeScratch/TryCompile-W85fJL/CMakeLists.txt:5 (project)


-- Looking for proc_pidpath - not found
-- Performing Test HAVE_PTHREAD
CMake Deprecation Warning at /opt/hostedtoolcache/ndk/r27c/x64/build/cmake/android.toolchain.cmake:35 (cmake_minimum_required):
  Compatibility with CMake < 3.10 will be removed from a future version of
  CMake.

  Update the VERSION argument <min> value.  Or, use the <min>...<max> syntax
  to tell CMake that the project requires at least <min> but has been updated
  to work with policies introduced by <max> or earlier.
Call Stack (most recent call first):
  /home/runner/vcpkg/scripts/buildsystems/vcpkg.cmake:210 (include)
  /home/runner/work/zh-mobile/zh-mobile/build/android-arm64/CMakeFiles/3.31.6/CMakeSystem.cmake:6 (include)
  /home/runner/work/zh-mobile/zh-mobile/build/android-arm64/CMakeFiles/CMakeScratch/TryCompile-msQbY2/CMakeLists.txt:5 (project)


CMake Deprecation Warning at /opt/hostedtoolcache/ndk/r27c/x64/build/cmake/android-legacy.toolchain.cmake:35 (cmake_minimum_required):
  Compatibility with CMake < 3.10 will be removed from a future version of
  CMake.

  Update the VERSION argument <min> value.  Or, use the <min>...<max> syntax
  to tell CMake that the project requires at least <min> but has been updated
  to work with policies introduced by <max> or earlier.
Call Stack (most recent call first):
  /opt/hostedtoolcache/ndk/r27c/x64/build/cmake/android.toolchain.cmake:55 (include)
  /home/runner/vcpkg/scripts/buildsystems/vcpkg.cmake:210 (include)
  /home/runner/work/zh-mobile/zh-mobile/build/android-arm64/CMakeFiles/3.31.6/CMakeSystem.cmake:6 (include)
  /home/runner/work/zh-mobile/zh-mobile/build/android-arm64/CMakeFiles/CMakeScratch/TryCompile-msQbY2/CMakeLists.txt:5 (project)


CMake Deprecation Warning at /opt/hostedtoolcache/ndk/r27c/x64/build/cmake/flags.cmake:18 (cmake_minimum_required):
  Compatibility with CMake < 3.10 will be removed from a future version of
  CMake.

  Update the VERSION argument <min> value.  Or, use the <min>...<max> syntax
  to tell CMake that the project requires at least <min> but has been updated
  to work with policies introduced by <max> or earlier.
Call Stack (most recent call first):
  /usr/local/share/cmake-3.31/Modules/Platform/Android-Clang.cmake:23 (include)
  /usr/local/share/cmake-3.31/Modules/Platform/Android-Clang-C.cmake:1 (include)
  /usr/local/share/cmake-3.31/Modules/CMakeCInformation.cmake:48 (include)
  /home/runner/work/zh-mobile/zh-mobile/build/android-arm64/CMakeFiles/CMakeScratch/TryCompile-msQbY2/CMakeLists.txt:5 (project)


-- Performing Test HAVE_PTHREAD - Success
-- Looking for pthread_setschedparam
CMake Deprecation Warning at /opt/hostedtoolcache/ndk/r27c/x64/build/cmake/android.toolchain.cmake:35 (cmake_minimum_required):
  Compatibility with CMake < 3.10 will be removed from a future version of
  CMake.

  Update the VERSION argument <min> value.  Or, use the <min>...<max> syntax
  to tell CMake that the project requires at least <min> but has been updated
  to work with policies introduced by <max> or earlier.
Call Stack (most recent call first):
  /home/runner/vcpkg/scripts/buildsystems/vcpkg.cmake:210 (include)
  /home/runner/work/zh-mobile/zh-mobile/build/android-arm64/CMakeFiles/3.31.6/CMakeSystem.cmake:6 (include)
  /home/runner/work/zh-mobile/zh-mobile/build/android-arm64/CMakeFiles/CMakeScratch/TryCompile-UTMXQ0/CMakeLists.txt:5 (project)


CMake Deprecation Warning at /opt/hostedtoolcache/ndk/r27c/x64/build/cmake/android-legacy.toolchain.cmake:35 (cmake_minimum_required):
  Compatibility with CMake < 3.10 will be removed from a future version of
  CMake.

  Update the VERSION argument <min> value.  Or, use the <min>...<max> syntax
  to tell CMake that the project requires at least <min> but has been updated
  to work with policies introduced by <max> or earlier.
Call Stack (most recent call first):
  /opt/hostedtoolcache/ndk/r27c/x64/build/cmake/android.toolchain.cmake:55 (include)
  /home/runner/vcpkg/scripts/buildsystems/vcpkg.cmake:210 (include)
  /home/runner/work/zh-mobile/zh-mobile/build/android-arm64/CMakeFiles/3.31.6/CMakeSystem.cmake:6 (include)
  /home/runner/work/zh-mobile/zh-mobile/build/android-arm64/CMakeFiles/CMakeScratch/TryCompile-UTMXQ0/CMakeLists.txt:5 (project)


CMake Deprecation Warning at /opt/hostedtoolcache/ndk/r27c/x64/build/cmake/flags.cmake:18 (cmake_minimum_required):
  Compatibility with CMake < 3.10 will be removed from a future version of
  CMake.

  Update the VERSION argument <min> value.  Or, use the <min>...<max> syntax
  to tell CMake that the project requires at least <min> but has been updated
  to work with policies introduced by <max> or earlier.
Call Stack (most recent call first):
  /usr/local/share/cmake-3.31/Modules/Platform/Android-Clang.cmake:23 (include)
  /usr/local/share/cmake-3.31/Modules/Platform/Android-Clang-C.cmake:1 (include)
  /usr/local/share/cmake-3.31/Modules/CMakeCInformation.cmake:48 (include)
  /home/runner/work/zh-mobile/zh-mobile/build/android-arm64/CMakeFiles/CMakeScratch/TryCompile-UTMXQ0/CMakeLists.txt:5 (project)


-- Looking for pthread_setschedparam - found
-- Checking for module 'dbus-1'
--   Package 'dbus-1', required by 'virtual:world', not found
-- Could NOT find DBus1 (missing: DBus1_INCLUDE_DIRS DBus1_LIBRARIES)
-- Checking for module 'libpipewire-0.3>=0.3.23'
--   Package 'libpipewire-0.3', required by 'virtual:world', not found
-- Could NOT find PulseAudio (missing: PULSEAUDIO_LIBRARY PULSEAUDIO_INCLUDE_DIR) 
-- Could NOT find ALSA (missing: ALSA_LIBRARY ALSA_INCLUDE_DIR) 
-- Could NOT find OSS (missing: OSS_INCLUDE_DIR) 
-- Could NOT find AudioIO (missing: AUDIOIO_INCLUDE_DIR) 
-- Could NOT find JACK (missing: JACK_LIBRARY JACK_INCLUDE_DIR) 
-- Could NOT find oboe (missing: oboe_DIR)
-- Could NOT find Oboe (missing: OBOE_LIBRARY OBOE_INCLUDE_DIR) 
-- Found OpenSL: /opt/hostedtoolcache/ndk/r27c/x64/toolchains/llvm/prebuilt/linux-x86_64/sysroot/usr/lib/aarch64-linux-android/29/libOpenSLES.so
-- Could NOT find PortAudio (missing: PORTAUDIO_LIBRARY PORTAUDIO_INCLUDE_DIR) 
-- Found Git: /bin/git (found version "2.55.0")
-- 
-- Building OpenAL with support for the following backends:
--     OpenSL, WaveFile, Null
-- 
-- Building with support for CPU extensions:
--     Default, Neon
-- 
-- Embedding HRTF datasets
-- 
-- Installing library and headers
-- Installing sample configuration
-- Installing HRTF data files
-- Installing AmbDec presets
-- 
-- OpenAL Soft configured: target OpenAL::OpenAL available
-- Deterministic math disabled (SAGE_USE_DETERMINISTIC_MATH=OFF)
--   Math operations will use platform-native CRT/x87
--   Note: Replays may differ between platforms due to FMA/rounding differences
-- Found ZLIB: optimized;/home/runner/work/zh-mobile/zh-mobile/build/android-arm64/vcpkg_installed/arm64-android-zh/lib/libz.a;debug;/home/runner/work/zh-mobile/zh-mobile/build/android-arm64/vcpkg_installed/arm64-android-zh/debug/lib/libz.a (found version "1.3.1")
-- Found BZip2: optimized;/home/runner/work/zh-mobile/zh-mobile/build/android-arm64/vcpkg_installed/arm64-android-zh/lib/libbz2.a;debug;/home/runner/work/zh-mobile/zh-mobile/build/android-arm64/vcpkg_installed/arm64-android-zh/debug/lib/libbz2d.a (found version "1.0.8")
-- Looking for BZ2_bzCompressInit
CMake Deprecation Warning at /opt/hostedtoolcache/ndk/r27c/x64/build/cmake/android.toolchain.cmake:35 (cmake_minimum_required):
  Compatibility with CMake < 3.10 will be removed from a future version of
  CMake.

  Update the VERSION argument <min> value.  Or, use the <min>...<max> syntax
  to tell CMake that the project requires at least <min> but has been updated
  to work with policies introduced by <max> or earlier.
Call Stack (most recent call first):
  /home/runner/vcpkg/scripts/buildsystems/vcpkg.cmake:210 (include)
  /home/runner/work/zh-mobile/zh-mobile/build/android-arm64/CMakeFiles/3.31.6/CMakeSystem.cmake:6 (include)
  /home/runner/work/zh-mobile/zh-mobile/build/android-arm64/CMakeFiles/CMakeScratch/TryCompile-wmFosI/CMakeLists.txt:5 (project)


CMake Deprecation Warning at /opt/hostedtoolcache/ndk/r27c/x64/build/cmake/android-legacy.toolchain.cmake:35 (cmake_minimum_required):
  Compatibility with CMake < 3.10 will be removed from a future version of
  CMake.

  Update the VERSION argument <min> value.  Or, use the <min>...<max> syntax
  to tell CMake that the project requires at least <min> but has been updated
  to work with policies introduced by <max> or earlier.
Call Stack (most recent call first):
  /opt/hostedtoolcache/ndk/r27c/x64/build/cmake/android.toolchain.cmake:55 (include)
  /home/runner/vcpkg/scripts/buildsystems/vcpkg.cmake:210 (include)
  /home/runner/work/zh-mobile/zh-mobile/build/android-arm64/CMakeFiles/3.31.6/CMakeSystem.cmake:6 (include)
  /home/runner/work/zh-mobile/zh-mobile/build/android-arm64/CMakeFiles/CMakeScratch/TryCompile-wmFosI/CMakeLists.txt:5 (project)


CMake Deprecation Warning at /opt/hostedtoolcache/ndk/r27c/x64/build/cmake/flags.cmake:18 (cmake_minimum_required):
  Compatibility with CMake < 3.10 will be removed from a future version of
  CMake.

  Update the VERSION argument <min> value.  Or, use the <min>...<max> syntax
  to tell CMake that the project requires at least <min> but has been updated
  to work with policies introduced by <max> or earlier.
Call Stack (most recent call first):
  /usr/local/share/cmake-3.31/Modules/Platform/Android-Clang.cmake:23 (include)
  /usr/local/share/cmake-3.31/Modules/Platform/Android-Clang-C.cmake:1 (include)
  /usr/local/share/cmake-3.31/Modules/CMakeCInformation.cmake:48 (include)
  /home/runner/work/zh-mobile/zh-mobile/build/android-arm64/CMakeFiles/CMakeScratch/TryCompile-wmFosI/CMakeLists.txt:5 (project)


-- Looking for BZ2_bzCompressInit - found
-- Found PNG: optimized;/home/runner/work/zh-mobile/zh-mobile/build/android-arm64/vcpkg_installed/arm64-android-zh/lib/libpng16.a;debug;/home/runner/work/zh-mobile/zh-mobile/build/android-arm64/vcpkg_installed/arm64-android-zh/debug/lib/libpng16d.a (found version "1.6.46")
-- Checking for modules 'libavcodec;libavformat;libavutil;libswscale'
--   Found libavcodec, version 62.28.101
--   Found libavformat, version 62.12.101
--   Found libavutil, version 60.26.101
--   Found libswscale, version 9.5.101
-- Zero Hour install path not found. Registry keys for 'Command and Conquer Generals Zero Hour' not found. Zero Hour targets will be built, but not installed. You can specify the path manually by setting RTS_INSTALL_PREFIX_ZEROHOUR.
-- Enabled features:
 * ZeroHourStuff, Build Zero Hour code
 * FFmpegSupport, Building with FFmpeg support
 * SDL3Windowing, Using SDL3 for windowing (Linux)
 * OpenALAudio, Using OpenAL for audio (Linux)
 * GameMemoryEnable, Build with the original game memory implementation
 * MemoryPoolMpsbDlink, Build with Memory Pool backlink
 * MemoryPoolDebug, Build with Memory Pool debug
 * MemoryPoolDebugCustomNew, Build with Memory Pool custom new
 * MemoryPoolDebugBoundingwall, Build with Memory Pool Bounding Wall
 * SecureConnections, Connect to services using HTTPS.

-- Disabled features:
 * CoreTools, Build Core Mod Tools
 * CoreExtras, Build Core Extra Tools/Tests
 * GeneralsStuff, Build Generals code
 * ProfileBuild, Building as a "Profile" build
 * DebugBuild, Building as a "Debug" build
 * AddressSanitizer, Building with address sanitizer
 * Vc6FullDebug, Building VC6 with full debug info
 * UpdateCheck, In-game update check via GitHub Releases API
 * SagePatch, Build SagePatch QoL extras (macOS)
 * ZeroHourTools, Build Zero Hour Mod Tools
 * ZeroHourExtras, Build Zero Hour Extra Tools/Tests
 * ZeroHourDocs, Build Zero Hour Documentation
 * DebugCheats, Build with Debug Cheats in release builds
 * DebugIncludeDebugLogInCrcLog, Build with Debug Logging in CRC log
 * DebugMultiInstance, Build with Multi Client Instance support
 * MemoryPoolOverrideMalloc, Build with Memory Pool malloc
 * MemoryPoolDebugCheckpointing, Build with Memory Pool checkpointing
 * MemoryPoolDebugStacktrace, Build with Memory Pool Stacktrace
 * MemoryPoolDebugIntenseVerify, Build with Memory Pool intense verify
 * MemoryPoolDebugCheckBlockOwnership, Build with Memory Pool block ownership checks
 * MemoryPoolDebugIntenseDmaBookkeeping, Build with Memory Pool intense DMA bookkeeping
 * CrashDumpEnable, Build with Crash Dumps
 * OpenSSL, Use OpenSSL library for HTTPS support.
 * HttpLogging, Log HTTP activity.
 * BuildTests, Build small test applications to demo the library.
 * IncludeVoiceSDK, Library will include the Voice2 SDK component.

-- Configuring done (25.3s)
-- Generating done (0.3s)
-- Build files have been written to: /home/runner/work/zh-mobile/zh-mobile/build/android-arm64
