CMake Deprecation Warning at /opt/hostedtoolcache/ndk/r27c/x64/build/cmake/android.toolchain.cmake:35 (cmake_minimum_required):
  Compatibility with CMake < 3.10 will be removed from a future version of
  CMake.

  Update the VERSION argument <min> value.  Or, use the <min>...<max> syntax
  to tell CMake that the project requires at least <min> but has been updated
  to work with policies introduced by <max> or earlier.
Call Stack (most recent call first):
  /home/runner/vcpkg/scripts/buildsystems/vcpkg.cmake:210 (include)
  /usr/local/share/cmake-3.31/Modules/CMakeDetermineSystem.cmake:146 (include)
  CMakeLists.txt:34 (project)

Preset CMake variables:

  ANDROID_ABI="arm64-v8a"
  ANDROID_PLATFORM="android-29"
  ANDROID_STL="c++_shared"
  CMAKE_BUILD_TYPE="RelWithDebInfo"
  CMAKE_EXPORT_COMPILE_COMMANDS="ON"
  CMAKE_MSVC_DEBUG_INFORMATION_FORMAT="$<$<CONFIG:Release,Debug,RelWithDebInfo>:Embedded>"
  CMAKE_MSVC_RUNTIME_LIBRARY="MultiThreaded$<$<CONFIG:Debug>:Debug>DLL"
  CMAKE_TOOLCHAIN_FILE="/home/runner/vcpkg/scripts/buildsystems/vcpkg.cmake"
  RTS_BUILD_CORE_TOOLS="OFF"
  RTS_BUILD_GENERALS="OFF"
  RTS_BUILD_OPTION_FFMPEG="ON"
  RTS_BUILD_OPTION_SAGE_PATCH="OFF"
  RTS_BUILD_ZEROHOUR_EXTRAS="OFF"
  RTS_BUILD_ZEROHOUR_TOOLS="OFF"
  RTS_CRASHDUMP_ENABLE="OFF"
  SAGE_UPDATE_CHECK="OFF"
  SAGE_USE_DX8="OFF"
  SAGE_USE_GLM="ON"
  SAGE_USE_OPENAL="ON"
  SAGE_USE_SDL3="ON"
  VCPKG_CHAINLOAD_TOOLCHAIN_FILE="/opt/hostedtoolcache/ndk/r27c/x64/build/cmake/android.toolchain.cmake"
  VCPKG_OVERLAY_TRIPLETS="/home/runner/work/zh-mobile/zh-mobile/cmake/triplets"
  VCPKG_TARGET_TRIPLET="arm64-android-zh"

Preset environment variables:

  PKG_CONFIG_PATH=""


CMake Deprecation Warning at /opt/hostedtoolcache/ndk/r27c/x64/build/cmake/android-legacy.toolchain.cmake:35 (cmake_minimum_required):
  Compatibility with CMake < 3.10 will be removed from a future version of
  CMake.

  Update the VERSION argument <min> value.  Or, use the <min>...<max> syntax
  to tell CMake that the project requires at least <min> but has been updated
  to work with policies introduced by <max> or earlier.
Call Stack (most recent call first):
  /opt/hostedtoolcache/ndk/r27c/x64/build/cmake/android.toolchain.cmake:55 (include)
  /home/runner/vcpkg/scripts/buildsystems/vcpkg.cmake:210 (include)
  /usr/local/share/cmake-3.31/Modules/CMakeDetermineSystem.cmake:146 (include)
  CMakeLists.txt:34 (project)


-- Running vcpkg install
A suitable version of cmake was not found (required v4.4.3).
Downloading https://github.com/Kitware/CMake/releases/download/v4.4.3/cmake-4.4.3-linux-x86_64.tar.gz -> cmake-4.4.3-linux-x86_64.tar.gz
Successfully downloaded cmake-4.4.3-linux-x86_64.tar.gz
Extracting cmake...
Detecting compiler hash for triplet x64-linux...
Compiler found: /usr/bin/c++
Detecting compiler hash for triplet arm64-android-zh...
Compiler found: /opt/hostedtoolcache/ndk/r27c/x64/toolchains/llvm/prebuilt/linux-x86_64/bin/clang++
The following packages will be built and installed:
  * brotli:arm64-android-zh@1.1.0#1
  * bzip2[core,tool]:arm64-android-zh@1.0.8#6
    ffmpeg[avcodec,avdevice,avfilter,avformat,core,swresample,swscale]:arm64-android-zh@8.1.1#2
  * ffmpeg-bin2c:x64-linux@8.1.1
    freetype[brotli,bzip2,core,png,zlib]:arm64-android-zh@2.13.3
    gli:arm64-android-zh@2021-07-06#2
    glm:arm64-android-zh@1.0.1#3
  * libpng:arm64-android-zh@1.6.46
    openal-soft:arm64-android-zh@1.24.3
  * pkgconf:x64-linux@2.4.3
  * vcpkg-cmake:x64-linux@2024-04-23
  * vcpkg-cmake-config:x64-linux@2024-05-23
  * vcpkg-cmake-get-vars:x64-linux@2024-09-22
  * vcpkg-pkgconfig-get-modules:x64-linux@2024-04-03
  * vcpkg-tool-meson:x64-linux@1.6.1
    zlib:arm64-android-zh@1.3.1
Additional packages (*) will be modified to complete this operation.
Restored 0 package(s) from /home/runner/.cache/vcpkg/archives in 38.8 us. Use --debug to see more details.
Installing 1/16 vcpkg-cmake:x64-linux@2024-04-23...
vcpkg-cmake:x64-linux@2024-04-23 package ABI: fd03e5f87f10ffa557dd9c301fa24001b072d9d4674d69587a386868aea751f2
Building vcpkg-cmake:x64-linux@2024-04-23...
-- Installing: /home/runner/vcpkg/packages/vcpkg-cmake_x64-linux/share/vcpkg-cmake/vcpkg_cmake_configure.cmake
-- Installing: /home/runner/vcpkg/packages/vcpkg-cmake_x64-linux/share/vcpkg-cmake/vcpkg_cmake_build.cmake
-- Installing: /home/runner/vcpkg/packages/vcpkg-cmake_x64-linux/share/vcpkg-cmake/vcpkg_cmake_install.cmake
-- Installing: /home/runner/vcpkg/packages/vcpkg-cmake_x64-linux/share/vcpkg-cmake/vcpkg-port-config.cmake
-- Installing: /home/runner/vcpkg/packages/vcpkg-cmake_x64-linux/share/vcpkg-cmake/copyright
-- Performing post-build validation
Starting submission of vcpkg-cmake:x64-linux@2024-04-23 to 1 binary cache(s) in the background
Elapsed time to handle vcpkg-cmake:x64-linux: 20.3 ms
Installing 2/16 vcpkg-cmake-get-vars:x64-linux@2024-09-22...
vcpkg-cmake-get-vars:x64-linux@2024-09-22 package ABI: ea5bec53e77b9bc39c922f4d193ece7950ffa7f2239b9d48d3f509dd2674eabc
Building vcpkg-cmake-get-vars:x64-linux@2024-09-22...
-- Installing: /home/runner/vcpkg/packages/vcpkg-cmake-get-vars_x64-linux/share/vcpkg-cmake-get-vars/vcpkg_cmake_get_vars.cmake
-- Installing: /home/runner/vcpkg/packages/vcpkg-cmake-get-vars_x64-linux/share/vcpkg-cmake-get-vars/cmake_get_vars
-- Installing: /home/runner/vcpkg/packages/vcpkg-cmake-get-vars_x64-linux/share/vcpkg-cmake-get-vars/cmake_get_vars/CMakeLists.txt
-- Installing: /home/runner/vcpkg/packages/vcpkg-cmake-get-vars_x64-linux/share/vcpkg-cmake-get-vars/vcpkg-port-config.cmake
-- Installing: /home/runner/vcpkg/packages/vcpkg-cmake-get-vars_x64-linux/share/vcpkg-cmake-get-vars/copyright
-- Performing post-build validation
Starting submission of vcpkg-cmake-get-vars:x64-linux@2024-09-22 to 1 binary cache(s) in the background
Elapsed time to handle vcpkg-cmake-get-vars:x64-linux: 19.4 ms
Installing 3/16 vcpkg-tool-meson:x64-linux@1.6.1...
vcpkg-tool-meson:x64-linux@1.6.1 package ABI: dc6bdf7fc344e3755bcc2ab49be546121f2e2db22dad112693c21431f27dea8a
Building vcpkg-tool-meson:x64-linux@1.6.1...
-- Installing: /home/runner/vcpkg/packages/vcpkg-tool-meson_x64-linux/share/vcpkg-tool-meson/copyright
Downloading https://github.com/mesonbuild/meson/archive/1.6.1.tar.gz -> meson-1.6.1.tar.gz
Successfully downloaded meson-1.6.1.tar.gz
-- Applying patch /home/runner/vcpkg/packages/vcpkg-tool-meson_x64-linux/share/vcpkg-tool-meson/meson-intl.patch
-- Applying patch /home/runner/vcpkg/packages/vcpkg-tool-meson_x64-linux/share/vcpkg-tool-meson/adjust-python-dep.patch
-- Applying patch /home/runner/vcpkg/packages/vcpkg-tool-meson_x64-linux/share/vcpkg-tool-meson/adjust-args.patch
-- Applying patch /home/runner/vcpkg/packages/vcpkg-tool-meson_x64-linux/share/vcpkg-tool-meson/remove-freebsd-pcfile-specialization.patch
-- Found Python version '3.12.3 at /usr/bin/python3'
-- Using meson: /home/runner/vcpkg/downloads/tools/meson-1.6.1-6779de/meson.py
-- Performing post-build validation
Starting submission of vcpkg-tool-meson:x64-linux@1.6.1 to 1 binary cache(s) in the background
Elapsed time to handle vcpkg-tool-meson:x64-linux: 1.3 s
Completed submission of vcpkg-cmake:x64-linux@2024-04-23 to 1 binary cache(s) in 21.3 ms
Completed submission of vcpkg-cmake-get-vars:x64-linux@2024-09-22 to 1 binary cache(s) in 2.6 ms
Installing 4/16 pkgconf:x64-linux@2.4.3...
pkgconf:x64-linux@2.4.3 package ABI: 81e52609aadb6de9aee3ae42f853a0f97833cd30080f1ba827043628191cd454
Building pkgconf:x64-linux@2.4.3...
-- Found Python version '3.12.3 at /usr/bin/python3'
-- Using meson: /home/runner/vcpkg/downloads/tools/meson-1.6.1-6779de/meson.py
Downloading https://github.com/pkgconf/pkgconf/archive/pkgconf-2.4.3.tar.gz -> pkgconf-pkgconf-pkgconf-2.4.3.tar.gz
Successfully downloaded pkgconf-pkgconf-pkgconf-2.4.3.tar.gz
-- Extracting source /home/runner/vcpkg/downloads/pkgconf-pkgconf-pkgconf-2.4.3.tar.gz
-- Using source at /home/runner/vcpkg/buildtrees/pkgconf/src/conf-2.4.3-0e28407cb4.clean
-- Configuring x64-linux-dbg
-- Getting CMake variables for x64-linux
-- Configuring x64-linux-dbg done
-- Configuring x64-linux-rel
-- Configuring x64-linux-rel done
-- Package x64-linux-dbg
-- Package x64-linux-rel
-- Fixing pkgconfig file: /home/runner/vcpkg/packages/pkgconf_x64-linux/lib/pkgconfig/libpkgconf.pc
-- Fixing pkgconfig file: /home/runner/vcpkg/packages/pkgconf_x64-linux/debug/lib/pkgconfig/libpkgconf.pc
-- Installing: /home/runner/vcpkg/packages/pkgconf_x64-linux/share/pkgconf/copyright
-- Adjusted RPATH of '/home/runner/vcpkg/packages/pkgconf_x64-linux/tools/pkgconf/pkgconf' (From '' -> To '$ORIGIN:$ORIGIN/../../lib')
-- Performing post-build validation
Starting submission of pkgconf:x64-linux@2.4.3 to 1 binary cache(s) in the background
Elapsed time to handle pkgconf:x64-linux: 5 s
Completed submission of vcpkg-tool-meson:x64-linux@1.6.1 to 1 binary cache(s) in 3.93 ms
Installing 5/16 vcpkg-pkgconfig-get-modules:x64-linux@2024-04-03...
vcpkg-pkgconfig-get-modules:x64-linux@2024-04-03 package ABI: 5f59968c88eca9b69617191aaa3bd48e90c4c46bfc5102ecb2598cf56259d392
Building vcpkg-pkgconfig-get-modules:x64-linux@2024-04-03...
-- Installing: /home/runner/vcpkg/packages/vcpkg-pkgconfig-get-modules_x64-linux/share/vcpkg-pkgconfig-get-modules/copyright
-- Performing post-build validation
Starting submission of vcpkg-pkgconfig-get-modules:x64-linux@2024-04-03 to 1 binary cache(s) in the background
Elapsed time to handle vcpkg-pkgconfig-get-modules:x64-linux: 18.8 ms
Installing 6/16 ffmpeg-bin2c:x64-linux@8.1.1...
ffmpeg-bin2c:x64-linux@8.1.1 package ABI: ef89b7ff59a268c4650bf8e8344645d65009a9e4156c8917e63b564231206da9
Building ffmpeg-bin2c:x64-linux@8.1.1...
Downloading https://github.com/ffmpeg/ffmpeg/archive/n8.1.1.tar.gz -> ffmpeg-ffmpeg-n8.1.1.tar.gz
Successfully downloaded ffmpeg-ffmpeg-n8.1.1.tar.gz
-- Extracting source /home/runner/vcpkg/downloads/ffmpeg-ffmpeg-n8.1.1.tar.gz
-- Using source at /home/runner/vcpkg/buildtrees/ffmpeg-bin2c/src/n8.1.1-c1a357cadb.clean
-- Configuring x64-linux
-- Building x64-linux-rel
-- Installing: /home/runner/vcpkg/packages/ffmpeg-bin2c_x64-linux/share/ffmpeg-bin2c/copyright
-- Adjusted RPATH of '/home/runner/vcpkg/packages/ffmpeg-bin2c_x64-linux/manual-tools/ffmpeg-bin2c/bin2c' (From '' -> To '$ORIGIN:$ORIGIN/../../lib')
-- Performing post-build validation
Starting submission of ffmpeg-bin2c:x64-linux@8.1.1 to 1 binary cache(s) in the background
Elapsed time to handle ffmpeg-bin2c:x64-linux: 4.8 s
Completed submission of pkgconf:x64-linux@2.4.3 to 1 binary cache(s) in 35.2 ms
Completed submission of vcpkg-pkgconfig-get-modules:x64-linux@2024-04-03 to 1 binary cache(s) in 2.44 ms
Installing 7/16 ffmpeg[avcodec,avdevice,avfilter,avformat,core,swresample,swscale]:arm64-android-zh@8.1.1#2...
ffmpeg[avcodec,avdevice,avfilter,avformat,core,swresample,swscale]:arm64-android-zh@8.1.1#2 package ABI: dabdc46e701aba29e1c6d2ae9b6afc5c8111f295fb699f68cbcb734127673a65
Building ffmpeg[avcodec,avdevice,avfilter,avformat,core,swresample,swscale]:arm64-android-zh@8.1.1#2...
/home/runner/work/zh-mobile/zh-mobile/cmake/triplets/arm64-android-zh.cmake: info: loaded overlay triplet from here
-- Using cached ffmpeg-ffmpeg-n8.1.1.tar.gz
-- Extracting source /home/runner/vcpkg/downloads/ffmpeg-ffmpeg-n8.1.1.tar.gz
-- Applying patch 0002-fix-msvc-link.patch
-- Applying patch 0003-fix-windowsinclude.patch
-- Applying patch 0004-dependencies.patch
-- Applying patch 0005-fix-nasm.patch
-- Applying patch 0007-fix-lib-naming.patch
-- Applying patch 0013-define-WINVER.patch
-- Applying patch 0024-fix-osx-host-c11.patch
-- Applying patch 0040-ffmpeg-add-av_stream_get_first_dts-for-chromium.patch
-- Applying patch 0045-use-prebuilt-bin2c.patch
-- Applying patch 0046-fix-msvc-detection.patch
-- Applying patch 0047-fix-msvc-utf8.patch
-- Applying patch 0048-backport-23039.patch
-- Applying patch 0049-fix-twolame-pkgconfig.patch
-- Using source at /home/runner/vcpkg/buildtrees/ffmpeg/src/n8.1.1-e288b769d7.clean
-- Getting CMake variables for arm64-android-zh
-- Building Options: --enable-pic --disable-doc --enable-runtime-cpudetect --disable-autodetect --target-os=android --enable-jni --enable-mediacodec --cc=clang --cxx=clang++ --nm=llvm-nm --ar='llvm-ar' --ranlib=llvm-ranlib --strip=llvm-strip --disable-ffmpeg --disable-ffplay --disable-ffprobe --enable-avcodec --enable-avdevice --enable-avformat --enable-avfilter --enable-swresample --enable-swscale --disable-alsa --disable-amf --disable-libaom --disable-libass --disable-avisynth --disable-bzlib --disable-libdav1d --disable-libfdk-aac --disable-libfontconfig --disable-libharfbuzz --disable-libfreetype --disable-libfribidi --disable-iconv --disable-libilbc --disable-lzma --disable-libmp3lame --disable-libmodplug --disable-cuda --disable-nvenc --disable-nvdec  --disable-cuvid --disable-ffnvcodec --disable-opencl --disable-opengl --disable-libopenh264 --disable-libopenjpeg --disable-libopenmpt --disable-openssl --disable-libopus --disable-sdl2 --disable-libsnappy --disable-libsoxr --disable-libspeex --disable-libssh --disable-libtensorflow --disable-libtesseract --disable-libtheora --disable-libtwolame --disable-libvorbis --disable-libvpx --disable-vulkan --disable-libwebp --disable-libx264 --disable-libx265 --disable-libxml2 --disable-zlib --disable-libsrt --disable-libvpl --disable-vaapi --disable-libzmq --disable-librubberband --enable-cross-compile "--extra-libs=-lm" --pkg-config="/bin/pkg-config" --pkg-config-flags=--static
-- Building Release Options: --enable-optimizations --extra-ldflags=-L"/home/runner/work/zh-mobile/zh-mobile/build/android-arm64/vcpkg_installed/arm64-android-zh/lib"
-- Building ffmpeg for Release
-- Building Debug Options: --disable-optimizations --enable-debug --extra-ldflags=-L"/home/runner/work/zh-mobile/zh-mobile/build/android-arm64/vcpkg_installed/arm64-android-zh/debug/lib"
-- Building ffmpeg for Debug
-- Fixing pkgconfig file: /home/runner/vcpkg/packages/ffmpeg_arm64-android-zh/lib/pkgconfig/libavcodec.pc
-- Fixing pkgconfig file: /home/runner/vcpkg/packages/ffmpeg_arm64-android-zh/lib/pkgconfig/libavdevice.pc
-- Fixing pkgconfig file: /home/runner/vcpkg/packages/ffmpeg_arm64-android-zh/lib/pkgconfig/libavfilter.pc
-- Fixing pkgconfig file: /home/runner/vcpkg/packages/ffmpeg_arm64-android-zh/lib/pkgconfig/libavformat.pc
-- Fixing pkgconfig file: /home/runner/vcpkg/packages/ffmpeg_arm64-android-zh/lib/pkgconfig/libavutil.pc
-- Fixing pkgconfig file: /home/runner/vcpkg/packages/ffmpeg_arm64-android-zh/lib/pkgconfig/libswresample.pc
-- Fixing pkgconfig file: /home/runner/vcpkg/packages/ffmpeg_arm64-android-zh/lib/pkgconfig/libswscale.pc
-- Fixing pkgconfig file: /home/runner/vcpkg/packages/ffmpeg_arm64-android-zh/debug/lib/pkgconfig/libavcodec.pc
-- Fixing pkgconfig file: /home/runner/vcpkg/packages/ffmpeg_arm64-android-zh/debug/lib/pkgconfig/libavdevice.pc
-- Fixing pkgconfig file: /home/runner/vcpkg/packages/ffmpeg_arm64-android-zh/debug/lib/pkgconfig/libavfilter.pc
-- Fixing pkgconfig file: /home/runner/vcpkg/packages/ffmpeg_arm64-android-zh/debug/lib/pkgconfig/libavformat.pc
-- Fixing pkgconfig file: /home/runner/vcpkg/packages/ffmpeg_arm64-android-zh/debug/lib/pkgconfig/libavutil.pc
-- Fixing pkgconfig file: /home/runner/vcpkg/packages/ffmpeg_arm64-android-zh/debug/lib/pkgconfig/libswresample.pc
-- Fixing pkgconfig file: /home/runner/vcpkg/packages/ffmpeg_arm64-android-zh/debug/lib/pkgconfig/libswscale.pc
-- Dependencies (release): camera2ndk;m;atomic;android;mediandk;-pthread
-- Dependencies (debug):   camera2ndk;m;atomic;android;mediandk;-pthread
-- Installing: /home/runner/vcpkg/packages/ffmpeg_arm64-android-zh/share/ffmpeg/usage
-- Installing: /home/runner/vcpkg/packages/ffmpeg_arm64-android-zh/share/ffmpeg/copyright
-- Performing post-build validation
Starting submission of ffmpeg[avcodec,avdevice,avfilter,avformat,core,swresample,swscale]:arm64-android-zh@8.1.1#2 to 1 binary cache(s) in the background
Elapsed time to handle ffmpeg:arm64-android-zh: 3.4 min
Completed submission of ffmpeg-bin2c:x64-linux@8.1.1 to 1 binary cache(s) in 4.31 ms
Installing 8/16 zlib:arm64-android-zh@1.3.1...
zlib:arm64-android-zh@1.3.1 package ABI: 2fc6e6cd4bb5b78bc9694416e3198fe9b4b1edc13ae0d0966d5330baca0bec6e
Building zlib:arm64-android-zh@1.3.1...
/home/runner/work/zh-mobile/zh-mobile/cmake/triplets/arm64-android-zh.cmake: info: loaded overlay triplet from here
Downloading https://github.com/madler/zlib/archive/v1.3.1.tar.gz -> madler-zlib-v1.3.1.tar.gz
Successfully downloaded madler-zlib-v1.3.1.tar.gz
-- Extracting source /home/runner/vcpkg/downloads/madler-zlib-v1.3.1.tar.gz
-- Applying patch 0001-Prevent-invalid-inclusions-when-HAVE_-is-set-to-0.patch
-- Applying patch 0002-build-static-or-shared-not-both.patch
-- Applying patch 0003-android-and-mingw-fixes.patch
-- Using source at /home/runner/vcpkg/buildtrees/zlib/src/v1.3.1-2e5db616bf.clean
-- Configuring arm64-android-zh
-- Building arm64-android-zh-dbg
-- Building arm64-android-zh-rel
-- Installing: /home/runner/vcpkg/packages/zlib_arm64-android-zh/share/zlib/vcpkg-cmake-wrapper.cmake
-- Fixing pkgconfig file: /home/runner/vcpkg/packages/zlib_arm64-android-zh/lib/pkgconfig/zlib.pc
-- Fixing pkgconfig file: /home/runner/vcpkg/packages/zlib_arm64-android-zh/debug/lib/pkgconfig/zlib.pc
-- Installing: /home/runner/vcpkg/packages/zlib_arm64-android-zh/share/zlib/copyright
-- Performing post-build validation
Starting submission of zlib:arm64-android-zh@1.3.1 to 1 binary cache(s) in the background
Elapsed time to handle zlib:arm64-android-zh: 2.1 s
Installing 9/16 vcpkg-cmake-config:x64-linux@2024-05-23...
vcpkg-cmake-config:x64-linux@2024-05-23 package ABI: 9602f1e4dbf04813d6074668438292af30150895ae61d2c409ac44d3636e7a36
Building vcpkg-cmake-config:x64-linux@2024-05-23...
-- Installing: /home/runner/vcpkg/packages/vcpkg-cmake-config_x64-linux/share/vcpkg-cmake-config/vcpkg_cmake_config_fixup.cmake
-- Installing: /home/runner/vcpkg/packages/vcpkg-cmake-config_x64-linux/share/vcpkg-cmake-config/vcpkg-port-config.cmake
-- Installing: /home/runner/vcpkg/packages/vcpkg-cmake-config_x64-linux/share/vcpkg-cmake-config/copyright
-- Skipping post-build validation due to VCPKG_POLICY_EMPTY_PACKAGE
Starting submission of vcpkg-cmake-config:x64-linux@2024-05-23 to 1 binary cache(s) in the background
Elapsed time to handle vcpkg-cmake-config:x64-linux: 18.4 ms
Installing 10/16 libpng:arm64-android-zh@1.6.46...
libpng:arm64-android-zh@1.6.46 package ABI: 0044d6c0232562de9bd4e44482a14d7aaa9da6c0c868990d8c7ef3bc2fc133c6
Building libpng:arm64-android-zh@1.6.46...
/home/runner/work/zh-mobile/zh-mobile/cmake/triplets/arm64-android-zh.cmake: info: loaded overlay triplet from here
Downloading https://github.com/pnggroup/libpng/archive/v1.6.46.tar.gz -> pnggroup-libpng-v1.6.46.tar.gz
Successfully downloaded pnggroup-libpng-v1.6.46.tar.gz
-- Extracting source /home/runner/vcpkg/downloads/pnggroup-libpng-v1.6.46.tar.gz
-- Applying patch cmake.patch
-- Using source at /home/runner/vcpkg/buildtrees/libpng/src/v1.6.46-0d105c43f9.clean
-- Configuring arm64-android-zh
-- Building arm64-android-zh-dbg
-- Building arm64-android-zh-rel
-- Installing: /home/runner/vcpkg/packages/libpng_arm64-android-zh/share/png/vcpkg-cmake-wrapper.cmake
-- Installing: /home/runner/vcpkg/packages/libpng_arm64-android-zh/share/libpng/libpng-config.cmake
-- Fixing pkgconfig file: /home/runner/vcpkg/packages/libpng_arm64-android-zh/lib/pkgconfig/libpng16.pc
-- Fixing pkgconfig file: /home/runner/vcpkg/packages/libpng_arm64-android-zh/debug/lib/pkgconfig/libpng16.pc
-- Installing: /home/runner/vcpkg/packages/libpng_arm64-android-zh/debug/lib/pkgconfig/libpng.pc
-- Installing: /home/runner/vcpkg/packages/libpng_arm64-android-zh/lib/pkgconfig/libpng.pc
-- Installing: /home/runner/vcpkg/packages/libpng_arm64-android-zh/share/libpng/usage
-- Installing: /home/runner/vcpkg/packages/libpng_arm64-android-zh/share/libpng/copyright
-- Performing post-build validation
Starting submission of libpng:arm64-android-zh@1.6.46 to 1 binary cache(s) in the background
Elapsed time to handle libpng:arm64-android-zh: 3.4 s
Installing 11/16 bzip2[core,tool]:arm64-android-zh@1.0.8#6...
bzip2[core,tool]:arm64-android-zh@1.0.8#6 package ABI: 1e34ca767b4ee046e8997c9ef6103ac5db35a059199032ee416f922cd6b63fc4
Building bzip2[core,tool]:arm64-android-zh@1.0.8#6...
/home/runner/work/zh-mobile/zh-mobile/cmake/triplets/arm64-android-zh.cmake: info: loaded overlay triplet from here
Downloading bzip2-1.0.8.tar.gz, trying https://sourceware.org/pub/bzip2/bzip2-1.0.8.tar.gz
Successfully downloaded bzip2-1.0.8.tar.gz
-- Extracting source /home/runner/vcpkg/downloads/bzip2-1.0.8.tar.gz
-- Applying patch fix-import-export-macros.patch
-- Using source at /home/runner/vcpkg/buildtrees/bzip2/src/bzip2-1-336d4794a3.clean
-- Configuring arm64-android-zh
-- Building arm64-android-zh-dbg
-- Building arm64-android-zh-rel
-- Fixing pkgconfig file: /home/runner/vcpkg/packages/bzip2_arm64-android-zh/lib/pkgconfig/bzip2.pc
-- Fixing pkgconfig file: /home/runner/vcpkg/packages/bzip2_arm64-android-zh/debug/lib/pkgconfig/bzip2.pc
-- Installing: /home/runner/vcpkg/packages/bzip2_arm64-android-zh/share/bzip2/copyright
-- Performing post-build validation
Starting submission of bzip2[core,tool]:arm64-android-zh@1.0.8#6 to 1 binary cache(s) in the background
Elapsed time to handle bzip2:arm64-android-zh: 3.3 s
Installing 12/16 brotli:arm64-android-zh@1.1.0#1...
brotli:arm64-android-zh@1.1.0#1 package ABI: a1c6287b46f629290bf389f10fa3a5a85a78bffd2a12ee6ab485a4d75a5880b2
Building brotli:arm64-android-zh@1.1.0#1...
/home/runner/work/zh-mobile/zh-mobile/cmake/triplets/arm64-android-zh.cmake: info: loaded overlay triplet from here
Downloading https://github.com/google/brotli/archive/v1.1.0.tar.gz -> google-brotli-v1.1.0.tar.gz
Successfully downloaded google-brotli-v1.1.0.tar.gz
-- Extracting source /home/runner/vcpkg/downloads/google-brotli-v1.1.0.tar.gz
-- Applying patch install.patch
-- Applying patch fix-arm-uwp.patch
-- Applying patch pkgconfig.patch
-- Applying patch emscripten.patch
-- Using source at /home/runner/vcpkg/buildtrees/brotli/src/v1.1.0-958bece74c.clean
-- Configuring arm64-android-zh
-- Building arm64-android-zh-dbg
-- Building arm64-android-zh-rel
-- Fixing pkgconfig file: /home/runner/vcpkg/packages/brotli_arm64-android-zh/lib/pkgconfig/libbrotlicommon.pc
-- Fixing pkgconfig file: /home/runner/vcpkg/packages/brotli_arm64-android-zh/lib/pkgconfig/libbrotlidec.pc
-- Fixing pkgconfig file: /home/runner/vcpkg/packages/brotli_arm64-android-zh/lib/pkgconfig/libbrotlienc.pc
-- Fixing pkgconfig file: /home/runner/vcpkg/packages/brotli_arm64-android-zh/debug/lib/pkgconfig/libbrotlicommon.pc
-- Fixing pkgconfig file: /home/runner/vcpkg/packages/brotli_arm64-android-zh/debug/lib/pkgconfig/libbrotlidec.pc
-- Fixing pkgconfig file: /home/runner/vcpkg/packages/brotli_arm64-android-zh/debug/lib/pkgconfig/libbrotlienc.pc
-- Installing: /home/runner/vcpkg/packages/brotli_arm64-android-zh/share/brotli/usage
-- Installing: /home/runner/vcpkg/packages/brotli_arm64-android-zh/share/brotli/copyright
-- Performing post-build validation
Starting submission of brotli:arm64-android-zh@1.1.0#1 to 1 binary cache(s) in the background
Elapsed time to handle brotli:arm64-android-zh: 10 s
Installing 13/16 freetype[brotli,bzip2,core,png,zlib]:arm64-android-zh@2.13.3...
freetype[brotli,bzip2,core,png,zlib]:arm64-android-zh@2.13.3 package ABI: f982b6336176642ae0eb0567d7e55b361304a5e9f126ae0091e0d7b4f1f1986a
Building freetype[brotli,bzip2,core,png,zlib]:arm64-android-zh@2.13.3...
/home/runner/work/zh-mobile/zh-mobile/cmake/triplets/arm64-android-zh.cmake: info: loaded overlay triplet from here
Downloading https://gitlab.freedesktop.org//freetype/freetype/-/archive/VER-2-13-3/freetype-VER-2-13-3.tar.gz -> freetype-freetype-VER-2-13-3.tar.gz
Successfully downloaded freetype-freetype-VER-2-13-3.tar.gz
-- Extracting source /home/runner/vcpkg/downloads/freetype-freetype-VER-2-13-3.tar.gz
-- Applying patch 0003-Fix-UWP.patch
-- Applying patch brotli-static.patch
-- Applying patch bzip2.patch
-- Applying patch fix-exports.patch
-- Using source at /home/runner/vcpkg/buildtrees/freetype/src/VER-2-13-3-8b423a038b.clean
-- Configuring arm64-android-zh
-- Building arm64-android-zh-dbg
-- Building arm64-android-zh-rel
-- Fixing pkgconfig file: /home/runner/vcpkg/packages/freetype_arm64-android-zh/lib/pkgconfig/freetype2.pc
-- Fixing pkgconfig file: /home/runner/vcpkg/packages/freetype_arm64-android-zh/debug/lib/pkgconfig/freetype2.pc
-- Installing: /home/runner/vcpkg/packages/freetype_arm64-android-zh/share/freetype/usage
-- Performing post-build validation
Starting submission of freetype[brotli,bzip2,core,png,zlib]:arm64-android-zh@2.13.3 to 1 binary cache(s) in the background
Elapsed time to handle freetype:arm64-android-zh: 10 s
Completed submission of ffmpeg[avcodec,avdevice,avfilter,avformat,core,swresample,swscale]:arm64-android-zh@8.1.1#2 to 1 binary cache(s) in 26 s
Completed submission of zlib:arm64-android-zh@1.3.1 to 1 binary cache(s) in 142 ms
Completed submission of vcpkg-cmake-config:x64-linux@2024-05-23 to 1 binary cache(s) in 9.21 ms
Completed submission of libpng:arm64-android-zh@1.6.46 to 1 binary cache(s) in 441 ms
Completed submission of bzip2[core,tool]:arm64-android-zh@1.0.8#6 to 1 binary cache(s) in 199 ms
Completed submission of brotli:arm64-android-zh@1.1.0#1 to 1 binary cache(s) in 957 ms
Installing 14/16 glm:arm64-android-zh@1.0.1#3...
glm:arm64-android-zh@1.0.1#3 package ABI: 65e4c249062cd4a3a1a3b7ea0c082b83f28d8ae4caf1cceda4ff256d751ea939
Building glm:arm64-android-zh@1.0.1#3...
/home/runner/work/zh-mobile/zh-mobile/cmake/triplets/arm64-android-zh.cmake: info: loaded overlay triplet from here
Downloading https://github.com/g-truc/glm/archive/1.0.1.tar.gz -> g-truc-glm-1.0.1.tar.gz
Successfully downloaded g-truc-glm-1.0.1.tar.gz
-- Extracting source /home/runner/vcpkg/downloads/g-truc-glm-1.0.1.tar.gz
-- Applying patch fix-clang.patch
-- Using source at /home/runner/vcpkg/buildtrees/glm/src/1.0.1-cf6930f99d.clean
-- Configuring arm64-android-zh
-- Building arm64-android-zh-dbg
-- Building arm64-android-zh-rel
-- Installing: /home/runner/vcpkg/packages/glm_arm64-android-zh/share/glm/copyright
-- Installing: /home/runner/vcpkg/packages/glm_arm64-android-zh/share/glm/usage
-- Performing post-build validation
Starting submission of glm:arm64-android-zh@1.0.1#3 to 1 binary cache(s) in the background
Elapsed time to handle glm:arm64-android-zh: 5.1 s
Completed submission of freetype[brotli,bzip2,core,png,zlib]:arm64-android-zh@2.13.3 to 1 binary cache(s) in 657 ms
Installing 15/16 gli:arm64-android-zh@2021-07-06#2...
gli:arm64-android-zh@2021-07-06#2 package ABI: b4ba53fcf26a7e6140f3c9c8844c4d7a2944b1add3152237a15b5072cefb2e2b
Building gli:arm64-android-zh@2021-07-06#2...
/home/runner/work/zh-mobile/zh-mobile/cmake/triplets/arm64-android-zh.cmake: info: loaded overlay triplet from here
Downloading https://github.com/g-truc/gli/archive/779b99ac6656e4d30c3b24e96e0136a59649a869.tar.gz -> g-truc-gli-779b99ac6656e4d30c3b24e96e0136a59649a869.tar.gz
Successfully downloaded g-truc-gli-779b99ac6656e4d30c3b24e96e0136a59649a869.tar.gz
-- Extracting source /home/runner/vcpkg/downloads/g-truc-gli-779b99ac6656e4d30c3b24e96e0136a59649a869.tar.gz
-- Applying patch disable-test.patch
-- Using source at /home/runner/vcpkg/buildtrees/gli/src/a59649a869-f504e5b116.clean
-- Configuring arm64-android-zh
-- Building arm64-android-zh-dbg
-- Building arm64-android-zh-rel
-- Installing: /home/runner/vcpkg/packages/gli_arm64-android-zh/share/gli/copyright
-- Performing post-build validation
Starting submission of gli:arm64-android-zh@2021-07-06#2 to 1 binary cache(s) in the background
Elapsed time to handle gli:arm64-android-zh: 1.9 s
Completed submission of glm:arm64-android-zh@1.0.1#3 to 1 binary cache(s) in 206 ms
Installing 16/16 openal-soft:arm64-android-zh@1.24.3...
openal-soft:arm64-android-zh@1.24.3 package ABI: 563ebbbd334a5b693e1c5d305ddeb7f183eda9fafc9630c4008668c3fcfa6d30
Building openal-soft:arm64-android-zh@1.24.3...
/home/runner/work/zh-mobile/zh-mobile/cmake/triplets/arm64-android-zh.cmake: info: loaded overlay triplet from here
Downloading https://github.com/kcat/openal-soft/archive/1.24.3.tar.gz -> kcat-openal-soft-1.24.3.tar.gz
Successfully downloaded kcat-openal-soft-1.24.3.tar.gz
-- Extracting source /home/runner/vcpkg/downloads/kcat-openal-soft-1.24.3.tar.gz
-- Using source at /home/runner/vcpkg/buildtrees/openal-soft/src/1.24.3-f075384391.clean
-- Configuring arm64-android-zh
-- Building arm64-android-zh-dbg
-- Building arm64-android-zh-rel
-- Fixing pkgconfig file: /home/runner/vcpkg/packages/openal-soft_arm64-android-zh/lib/pkgconfig/openal.pc
-- Fixing pkgconfig file: /home/runner/vcpkg/packages/openal-soft_arm64-android-zh/debug/lib/pkgconfig/openal.pc
-- Installing: /home/runner/vcpkg/packages/openal-soft_arm64-android-zh/share/openal-soft/copyright
-- Performing post-build validation
Starting submission of openal-soft:arm64-android-zh@1.24.3 to 1 binary cache(s) in the background
Elapsed time to handle openal-soft:arm64-android-zh: 1.1 min
Installed contents are licensed to you by owners. Microsoft is not responsible for, nor does it grant any licenses to, third-party packages.
Some packages did not declare an SPDX license. Check the `copyright` file for each package for more information about their licensing.
Packages installed in this vcpkg installation declare the following licenses:
(FTL OR GPL-2.0-or-later)
Apache-2.0
LGPL-2.0-or-later
LGPL-2.1-or-later
MIT
Zlib
bzip2-1.0.6
libpng-2.0
ffmpeg provides CMake integration:

  find_package(FFMPEG REQUIRED)
  target_include_directories(main PRIVATE ${FFMPEG_INCLUDE_DIRS})
  target_link_directories(main PRIVATE ${FFMPEG_LIBRARY_DIRS})
  target_link_libraries(main PRIVATE ${FFMPEG_LIBRARIES})

ffmpeg provides pkg-config modules:

  # FFmpeg codec library
  libavcodec

  # FFmpeg device handling library
  libavdevice

  # FFmpeg audio/video filtering library
  libavfilter

  # FFmpeg container format library
  libavformat

  # FFmpeg utility library
  libavutil

  # FFmpeg audio resampling library
  libswresample

  # FFmpeg image rescaling library
  libswscale

To use the static libraries to build your own shared library,
you may need to add the following link option for your library:

  -Wl,-Bsymbolic

The package zlib is compatible with built-in CMake targets:

    find_package(ZLIB REQUIRED)
    target_link_libraries(main PRIVATE ZLIB::ZLIB)

freetype is compatible with built-in CMake targets:

    find_package(Freetype REQUIRED)
    target_link_libraries(main PRIVATE Freetype::Freetype) # since CMake 3.10

The package glm provides CMake targets:

    find_package(glm CONFIG REQUIRED)
    target_link_libraries(main PRIVATE glm::glm)

    # Or use the header-only version
    find_package(glm CONFIG REQUIRED)
    target_link_libraries(main PRIVATE glm::glm-header-only)

gli provides CMake targets:

  # this is heuristically generated, and may not be correct
  find_package(gli CONFIG REQUIRED)
  target_link_libraries(main PRIVATE gli)

The package openal-soft provides CMake targets:

    find_package(OpenAL CONFIG REQUIRED)
    target_link_libraries(main PRIVATE OpenAL::OpenAL)

Completed submission of gli:arm64-android-zh@2021-07-06#2 to 1 binary cache(s) in 15.8 ms
Waiting for 1 remaining binary cache submissions...
Completed submission of openal-soft:arm64-android-zh@1.24.3 to 1 binary cache(s) in 3.5 s (1/1)
All requested installations completed successfully in: 5.3 min
-- Running vcpkg install - done
CMake Deprecation Warning at /opt/hostedtoolcache/ndk/r27c/x64/build/cmake/android.toolchain.cmake:35 (cmake_minimum_required):
  Compatibility with CMake < 3.10 will be removed from a future version of
  CMake.

  Update the VERSION argument <min> value.  Or, use the <min>...<max> syntax
  to tell CMake that the project requires at least <min> but has been updated
  to work with policies introduced by <max> or earlier.
Call Stack (most recent call first):
  /home/runner/vcpkg/scripts/buildsystems/vcpkg.cmake:210 (include)
  build/android-arm64/CMakeFiles/3.31.6/CMakeSystem.cmake:6 (include)
  CMakeLists.txt:34 (project)


-- The C compiler identification is Clang 18.0.3
-- The CXX compiler identification is Clang 18.0.3
CMake Deprecation Warning at /opt/hostedtoolcache/ndk/r27c/x64/build/cmake/flags.cmake:18 (cmake_minimum_required):
  Compatibility with CMake < 3.10 will be removed from a future version of
  CMake.

  Update the VERSION argument <min> value.  Or, use the <min>...<max> syntax
  to tell CMake that the project requires at least <min> but has been updated
  to work with policies introduced by <max> or earlier.
Call Stack (most recent call first):
  /usr/local/share/cmake-3.31/Modules/Platform/Android-Clang.cmake:23 (include)
  /usr/local/share/cmake-3.31/Modules/Platform/Android-Clang-C.cmake:1 (include)
  /usr/local/share/cmake-3.31/Modules/CMakeCInformation.cmake:48 (include)
  CMakeLists.txt:34 (project)


-- Detecting C compiler ABI info
CMake Deprecation Warning at /opt/hostedtoolcache/ndk/r27c/x64/build/cmake/android.toolchain.cmake:35 (cmake_minimum_required):
  Compatibility with CMake < 3.10 will be removed from a future version of
  CMake.

  Update the VERSION argument <min> value.  Or, use the <min>...<max> syntax
  to tell CMake that the project requires at least <min> but has been updated
  to work with policies introduced by <max> or earlier.
Call Stack (most recent call first):
  /home/runner/vcpkg/scripts/buildsystems/vcpkg.cmake:210 (include)
  /home/runner/work/zh-mobile/zh-mobile/build/android-arm64/CMakeFiles/3.31.6/CMakeSystem.cmake:6 (include)
  /home/runner/work/zh-mobile/zh-mobile/build/android-arm64/CMakeFiles/CMakeScratch/TryCompile-8sQFSO/CMakeLists.txt:3 (project)


CMake Deprecation Warning at /opt/hostedtoolcache/ndk/r27c/x64/build/cmake/android-legacy.toolchain.cmake:35 (cmake_minimum_required):
  Compatibility with CMake < 3.10 will be removed from a future version of
  CMake.

  Update the VERSION argument <min> value.  Or, use the <min>...<max> syntax
  to tell CMake that the project requires at least <min> but has been updated
  to work with policies introduced by <max> or earlier.
Call Stack (most recent call first):
  /opt/hostedtoolcache/ndk/r27c/x64/build/cmake/android.toolchain.cmake:55 (include)
  /home/runner/vcpkg/scripts/buildsystems/vcpkg.cmake:210 (include)
  /home/runner/work/zh-mobile/zh-mobile/build/android-arm64/CMakeFiles/3.31.6/CMakeSystem.cmake:6 (include)
  /home/runner/work/zh-mobile/zh-mobile/build/android-arm64/CMakeFiles/CMakeScratch/TryCompile-8sQFSO/CMakeLists.txt:3 (project)


CMake Deprecation Warning at /opt/hostedtoolcache/ndk/r27c/x64/build/cmake/flags.cmake:18 (cmake_minimum_required):
  Compatibility with CMake < 3.10 will be removed from a future version of
  CMake.

  Update the VERSION argument <min> value.  Or, use the <min>...<max> syntax
  to tell CMake that the project requires at least <min> but has been updated
  to work with policies introduced by <max> or earlier.
Call Stack (most recent call first):
  /usr/local/share/cmake-3.31/Modules/Platform/Android-Clang.cmake:23 (include)
  /usr/local/share/cmake-3.31/Modules/Platform/Android-Clang-C.cmake:1 (include)
  /usr/local/share/cmake-3.31/Modules/CMakeCInformation.cmake:48 (include)
  /home/runner/work/zh-mobile/zh-mobile/build/android-arm64/CMakeFiles/CMakeScratch/TryCompile-8sQFSO/CMakeLists.txt:3 (project)


-- Detecting C compiler ABI info - done
-- Check for working C compiler: /opt/hostedtoolcache/ndk/r27c/x64/toolchains/llvm/prebuilt/linux-x86_64/bin/clang - skipped
-- Detecting C compile features
-- Detecting C compile features - done
-- Detecting CXX compiler ABI info
CMake Deprecation Warning at /opt/hostedtoolcache/ndk/r27c/x64/build/cmake/android.toolchain.cmake:35 (cmake_minimum_required):
  Compatibility with CMake < 3.10 will be removed from a future version of
  CMake.

  Update the VERSION argument <min> value.  Or, use the <min>...<max> syntax
  to tell CMake that the project requires at least <min> but has been updated
  to work with policies introduced by <max> or earlier.
Call Stack (most recent call first):
  /home/runner/vcpkg/scripts/buildsystems/vcpkg.cmake:210 (include)
  /home/runner/work/zh-mobile/zh-mobile/build/android-arm64/CMakeFiles/3.31.6/CMakeSystem.cmake:6 (include)
  /home/runner/work/zh-mobile/zh-mobile/build/android-arm64/CMakeFiles/CMakeScratch/TryCompile-x6iz7x/CMakeLists.txt:3 (project)


CMake Deprecation Warning at /opt/hostedtoolcache/ndk/r27c/x64/build/cmake/android-legacy.toolchain.cmake:35 (cmake_minimum_required):
  Compatibility with CMake < 3.10 will be removed from a future version of
  CMake.

  Update the VERSION argument <min> value.  Or, use the <min>...<max> syntax
  to tell CMake that the project requires at least <min> but has been updated
  to work with policies introduced by <max> or earlier.
Call Stack (most recent call first):
  /opt/hostedtoolcache/ndk/r27c/x64/build/cmake/android.toolchain.cmake:55 (include)
  /home/runner/vcpkg/scripts/buildsystems/vcpkg.cmake:210 (include)
  /home/runner/work/zh-mobile/zh-mobile/build/android-arm64/CMakeFiles/3.31.6/CMakeSystem.cmake:6 (include)
  /home/runner/work/zh-mobile/zh-mobile/build/android-arm64/CMakeFiles/CMakeScratch/TryCompile-x6iz7x/CMakeLists.txt:3 (project)


CMake Deprecation Warning at /opt/hostedtoolcache/ndk/r27c/x64/build/cmake/flags.cmake:18 (cmake_minimum_required):
  Compatibility with CMake < 3.10 will be removed from a future version of
  CMake.

  Update the VERSION argument <min> value.  Or, use the <min>...<max> syntax
  to tell CMake that the project requires at least <min> but has been updated
  to work with policies introduced by <max> or earlier.
Call Stack (most recent call first):
  /usr/local/share/cmake-3.31/Modules/Platform/Android-Clang.cmake:23 (include)
  /usr/local/share/cmake-3.31/Modules/Platform/Android-Clang-CXX.cmake:1 (include)
  /usr/local/share/cmake-3.31/Modules/CMakeCXXInformation.cmake:48 (include)
  /home/runner/work/zh-mobile/zh-mobile/build/android-arm64/CMakeFiles/CMakeScratch/TryCompile-x6iz7x/CMakeLists.txt:3 (project)


-- Detecting CXX compiler ABI info - done
-- Check for working CXX compiler: /opt/hostedtoolcache/ndk/r27c/x64/toolchains/llvm/prebuilt/linux-x86_64/bin/clang++ - skipped
-- Detecting CXX compile features
-- Detecting CXX compile features - done
-- ccache not found, building without compiler cache
-- CMAKE_CXX_COMPILER: /opt/hostedtoolcache/ndk/r27c/x64/toolchains/llvm/prebuilt/linux-x86_64/bin/clang++
-- CMAKE_CXX_COMPILER_ID: Clang
-- CMAKE_CXX_COMPILER_VERSION: 18.0.3
-- CMAKE_INSTALL_PREFIX: /usr/local
-- DXVK Android: applied Patches/dxvk-android.patch
-- DXVK Android build from /home/runner/work/zh-mobile/zh-mobile/references/fbraz3-dxvk
-- Configuring SDL3 (v3.4.2) with FetchContent (native build)...
-- Found PkgConfig: /bin/pkg-config (found version "1.8.1")
-- Detecting Target CPU Architecture
CMake Deprecation Warning at /opt/hostedtoolcache/ndk/r27c/x64/build/cmake/android.toolchain.cmake:35 (cmake_minimum_required):
  Compatibility with CMake < 3.10 will be removed from a future version of
  CMake.

  Update the VERSION argument <min> value.  Or, use the <min>...<max> syntax
  to tell CMake that the project requires at least <min> but has been updated
  to work with policies introduced by <max> or earlier.
Call Stack (most recent call first):
  /home/runner/vcpkg/scripts/buildsystems/vcpkg.cmake:210 (include)
  /home/runner/work/zh-mobile/zh-mobile/build/android-arm64/CMakeFiles/3.31.6/CMakeSystem.cmake:6 (include)
  /home/runner/work/zh-mobile/zh-mobile/build/android-arm64/_deps/sdl3-build/CMakeFiles/CMakeTmp/SDL_detect_arch/CMakeFiles/CMakeTmp/CMakeLists.txt:5 (project)


CMake Deprecation Warning at /opt/hostedtoolcache/ndk/r27c/x64/build/cmake/android-legacy.toolchain.cmake:35 (cmake_minimum_required):
  Compatibility with CMake < 3.10 will be removed from a future version of
  CMake.

  Update the VERSION argument <min> value.  Or, use the <min>...<max> syntax
  to tell CMake that the project requires at least <min> but has been updated
  to work with policies introduced by <max> or earlier.
Call Stack (most recent call first):
  /opt/hostedtoolcache/ndk/r27c/x64/build/cmake/android.toolchain.cmake:55 (include)
  /home/runner/vcpkg/scripts/buildsystems/vcpkg.cmake:210 (include)
  /home/runner/work/zh-mobile/zh-mobile/build/android-arm64/CMakeFiles/3.31.6/CMakeSystem.cmake:6 (include)
  /home/runner/work/zh-mobile/zh-mobile/build/android-arm64/_deps/sdl3-build/CMakeFiles/CMakeTmp/SDL_detect_arch/CMakeFiles/CMakeTmp/CMakeLists.txt:5 (project)


CMake Deprecation Warning at /opt/hostedtoolcache/ndk/r27c/x64/build/cmake/flags.cmake:18 (cmake_minimum_required):
  Compatibility with CMake < 3.10 will be removed from a future version of
  CMake.

  Update the VERSION argument <min> value.  Or, use the <min>...<max> syntax
  to tell CMake that the project requires at least <min> but has been updated
  to work with policies introduced by <max> or earlier.
Call Stack (most recent call first):
  /usr/local/share/cmake-3.31/Modules/Platform/Android-Clang.cmake:23 (include)
  /usr/local/share/cmake-3.31/Modules/Platform/Android-Clang-C.cmake:1 (include)
  /usr/local/share/cmake-3.31/Modules/CMakeCInformation.cmake:48 (include)
  /home/runner/work/zh-mobile/zh-mobile/build/android-arm64/_deps/sdl3-build/CMakeFiles/CMakeTmp/SDL_detect_arch/CMakeFiles/CMakeTmp/CMakeLists.txt:5 (project)


-- Detecting Target CPU Architecture - ARM64
-- Performing Test HAVE_GCC_WALL
CMake Deprecation Warning at /opt/hostedtoolcache/ndk/r27c/x64/build/cmake/android.toolchain.cmake:35 (cmake_minimum_required):
  Compatibility with CMake < 3.10 will be removed from a future version of
  CMake.

  Update the VERSION argument <min> value.  Or, use the <min>...<max> syntax
  to tell CMake that the project requires at least <min> but has been updated
  to work with policies introduced by <max> or earlier.
Call Stack (most recent call first):
  /home/runner/vcpkg/scripts/buildsystems/vcpkg.cmake:210 (include)
  /home/runner/work/zh-mobile/zh-mobile/build/android-arm64/CMakeFiles/3.31.6/CMakeSystem.cmake:6 (include)
  /home/runner/work/zh-mobile/zh-mobile/build/android-arm64/CMakeFiles/CMakeScratch/TryCompile-raQeu7/CMakeLists.txt:5 (project)


CMake Deprecation Warning at /opt/hostedtoolcache/ndk/r27c/x64/build/cmake/android-legacy.toolchain.cmake:35 (cmake_minimum_required):
  Compatibility with CMake < 3.10 will be removed from a future version of
  CMake.

  Update the VERSION argument <min> value.  Or, use the <min>...<max> syntax
  to tell CMake that the project requires at least <min> but has been updated
  to work with policies introduced by <max> or earlier.
Call Stack (most recent call first):
  /opt/hostedtoolcache/ndk/r27c/x64/build/cmake/android.toolchain.cmake:55 (include)
  /home/runner/vcpkg/scripts/buildsystems/vcpkg.cmake:210 (include)
  /home/runner/work/zh-mobile/zh-mobile/build/android-arm64/CMakeFiles/3.31.6/CMakeSystem.cmake:6 (include)
  /home/runner/work/zh-mobile/zh-mobile/build/android-arm64/CMakeFiles/CMakeScratch/TryCompile-raQeu7/CMakeLists.txt:5 (project)


CMake Deprecation Warning at /opt/hostedtoolcache/ndk/r27c/x64/build/cmake/flags.cmake:18 (cmake_minimum_required):
  Compatibility with CMake < 3.10 will be removed from a future version of
  CMake.

  Update the VERSION argument <min> value.  Or, use the <min>...<max> syntax
  to tell CMake that the project requires at least <min> but has been updated
  to work with policies introduced by <max> or earlier.
Call Stack (most recent call first):
  /usr/local/share/cmake-3.31/Modules/Platform/Android-Clang.cmake:23 (include)
  /usr/local/share/cmake-3.31/Modules/Platform/Android-Clang-C.cmake:1 (include)
  /usr/local/share/cmake-3.31/Modules/CMakeCInformation.cmake:48 (include)
  /home/runner/work/zh-mobile/zh-mobile/build/android-arm64/CMakeFiles/CMakeScratch/TryCompile-raQeu7/CMakeLists.txt:5 (project)


-- Performing Test HAVE_GCC_WALL - Success
-- Performing Test HAVE_GCC_WUNDEF
CMake Deprecation Warning at /opt/hostedtoolcache/ndk/r27c/x64/build/cmake/android.toolchain.cmake:35 (cmake_minimum_required):
  Compatibility with CMake < 3.10 will be removed from a future version of
  CMake.

  Update the VERSION argument <min> value.  Or, use the <min>...<max> syntax
  to tell CMake that the project requires at least <min> but has been updated
  to work with policies introduced by <max> or earlier.
Call Stack (most recent call first):
  /home/runner/vcpkg/scripts/buildsystems/vcpkg.cmake:210 (include)
  /home/runner/work/zh-mobile/zh-mobile/build/android-arm64/CMakeFiles/3.31.6/CMakeSystem.cmake:6 (include)
  /home/runner/work/zh-mobile/zh-mobile/build/android-arm64/CMakeFiles/CMakeScratch/TryCompile-MH1RpH/CMakeLists.txt:5 (project)


CMake Deprecation Warning at /opt/hostedtoolcache/ndk/r27c/x64/build/cmake/android-legacy.toolchain.cmake:35 (cmake_minimum_required):
  Compatibility with CMake < 3.10 will be removed from a future version of
  CMake.

  Update the VERSION argument <min> value.  Or, use the <min>...<max> syntax
  to tell CMake that the project requires at least <min> but has been updated
  to work with policies introduced by <max> or earlier.
Call Stack (most recent call first):
  /opt/hostedtoolcache/ndk/r27c/x64/build/cmake/android.toolchain.cmake:55 (include)
  /home/runner/vcpkg/scripts/buildsystems/vcpkg.cmake:210 (include)
  /home/runner/work/zh-mobile/zh-mobile/build/android-arm64/CMakeFiles/3.31.6/CMakeSystem.cmake:6 (include)
  /home/runner/work/zh-mobile/zh-mobile/build/android-arm64/CMakeFiles/CMakeScratch/TryCompile-MH1RpH/CMakeLists.txt:5 (project)


CMake Deprecation Warning at /opt/hostedtoolcache/ndk/r27c/x64/build/cmake/flags.cmake:18 (cmake_minimum_required):
  Compatibility with CMake < 3.10 will be removed from a future version of
  CMake.

  Update the VERSION argument <min> value.  Or, use the <min>...<max> syntax
  to tell CMake that the project requires at least <min> but has been updated
  to work with policies introduced by <max> or earlier.
Call Stack (most recent call first):
  /usr/local/share/cmake-3.31/Modules/Platform/Android-Clang.cmake:23 (include)
  /usr/local/share/cmake-3.31/Modules/Platform/Android-Clang-C.cmake:1 (include)
  /usr/local/share/cmake-3.31/Modules/CMakeCInformation.cmake:48 (include)
  /home/runner/work/zh-mobile/zh-mobile/build/android-arm64/CMakeFiles/CMakeScratch/TryCompile-MH1RpH/CMakeLists.txt:5 (project)


-- Performing Test HAVE_GCC_WUNDEF - Success
-- Performing Test HAVE_GCC_WFLOAT_CONVERSION
CMake Deprecation Warning at /opt/hostedtoolcache/ndk/r27c/x64/build/cmake/android.toolchain.cmake:35 (cmake_minimum_required):
  Compatibility with CMake < 3.10 will be removed from a future version of
  CMake.

  Update the VERSION argument <min> value.  Or, use the <min>...<max> syntax
  to tell CMake that the project requires at least <min> but has been updated
  to work with policies introduced by <max> or earlier.
Call Stack (most recent call first):
  /home/runner/vcpkg/scripts/buildsystems/vcpkg.cmake:210 (include)
  /home/runner/work/zh-mobile/zh-mobile/build/android-arm64/CMakeFiles/3.31.6/CMakeSystem.cmake:6 (include)
  /home/runner/work/zh-mobile/zh-mobile/build/android-arm64/CMakeFiles/CMakeScratch/TryCompile-tZR2AW/CMakeLists.txt:5 (project)


CMake Deprecation Warning at /opt/hostedtoolcache/ndk/r27c/x64/build/cmake/android-legacy.toolchain.cmake:35 (cmake_minimum_required):
  Compatibility with CMake < 3.10 will be removed from a future version of
  CMake.

  Update the VERSION argument <min> value.  Or, use the <min>...<max> syntax
  to tell CMake that the project requires at least <min> but has been updated
  to work with policies introduced by <max> or earlier.
Call Stack (most recent call first):
  /opt/hostedtoolcache/ndk/r27c/x64/build/cmake/android.toolchain.cmake:55 (include)
  /home/runner/vcpkg/scripts/buildsystems/vcpkg.cmake:210 (include)
  /home/runner/work/zh-mobile/zh-mobile/build/android-arm64/CMakeFiles/3.31.6/CMakeSystem.cmake:6 (include)
  /home/runner/work/zh-mobile/zh-mobile/build/android-arm64/CMakeFiles/CMakeScratch/TryCompile-tZR2AW/CMakeLists.txt:5 (project)


CMake Deprecation Warning at /opt/hostedtoolcache/ndk/r27c/x64/build/cmake/flags.cmake:18 (cmake_minimum_required):
  Compatibility with CMake < 3.10 will be removed from a future version of
  CMake.

  Update the VERSION argument <min> value.  Or, use the <min>...<max> syntax
  to tell CMake that the project requires at least <min> but has been updated
  to work with policies introduced by <max> or earlier.
Call Stack (most recent call first):
  /usr/local/share/cmake-3.31/Modules/Platform/Android-Clang.cmake:23 (include)
  /usr/local/share/cmake-3.31/Modules/Platform/Android-Clang-C.cmake:1 (include)
  /usr/local/share/cmake-3.31/Modules/CMakeCInformation.cmake:48 (include)
  /home/runner/work/zh-mobile/zh-mobile/build/android-arm64/CMakeFiles/CMakeScratch/TryCompile-tZR2AW/CMakeLists.txt:5 (project)


-- Performing Test HAVE_GCC_WFLOAT_CONVERSION - Success
-- Performing Test HAVE_GCC_NO_STRICT_ALIASING
CMake Deprecation Warning at /opt/hostedtoolcache/ndk/r27c/x64/build/cmake/android.toolchain.cmake:35 (cmake_minimum_required):
  Compatibility with CMake < 3.10 will be removed from a future version of
  CMake.

  Update the VERSION argument <min> value.  Or, use the <min>...<max> syntax
  to tell CMake that the project requires at least <min> but has been updated
  to work with policies introduced by <max> or earlier.
Call Stack (most recent call first):
  /home/runner/vcpkg/scripts/buildsystems/vcpkg.cmake:210 (include)
  /home/runner/work/zh-mobile/zh-mobile/build/android-arm64/CMakeFiles/3.31.6/CMakeSystem.cmake:6 (include)
  /home/runner/work/zh-mobile/zh-mobile/build/android-arm64/CMakeFiles/CMakeScratch/TryCompile-om040l/CMakeLists.txt:5 (project)


CMake Deprecation Warning at /opt/hostedtoolcache/ndk/r27c/x64/build/cmake/android-legacy.toolchain.cmake:35 (cmake_minimum_required):
  Compatibility with CMake < 3.10 will be removed from a future version of
  CMake.

  Update the VERSION argument <min> value.  Or, use the <min>...<max> syntax
  to tell CMake that the project requires at least <min> but has been updated
  to work with policies introduced by <max> or earlier.
Call Stack (most recent call first):
  /opt/hostedtoolcache/ndk/r27c/x64/build/cmake/android.toolchain.cmake:55 (include)
  /home/runner/vcpkg/scripts/buildsystems/vcpkg.cmake:210 (include)
  /home/runner/work/zh-mobile/zh-mobile/build/android-arm64/CMakeFiles/3.31.6/CMakeSystem.cmake:6 (include)
  /home/runner/work/zh-mobile/zh-mobile/build/android-arm64/CMakeFiles/CMakeScratch/TryCompile-om040l/CMakeLists.txt:5 (project)


CMake Deprecation Warning at /opt/hostedtoolcache/ndk/r27c/x64/build/cmake/flags.cmake:18 (cmake_minimum_required):
  Compatibility with CMake < 3.10 will be removed from a future version of
  CMake.

  Update the VERSION argument <min> value.  Or, use the <min>...<max> syntax
  to tell CMake that the project requires at least <min> but has been updated
  to work with policies introduced by <max> or earlier.
Call Stack (most recent call first):
  /usr/local/share/cmake-3.31/Modules/Platform/Android-Clang.cmake:23 (include)
  /usr/local/share/cmake-3.31/Modules/Platform/Android-Clang-C.cmake:1 (include)
  /usr/local/share/cmake-3.31/Modules/CMakeCInformation.cmake:48 (include)
  /home/runner/work/zh-mobile/zh-mobile/build/android-arm64/CMakeFiles/CMakeScratch/TryCompile-om040l/CMakeLists.txt:5 (project)


-- Performing Test HAVE_GCC_NO_STRICT_ALIASING - Success
-- Performing Test HAVE_GCC_WDOCUMENTATION
CMake Deprecation Warning at /opt/hostedtoolcache/ndk/r27c/x64/build/cmake/android.toolchain.cmake:35 (cmake_minimum_required):
  Compatibility with CMake < 3.10 will be removed from a future version of
  CMake.

  Update the VERSION argument <min> value.  Or, use the <min>...<max> syntax
  to tell CMake that the project requires at least <min> but has been updated
  to work with policies introduced by <max> or earlier.
Call Stack (most recent call first):
  /home/runner/vcpkg/scripts/buildsystems/vcpkg.cmake:210 (include)
  /home/runner/work/zh-mobile/zh-mobile/build/android-arm64/CMakeFiles/3.31.6/CMakeSystem.cmake:6 (include)
  /home/runner/work/zh-mobile/zh-mobile/build/android-arm64/CMakeFiles/CMakeScratch/TryCompile-bRbTbk/CMakeLists.txt:5 (project)


CMake Deprecation Warning at /opt/hostedtoolcache/ndk/r27c/x64/build/cmake/android-legacy.toolchain.cmake:35 (cmake_minimum_required):
  Compatibility with CMake < 3.10 will be removed from a future version of
  CMake.

  Update the VERSION argument <min> value.  Or, use the <min>...<max> syntax
  to tell CMake that the project requires at least <min> but has been updated
  to work with policies introduced by <max> or earlier.
Call Stack (most recent call first):
  /opt/hostedtoolcache/ndk/r27c/x64/build/cmake/android.toolchain.cmake:55 (include)
  /home/runner/vcpkg/scripts/buildsystems/vcpkg.cmake:210 (include)
  /home/runner/work/zh-mobile/zh-mobile/build/android-arm64/CMakeFiles/3.31.6/CMakeSystem.cmake:6 (include)
  /home/runner/work/zh-mobile/zh-mobile/build/android-arm64/CMakeFiles/CMakeScratch/TryCompile-bRbTbk/CMakeLists.txt:5 (project)


CMake Deprecation Warning at /opt/hostedtoolcache/ndk/r27c/x64/build/cmake/flags.cmake:18 (cmake_minimum_required):
  Compatibility with CMake < 3.10 will be removed from a future version of
  CMake.

  Update the VERSION argument <min> value.  Or, use the <min>...<max> syntax
  to tell CMake that the project requires at least <min> but has been updated
  to work with policies introduced by <max> or earlier.
Call Stack (most recent call first):
  /usr/local/share/cmake-3.31/Modules/Platform/Android-Clang.cmake:23 (include)
  /usr/local/share/cmake-3.31/Modules/Platform/Android-Clang-C.cmake:1 (include)
  /usr/local/share/cmake-3.31/Modules/CMakeCInformation.cmake:48 (include)
  /home/runner/work/zh-mobile/zh-mobile/build/android-arm64/CMakeFiles/CMakeScratch/TryCompile-bRbTbk/CMakeLists.txt:5 (project)


-- Performing Test HAVE_GCC_WDOCUMENTATION - Success
-- Performing Test HAVE_GCC_WDOCUMENTATION_UNKNOWN_COMMAND
CMake Deprecation Warning at /opt/hostedtoolcache/ndk/r27c/x64/build/cmake/android.toolchain.cmake:35 (cmake_minimum_required):
  Compatibility with CMake < 3.10 will be removed from a future version of
  CMake.

  Update the VERSION argument <min> value.  Or, use the <min>...<max> syntax
  to tell CMake that the project requires at least <min> but has been updated
  to work with policies introduced by <max> or earlier.
Call Stack (most recent call first):
  /home/runner/vcpkg/scripts/buildsystems/vcpkg.cmake:210 (include)
  /home/runner/work/zh-mobile/zh-mobile/build/android-arm64/CMakeFiles/3.31.6/CMakeSystem.cmake:6 (include)
  /home/runner/work/zh-mobile/zh-mobile/build/android-arm64/CMakeFiles/CMakeScratch/TryCompile-mRjUNj/CMakeLists.txt:5 (project)


CMake Deprecation Warning at /opt/hostedtoolcache/ndk/r27c/x64/build/cmake/android-legacy.toolchain.cmake:35 (cmake_minimum_required):
  Compatibility with CMake < 3.10 will be removed from a future version of
  CMake.

  Update the VERSION argument <min> value.  Or, use the <min>...<max> syntax
  to tell CMake that the project requires at least <min> but has been updated
  to work with policies introduced by <max> or earlier.
Call Stack (most recent call first):
  /opt/hostedtoolcache/ndk/r27c/x64/build/cmake/android.toolchain.cmake:55 (include)
  /home/runner/vcpkg/scripts/buildsystems/vcpkg.cmake:210 (include)
  /home/runner/work/zh-mobile/zh-mobile/build/android-arm64/CMakeFiles/3.31.6/CMakeSystem.cmake:6 (include)
  /home/runner/work/zh-mobile/zh-mobile/build/android-arm64/CMakeFiles/CMakeScratch/TryCompile-mRjUNj/CMakeLists.txt:5 (project)


CMake Deprecation Warning at /opt/hostedtoolcache/ndk/r27c/x64/build/cmake/flags.cmake:18 (cmake_minimum_required):
  Compatibility with CMake < 3.10 will be removed from a future version of
  CMake.

  Update the VERSION argument <min> value.  Or, use the <min>...<max> syntax
  to tell CMake that the project requires at least <min> but has been updated
  to work with policies introduced by <max> or earlier.
Call Stack (most recent call first):
  /usr/local/share/cmake-3.31/Modules/Platform/Android-Clang.cmake:23 (include)
  /usr/local/share/cmake-3.31/Modules/Platform/Android-Clang-C.cmake:1 (include)
  /usr/local/share/cmake-3.31/Modules/CMakeCInformation.cmake:48 (include)
  /home/runner/work/zh-mobile/zh-mobile/build/android-arm64/CMakeFiles/CMakeScratch/TryCompile-mRjUNj/CMakeLists.txt:5 (project)


-- Performing Test HAVE_GCC_WDOCUMENTATION_UNKNOWN_COMMAND - Success
-- Performing Test HAVE_GCC_COMMENT_BLOCK_COMMANDS
CMake Deprecation Warning at /opt/hostedtoolcache/ndk/r27c/x64/build/cmake/android.toolchain.cmake:35 (cmake_minimum_required):
  Compatibility with CMake < 3.10 will be removed from a future version of
  CMake.

  Update the VERSION argument <min> value.  Or, use the <min>...<max> syntax
  to tell CMake that the project requires at least <min> but has been updated
  to work with policies introduced by <max> or earlier.
Call Stack (most recent call first):
  /home/runner/vcpkg/scripts/buildsystems/vcpkg.cmake:210 (include)
  /home/runner/work/zh-mobile/zh-mobile/build/android-arm64/CMakeFiles/3.31.6/CMakeSystem.cmake:6 (include)
  /home/runner/work/zh-mobile/zh-mobile/build/android-arm64/CMakeFiles/CMakeScratch/TryCompile-Rt5KBi/CMakeLists.txt:5 (project)


CMake Deprecation Warning at /opt/hostedtoolcache/ndk/r27c/x64/build/cmake/android-legacy.toolchain.cmake:35 (cmake_minimum_required):
  Compatibility with CMake < 3.10 will be removed from a future version of
  CMake.

  Update the VERSION argument <min> value.  Or, use the <min>...<max> syntax
  to tell CMake that the project requires at least <min> but has been updated
  to work with policies introduced by <max> or earlier.
Call Stack (most recent call first):
  /opt/hostedtoolcache/ndk/r27c/x64/build/cmake/android.toolchain.cmake:55 (include)
  /home/runner/vcpkg/scripts/buildsystems/vcpkg.cmake:210 (include)
  /home/runner/work/zh-mobile/zh-mobile/build/android-arm64/CMakeFiles/3.31.6/CMakeSystem.cmake:6 (include)
  /home/runner/work/zh-mobile/zh-mobile/build/android-arm64/CMakeFiles/CMakeScratch/TryCompile-Rt5KBi/CMakeLists.txt:5 (project)


CMake Deprecation Warning at /opt/hostedtoolcache/ndk/r27c/x64/build/cmake/flags.cmake:18 (cmake_minimum_required):
  Compatibility with CMake < 3.10 will be removed from a future version of
  CMake.

  Update the VERSION argument <min> value.  Or, use the <min>...<max> syntax
  to tell CMake that the project requires at least <min> but has been updated
  to work with policies introduced by <max> or earlier.
Call Stack (most recent call first):
  /usr/local/share/cmake-3.31/Modules/Platform/Android-Clang.cmake:23 (include)
  /usr/local/share/cmake-3.31/Modules/Platform/Android-Clang-C.cmake:1 (include)
  /usr/local/share/cmake-3.31/Modules/CMakeCInformation.cmake:48 (include)
  /home/runner/work/zh-mobile/zh-mobile/build/android-arm64/CMakeFiles/CMakeScratch/TryCompile-Rt5KBi/CMakeLists.txt:5 (project)


-- Performing Test HAVE_GCC_COMMENT_BLOCK_COMMANDS - Success
-- Performing Test HAVE_GCC_WSHADOW
CMake Deprecation Warning at /opt/hostedtoolcache/ndk/r27c/x64/build/cmake/android.toolchain.cmake:35 (cmake_minimum_required):
  Compatibility with CMake < 3.10 will be removed from a future version of
  CMake.

  Update the VERSION argument <min> value.  Or, use the <min>...<max> syntax
  to tell CMake that the project requires at least <min> but has been updated
  to work with policies introduced by <max> or earlier.
Call Stack (most recent call first):
  /home/runner/vcpkg/scripts/buildsystems/vcpkg.cmake:210 (include)
  /home/runner/work/zh-mobile/zh-mobile/build/android-arm64/CMakeFiles/3.31.6/CMakeSystem.cmake:6 (include)
  /home/runner/work/zh-mobile/zh-mobile/build/android-arm64/CMakeFiles/CMakeScratch/TryCompile-FCtV72/CMakeLists.txt:5 (project)


CMake Deprecation Warning at /opt/hostedtoolcache/ndk/r27c/x64/build/cmake/android-legacy.toolchain.cmake:35 (cmake_minimum_required):
  Compatibility with CMake < 3.10 will be removed from a future version of
  CMake.

  Update the VERSION argument <min> value.  Or, use the <min>...<max> syntax
  to tell CMake that the project requires at least <min> but has been updated
  to work with policies introduced by <max> or earlier.
Call Stack (most recent call first):
  /opt/hostedtoolcache/ndk/r27c/x64/build/cmake/android.toolchain.cmake:55 (include)
  /home/runner/vcpkg/scripts/buildsystems/vcpkg.cmake:210 (include)
  /home/runner/work/zh-mobile/zh-mobile/build/android-arm64/CMakeFiles/3.31.6/CMakeSystem.cmake:6 (include)
  /home/runner/work/zh-mobile/zh-mobile/build/android-arm64/CMakeFiles/CMakeScratch/TryCompile-FCtV72/CMakeLists.txt:5 (project)


CMake Deprecation Warning at /opt/hostedtoolcache/ndk/r27c/x64/build/cmake/flags.cmake:18 (cmake_minimum_required):
  Compatibility with CMake < 3.10 will be removed from a future version of
  CMake.

  Update the VERSION argument <min> value.  Or, use the <min>...<max> syntax
  to tell CMake that the project requires at least <min> but has been updated
  to work with policies introduced by <max> or earlier.
Call Stack (most recent call first):
  /usr/local/share/cmake-3.31/Modules/Platform/Android-Clang.cmake:23 (include)
  /usr/local/share/cmake-3.31/Modules/Platform/Android-Clang-C.cmake:1 (include)
  /usr/local/share/cmake-3.31/Modules/CMakeCInformation.cmake:48 (include)
  /home/runner/work/zh-mobile/zh-mobile/build/android-arm64/CMakeFiles/CMakeScratch/TryCompile-FCtV72/CMakeLists.txt:5 (project)


-- Performing Test HAVE_GCC_WSHADOW - Success
-- Performing Test HAVE_GCC_WUNUSED_LOCAL_TYPEDEFS
CMake Deprecation Warning at /opt/hostedtoolcache/ndk/r27c/x64/build/cmake/android.toolchain.cmake:35 (cmake_minimum_required):
  Compatibility with CMake < 3.10 will be removed from a future version of
  CMake.

  Update the VERSION argument <min> value.  Or, use the <min>...<max> syntax
  to tell CMake that the project requires at least <min> but has been updated
  to work with policies introduced by <max> or earlier.
Call Stack (most recent call first):
  /home/runner/vcpkg/scripts/buildsystems/vcpkg.cmake:210 (include)
  /home/runner/work/zh-mobile/zh-mobile/build/android-arm64/CMakeFiles/3.31.6/CMakeSystem.cmake:6 (include)
  /home/runner/work/zh-mobile/zh-mobile/build/android-arm64/CMakeFiles/CMakeScratch/TryCompile-2HzQt8/CMakeLists.txt:5 (project)


CMake Deprecation Warning at /opt/hostedtoolcache/ndk/r27c/x64/build/cmake/android-legacy.toolchain.cmake:35 (cmake_minimum_required):
  Compatibility with CMake < 3.10 will be removed from a future version of
  CMake.

  Update the VERSION argument <min> value.  Or, use the <min>...<max> syntax
  to tell CMake that the project requires at least <min> but has been updated
  to work with policies introduced by <max> or earlier.
Call Stack (most recent call first):
  /opt/hostedtoolcache/ndk/r27c/x64/build/cmake/android.toolchain.cmake:55 (include)
  /home/runner/vcpkg/scripts/buildsystems/vcpkg.cmake:210 (include)
  /home/runner/work/zh-mobile/zh-mobile/build/android-arm64/CMakeFiles/3.31.6/CMakeSystem.cmake:6 (include)
  /home/runner/work/zh-mobile/zh-mobile/build/android-arm64/CMakeFiles/CMakeScratch/TryCompile-2HzQt8/CMakeLists.txt:5 (project)


CMake Deprecation Warning at /opt/hostedtoolcache/ndk/r27c/x64/build/cmake/flags.cmake:18 (cmake_minimum_required):
  Compatibility with CMake < 3.10 will be removed from a future version of
  CMake.

  Update the VERSION argument <min> value.  Or, use the <min>...<max> syntax
  to tell CMake that the project requires at least <min> but has been updated
  to work with policies introduced by <max> or earlier.
Call Stack (most recent call first):
  /usr/local/share/cmake-3.31/Modules/Platform/Android-Clang.cmake:23 (include)
  /usr/local/share/cmake-3.31/Modules/Platform/Android-Clang-C.cmake:1 (include)
  /usr/local/share/cmake-3.31/Modules/CMakeCInformation.cmake:48 (include)
  /home/runner/work/zh-mobile/zh-mobile/build/android-arm64/CMakeFiles/CMakeScratch/TryCompile-2HzQt8/CMakeLists.txt:5 (project)


-- Performing Test HAVE_GCC_WUNUSED_LOCAL_TYPEDEFS - Success
-- Performing Test HAVE_GCC_WIMPLICIT_FALLTHROUGH
CMake Deprecation Warning at /opt/hostedtoolcache/ndk/r27c/x64/build/cmake/android.toolchain.cmake:35 (cmake_minimum_required):
  Compatibility with CMake < 3.10 will be removed from a future version of
  CMake.

  Update the VERSION argument <min> value.  Or, use the <min>...<max> syntax
  to tell CMake that the project requires at least <min> but has been updated
  to work with policies introduced by <max> or earlier.
Call Stack (most recent call first):
  /home/runner/vcpkg/scripts/buildsystems/vcpkg.cmake:210 (include)
  /home/runner/work/zh-mobile/zh-mobile/build/android-arm64/CMakeFiles/3.31.6/CMakeSystem.cmake:6 (include)
  /home/runner/work/zh-mobile/zh-mobile/build/android-arm64/CMakeFiles/CMakeScratch/TryCompile-KKish9/CMakeLists.txt:5 (project)


CMake Deprecation Warning at /opt/hostedtoolcache/ndk/r27c/x64/build/cmake/android-legacy.toolchain.cmake:35 (cmake_minimum_required):
  Compatibility with CMake < 3.10 will be removed from a future version of
  CMake.

  Update the VERSION argument <min> value.  Or, use the <min>...<max> syntax
  to tell CMake that the project requires at least <min> but has been updated
  to work with policies introduced by <max> or earlier.
Call Stack (most recent call first):
  /opt/hostedtoolcache/ndk/r27c/x64/build/cmake/android.toolchain.cmake:55 (include)
  /home/runner/vcpkg/scripts/buildsystems/vcpkg.cmake:210 (include)
  /home/runner/work/zh-mobile/zh-mobile/build/android-arm64/CMakeFiles/3.31.6/CMakeSystem.cmake:6 (include)
  /home/runner/work/zh-mobile/zh-mobile/build/android-arm64/CMakeFiles/CMakeScratch/TryCompile-KKish9/CMakeLists.txt:5 (project)


CMake Deprecation Warning at /opt/hostedtoolcache/ndk/r27c/x64/build/cmake/flags.cmake:18 (cmake_minimum_required):
  Compatibility with CMake < 3.10 will be removed from a future version of
  CMake.

  Update the VERSION argument <min> value.  Or, use the <min>...<max> syntax
  to tell CMake that the project requires at least <min> but has been updated
  to work with policies introduced by <max> or earlier.
Call Stack (most recent call first):
  /usr/local/share/cmake-3.31/Modules/Platform/Android-Clang.cmake:23 (include)
  /usr/local/share/cmake-3.31/Modules/Platform/Android-Clang-C.cmake:1 (include)
  /usr/local/share/cmake-3.31/Modules/CMakeCInformation.cmake:48 (include)
  /home/runner/work/zh-mobile/zh-mobile/build/android-arm64/CMakeFiles/CMakeScratch/TryCompile-KKish9/CMakeLists.txt:5 (project)


-- Performing Test HAVE_GCC_WIMPLICIT_FALLTHROUGH - Success
-- Performing Test COMPILER_SUPPORTS_FCOLOR_DIAGNOSTICS
CMake Deprecation Warning at /opt/hostedtoolcache/ndk/r27c/x64/build/cmake/android.toolchain.cmake:35 (cmake_minimum_required):
  Compatibility with CMake < 3.10 will be removed from a future version of
  CMake.

  Update the VERSION argument <min> value.  Or, use the <min>...<max> syntax
  to tell CMake that the project requires at least <min> but has been updated
  to work with policies introduced by <max> or earlier.
Call Stack (most recent call first):
  /home/runner/vcpkg/scripts/buildsystems/vcpkg.cmake:210 (include)
  /home/runner/work/zh-mobile/zh-mobile/build/android-arm64/CMakeFiles/3.31.6/CMakeSystem.cmake:6 (include)
  /home/runner/work/zh-mobile/zh-mobile/build/android-arm64/CMakeFiles/CMakeScratch/TryCompile-4sIVTw/CMakeLists.txt:5 (project)


CMake Deprecation Warning at /opt/hostedtoolcache/ndk/r27c/x64/build/cmake/android-legacy.toolchain.cmake:35 (cmake_minimum_required):
  Compatibility with CMake < 3.10 will be removed from a future version of
  CMake.

  Update the VERSION argument <min> value.  Or, use the <min>...<max> syntax
  to tell CMake that the project requires at least <min> but has been updated
  to work with policies introduced by <max> or earlier.
Call Stack (most recent call first):
  /opt/hostedtoolcache/ndk/r27c/x64/build/cmake/android.toolchain.cmake:55 (include)
  /home/runner/vcpkg/scripts/buildsystems/vcpkg.cmake:210 (include)
  /home/runner/work/zh-mobile/zh-mobile/build/android-arm64/CMakeFiles/3.31.6/CMakeSystem.cmake:6 (include)
  /home/runner/work/zh-mobile/zh-mobile/build/android-arm64/CMakeFiles/CMakeScratch/TryCompile-4sIVTw/CMakeLists.txt:5 (project)


CMake Deprecation Warning at /opt/hostedtoolcache/ndk/r27c/x64/build/cmake/flags.cmake:18 (cmake_minimum_required):
  Compatibility with CMake < 3.10 will be removed from a future version of
  CMake.

  Update the VERSION argument <min> value.  Or, use the <min>...<max> syntax
  to tell CMake that the project requires at least <min> but has been updated
  to work with policies introduced by <max> or earlier.
Call Stack (most recent call first):
  /usr/local/share/cmake-3.31/Modules/Platform/Android-Clang.cmake:23 (include)
  /usr/local/share/cmake-3.31/Modules/Platform/Android-Clang-C.cmake:1 (include)
  /usr/local/share/cmake-3.31/Modules/CMakeCInformation.cmake:48 (include)
  /home/runner/work/zh-mobile/zh-mobile/build/android-arm64/CMakeFiles/CMakeScratch/TryCompile-4sIVTw/CMakeLists.txt:5 (project)


-- Performing Test COMPILER_SUPPORTS_FCOLOR_DIAGNOSTICS - Success
-- Looking for __GLIBC__
CMake Deprecation Warning at /opt/hostedtoolcache/ndk/r27c/x64/build/cmake/android.toolchain.cmake:35 (cmake_minimum_required):
  Compatibility with CMake < 3.10 will be removed from a future version of
  CMake.

  Update the VERSION argument <min> value.  Or, use the <min>...<max> syntax
  to tell CMake that the project requires at least <min> but has been updated
  to work with policies introduced by <max> or earlier.
Call Stack (most recent call first):
  /home/runner/vcpkg/scripts/buildsystems/vcpkg.cmake:210 (include)
  /home/runner/work/zh-mobile/zh-mobile/build/android-arm64/CMakeFiles/3.31.6/CMakeSystem.cmake:6 (include)
  /home/runner/work/zh-mobile/zh-mobile/build/android-arm64/CMakeFiles/CMakeScratch/TryCompile-dfuwW8/CMakeLists.txt:5 (project)


CMake Deprecation Warning at /opt/hostedtoolcache/ndk/r27c/x64/build/cmake/android-legacy.toolchain.cmake:35 (cmake_minimum_required):
  Compatibility with CMake < 3.10 will be removed from a future version of
  CMake.

  Update the VERSION argument <min> value.  Or, use the <min>...<max> syntax
  to tell CMake that the project requires at least <min> but has been updated
  to work with policies introduced by <max> or earlier.
Call Stack (most recent call first):
  /opt/hostedtoolcache/ndk/r27c/x64/build/cmake/android.toolchain.cmake:55 (include)
  /home/runner/vcpkg/scripts/buildsystems/vcpkg.cmake:210 (include)
  /home/runner/work/zh-mobile/zh-mobile/build/android-arm64/CMakeFiles/3.31.6/CMakeSystem.cmake:6 (include)
  /home/runner/work/zh-mobile/zh-mobile/build/android-arm64/CMakeFiles/CMakeScratch/TryCompile-dfuwW8/CMakeLists.txt:5 (project)


CMake Deprecation Warning at /opt/hostedtoolcache/ndk/r27c/x64/build/cmake/flags.cmake:18 (cmake_minimum_required):
  Compatibility with CMake < 3.10 will be removed from a future version of
  CMake.

  Update the VERSION argument <min> value.  Or, use the <min>...<max> syntax
  to tell CMake that the project requires at least <min> but has been updated
  to work with policies introduced by <max> or earlier.
Call Stack (most recent call first):
  /usr/local/share/cmake-3.31/Modules/Platform/Android-Clang.cmake:23 (include)
  /usr/local/share/cmake-3.31/Modules/Platform/Android-Clang-C.cmake:1 (include)
  /usr/local/share/cmake-3.31/Modules/CMakeCInformation.cmake:48 (include)
  /home/runner/work/zh-mobile/zh-mobile/build/android-arm64/CMakeFiles/CMakeScratch/TryCompile-dfuwW8/CMakeLists.txt:5 (project)


-- Looking for __GLIBC__ - not found
-- Performing Test HAVE_WL_VERSION_SCRIPT
CMake Deprecation Warning at /opt/hostedtoolcache/ndk/r27c/x64/build/cmake/android.toolchain.cmake:35 (cmake_minimum_required):
  Compatibility with CMake < 3.10 will be removed from a future version of
  CMake.

  Update the VERSION argument <min> value.  Or, use the <min>...<max> syntax
  to tell CMake that the project requires at least <min> but has been updated
  to work with policies introduced by <max> or earlier.
Call Stack (most recent call first):
  /home/runner/vcpkg/scripts/buildsystems/vcpkg.cmake:210 (include)
  /home/runner/work/zh-mobile/zh-mobile/build/android-arm64/CMakeFiles/3.31.6/CMakeSystem.cmake:6 (include)
  /home/runner/work/zh-mobile/zh-mobile/build/android-arm64/CMakeFiles/CMakeScratch/TryCompile-yxwWG5/CMakeLists.txt:5 (project)


CMake Deprecation Warning at /opt/hostedtoolcache/ndk/r27c/x64/build/cmake/android-legacy.toolchain.cmake:35 (cmake_minimum_required):
  Compatibility with CMake < 3.10 will be removed from a future version of
  CMake.

  Update the VERSION argument <min> value.  Or, use the <min>...<max> syntax
  to tell CMake that the project requires at least <min> but has been updated
  to work with policies introduced by <max> or earlier.
Call Stack (most recent call first):
  /opt/hostedtoolcache/ndk/r27c/x64/build/cmake/android.toolchain.cmake:55 (include)
  /home/runner/vcpkg/scripts/buildsystems/vcpkg.cmake:210 (include)
  /home/runner/work/zh-mobile/zh-mobile/build/android-arm64/CMakeFiles/3.31.6/CMakeSystem.cmake:6 (include)
  /home/runner/work/zh-mobile/zh-mobile/build/android-arm64/CMakeFiles/CMakeScratch/TryCompile-yxwWG5/CMakeLists.txt:5 (project)


CMake Deprecation Warning at /opt/hostedtoolcache/ndk/r27c/x64/build/cmake/flags.cmake:18 (cmake_minimum_required):
  Compatibility with CMake < 3.10 will be removed from a future version of
  CMake.

  Update the VERSION argument <min> value.  Or, use the <min>...<max> syntax
  to tell CMake that the project requires at least <min> but has been updated
  to work with policies introduced by <max> or earlier.
Call Stack (most recent call first):
  /usr/local/share/cmake-3.31/Modules/Platform/Android-Clang.cmake:23 (include)
  /usr/local/share/cmake-3.31/Modules/Platform/Android-Clang-C.cmake:1 (include)
  /usr/local/share/cmake-3.31/Modules/CMakeCInformation.cmake:48 (include)
  /home/runner/work/zh-mobile/zh-mobile/build/android-arm64/CMakeFiles/CMakeScratch/TryCompile-yxwWG5/CMakeLists.txt:5 (project)


-- Performing Test HAVE_WL_VERSION_SCRIPT - Success
-- Performing Test COMPILER_SUPPORTS_GCC_ATOMICS
CMake Deprecation Warning at /opt/hostedtoolcache/ndk/r27c/x64/build/cmake/android.toolchain.cmake:35 (cmake_minimum_required):
  Compatibility with CMake < 3.10 will be removed from a future version of
  CMake.

  Update the VERSION argument <min> value.  Or, use the <min>...<max> syntax
  to tell CMake that the project requires at least <min> but has been updated
  to work with policies introduced by <max> or earlier.
Call Stack (most recent call first):
  /home/runner/vcpkg/scripts/buildsystems/vcpkg.cmake:210 (include)
  /home/runner/work/zh-mobile/zh-mobile/build/android-arm64/CMakeFiles/3.31.6/CMakeSystem.cmake:6 (include)
  /home/runner/work/zh-mobile/zh-mobile/build/android-arm64/CMakeFiles/CMakeScratch/TryCompile-Nuc2Oc/CMakeLists.txt:5 (project)


CMake Deprecation Warning at /opt/hostedtoolcache/ndk/r27c/x64/build/cmake/android-legacy.toolchain.cmake:35 (cmake_minimum_required):
  Compatibility with CMake < 3.10 will be removed from a future version of
  CMake.

  Update the VERSION argument <min> value.  Or, use the <min>...<max> syntax
  to tell CMake that the project requires at least <min> but has been updated
  to work with policies introduced by <max> or earlier.
Call Stack (most recent call first):
  /opt/hostedtoolcache/ndk/r27c/x64/build/cmake/android.toolchain.cmake:55 (include)
  /home/runner/vcpkg/scripts/buildsystems/vcpkg.cmake:210 (include)
  /home/runner/work/zh-mobile/zh-mobile/build/android-arm64/CMakeFiles/3.31.6/CMakeSystem.cmake:6 (include)
  /home/runner/work/zh-mobile/zh-mobile/build/android-arm64/CMakeFiles/CMakeScratch/TryCompile-Nuc2Oc/CMakeLists.txt:5 (project)


CMake Deprecation Warning at /opt/hostedtoolcache/ndk/r27c/x64/build/cmake/flags.cmake:18 (cmake_minimum_required):
  Compatibility with CMake < 3.10 will be removed from a future version of
  CMake.

  Update the VERSION argument <min> value.  Or, use the <min>...<max> syntax
  to tell CMake that the project requires at least <min> but has been updated
  to work with policies introduced by <max> or earlier.
Call Stack (most recent call first):
  /usr/local/share/cmake-3.31/Modules/Platform/Android-Clang.cmake:23 (include)
  /usr/local/share/cmake-3.31/Modules/Platform/Android-Clang-C.cmake:1 (include)
  /usr/local/share/cmake-3.31/Modules/CMakeCInformation.cmake:48 (include)
  /home/runner/work/zh-mobile/zh-mobile/build/android-arm64/CMakeFiles/CMakeScratch/TryCompile-Nuc2Oc/CMakeLists.txt:5 (project)


-- Performing Test COMPILER_SUPPORTS_GCC_ATOMICS - Success
-- Performing Test HAVE_GCC_FVISIBILITY
CMake Deprecation Warning at /opt/hostedtoolcache/ndk/r27c/x64/build/cmake/android.toolchain.cmake:35 (cmake_minimum_required):
  Compatibility with CMake < 3.10 will be removed from a future version of
  CMake.

  Update the VERSION argument <min> value.  Or, use the <min>...<max> syntax
  to tell CMake that the project requires at least <min> but has been updated
  to work with policies introduced by <max> or earlier.
Call Stack (most recent call first):
  /home/runner/vcpkg/scripts/buildsystems/vcpkg.cmake:210 (include)
  /home/runner/work/zh-mobile/zh-mobile/build/android-arm64/CMakeFiles/3.31.6/CMakeSystem.cmake:6 (include)
  /home/runner/work/zh-mobile/zh-mobile/build/android-arm64/CMakeFiles/CMakeScratch/TryCompile-epIoJ4/CMakeLists.txt:5 (project)


CMake Deprecation Warning at /opt/hostedtoolcache/ndk/r27c/x64/build/cmake/android-legacy.toolchain.cmake:35 (cmake_minimum_required):
  Compatibility with CMake < 3.10 will be removed from a future version of
  CMake.

  Update the VERSION argument <min> value.  Or, use the <min>...<max> syntax
  to tell CMake that the project requires at least <min> but has been updated
  to work with policies introduced by <max> or earlier.
Call Stack (most recent call first):
  /opt/hostedtoolcache/ndk/r27c/x64/build/cmake/android.toolchain.cmake:55 (include)
  /home/runner/vcpkg/scripts/buildsystems/vcpkg.cmake:210 (include)
  /home/runner/work/zh-mobile/zh-mobile/build/android-arm64/CMakeFiles/3.31.6/CMakeSystem.cmake:6 (include)
  /home/runner/work/zh-mobile/zh-mobile/build/android-arm64/CMakeFiles/CMakeScratch/TryCompile-epIoJ4/CMakeLists.txt:5 (project)


CMake Deprecation Warning at /opt/hostedtoolcache/ndk/r27c/x64/build/cmake/flags.cmake:18 (cmake_minimum_required):
  Compatibility with CMake < 3.10 will be removed from a future version of
  CMake.

  Update the VERSION argument <min> value.  Or, use the <min>...<max> syntax
  to tell CMake that the project requires at least <min> but has been updated
  to work with policies introduced by <max> or earlier.
Call Stack (most recent call first):
  /usr/local/share/cmake-3.31/Modules/Platform/Android-Clang.cmake:23 (include)
  /usr/local/share/cmake-3.31/Modules/Platform/Android-Clang-C.cmake:1 (include)
  /usr/local/share/cmake-3.31/Modules/CMakeCInformation.cmake:48 (include)
  /home/runner/work/zh-mobile/zh-mobile/build/android-arm64/CMakeFiles/CMakeScratch/TryCompile-epIoJ4/CMakeLists.txt:5 (project)


-- Performing Test HAVE_GCC_FVISIBILITY - Success
-- Performing Test LINKER_SUPPORTS_WL_NO_UNDEFINED
CMake Deprecation Warning at /opt/hostedtoolcache/ndk/r27c/x64/build/cmake/android.toolchain.cmake:35 (cmake_minimum_required):
  Compatibility with CMake < 3.10 will be removed from a future version of
  CMake.

  Update the VERSION argument <min> value.  Or, use the <min>...<max> syntax
  to tell CMake that the project requires at least <min> but has been updated
  to work with policies introduced by <max> or earlier.
Call Stack (most recent call first):
  /home/runner/vcpkg/scripts/buildsystems/vcpkg.cmake:210 (include)
  /home/runner/work/zh-mobile/zh-mobile/build/android-arm64/CMakeFiles/3.31.6/CMakeSystem.cmake:6 (include)
  /home/runner/work/zh-mobile/zh-mobile/build/android-arm64/CMakeFiles/CMakeScratch/TryCompile-Tl774u/CMakeLists.txt:5 (project)


CMake Deprecation Warning at /opt/hostedtoolcache/ndk/r27c/x64/build/cmake/android-legacy.toolchain.cmake:35 (cmake_minimum_required):
  Compatibility with CMake < 3.10 will be removed from a future version of
  CMake.

  Update the VERSION argument <min> value.  Or, use the <min>...<max> syntax
  to tell CMake that the project requires at least <min> but has been updated
  to work with policies introduced by <max> or earlier.
Call Stack (most recent call first):
  /opt/hostedtoolcache/ndk/r27c/x64/build/cmake/android.toolchain.cmake:55 (include)
  /home/runner/vcpkg/scripts/buildsystems/vcpkg.cmake:210 (include)
  /home/runner/work/zh-mobile/zh-mobile/build/android-arm64/CMakeFiles/3.31.6/CMakeSystem.cmake:6 (include)
  /home/runner/work/zh-mobile/zh-mobile/build/android-arm64/CMakeFiles/CMakeScratch/TryCompile-Tl774u/CMakeLists.txt:5 (project)


CMake Deprecation Warning at /opt/hostedtoolcache/ndk/r27c/x64/build/cmake/flags.cmake:18 (cmake_minimum_required):
  Compatibility with CMake < 3.10 will be removed from a future version of
  CMake.

  Update the VERSION argument <min> value.  Or, use the <min>...<max> syntax
  to tell CMake that the project requires at least <min> but has been updated
  to work with policies introduced by <max> or earlier.
Call Stack (most recent call first):
  /usr/local/share/cmake-3.31/Modules/Platform/Android-Clang.cmake:23 (include)
  /usr/local/share/cmake-3.31/Modules/Platform/Android-Clang-C.cmake:1 (include)
  /usr/local/share/cmake-3.31/Modules/CMakeCInformation.cmake:48 (include)
  /home/runner/work/zh-mobile/zh-mobile/build/android-arm64/CMakeFiles/CMakeScratch/TryCompile-Tl774u/CMakeLists.txt:5 (project)


-- Performing Test LINKER_SUPPORTS_WL_NO_UNDEFINED - Success
-- Performing Test COMPILER_SUPPORTS_ARMNEON
CMake Deprecation Warning at /opt/hostedtoolcache/ndk/r27c/x64/build/cmake/android.toolchain.cmake:35 (cmake_minimum_required):
  Compatibility with CMake < 3.10 will be removed from a future version of
  CMake.

  Update the VERSION argument <min> value.  Or, use the <min>...<max> syntax
  to tell CMake that the project requires at least <min> but has been updated
  to work with policies introduced by <max> or earlier.
Call Stack (most recent call first):
  /home/runner/vcpkg/scripts/buildsystems/vcpkg.cmake:210 (include)
  /home/runner/work/zh-mobile/zh-mobile/build/android-arm64/CMakeFiles/3.31.6/CMakeSystem.cmake:6 (include)
  /home/runner/work/zh-mobile/zh-mobile/build/android-arm64/CMakeFiles/CMakeScratch/TryCompile-s2yNR3/CMakeLists.txt:5 (project)


CMake Deprecation Warning at /opt/hostedtoolcache/ndk/r27c/x64/build/cmake/android-legacy.toolchain.cmake:35 (cmake_minimum_required):
  Compatibility with CMake < 3.10 will be removed from a future version of
  CMake.

  Update the VERSION argument <min> value.  Or, use the <min>...<max> syntax
  to tell CMake that the project requires at least <min> but has been updated
  to work with policies introduced by <max> or earlier.
Call Stack (most recent call first):
  /opt/hostedtoolcache/ndk/r27c/x64/build/cmake/android.toolchain.cmake:55 (include)
  /home/runner/vcpkg/scripts/buildsystems/vcpkg.cmake:210 (include)
  /home/runner/work/zh-mobile/zh-mobile/build/android-arm64/CMakeFiles/3.31.6/CMakeSystem.cmake:6 (include)
  /home/runner/work/zh-mobile/zh-mobile/build/android-arm64/CMakeFiles/CMakeScratch/TryCompile-s2yNR3/CMakeLists.txt:5 (project)


CMake Deprecation Warning at /opt/hostedtoolcache/ndk/r27c/x64/build/cmake/flags.cmake:18 (cmake_minimum_required):
  Compatibility with CMake < 3.10 will be removed from a future version of
  CMake.

  Update the VERSION argument <min> value.  Or, use the <min>...<max> syntax
  to tell CMake that the project requires at least <min> but has been updated
  to work with policies introduced by <max> or earlier.
Call Stack (most recent call first):
  /usr/local/share/cmake-3.31/Modules/Platform/Android-Clang.cmake:23 (include)
  /usr/local/share/cmake-3.31/Modules/Platform/Android-Clang-C.cmake:1 (include)
  /usr/local/share/cmake-3.31/Modules/CMakeCInformation.cmake:48 (include)
  /home/runner/work/zh-mobile/zh-mobile/build/android-arm64/CMakeFiles/CMakeScratch/TryCompile-s2yNR3/CMakeLists.txt:5 (project)


-- Performing Test COMPILER_SUPPORTS_ARMNEON - Success
-- Looking for alloca.h
CMake Deprecation Warning at /opt/hostedtoolcache/ndk/r27c/x64/build/cmake/android.toolchain.cmake:35 (cmake_minimum_required):
  Compatibility with CMake < 3.10 will be removed from a future version of
  CMake.

  Update the VERSION argument <min> value.  Or, use the <min>...<max> syntax
  to tell CMake that the project requires at least <min> but has been updated
  to work with policies introduced by <max> or earlier.
Call Stack (most recent call first):
  /home/runner/vcpkg/scripts/buildsystems/vcpkg.cmake:210 (include)
  /home/runner/work/zh-mobile/zh-mobile/build/android-arm64/CMakeFiles/3.31.6/CMakeSystem.cmake:6 (include)
  /home/runner/work/zh-mobile/zh-mobile/build/android-arm64/CMakeFiles/CMakeScratch/TryCompile-rGnjae/CMakeLists.txt:5 (project)


CMake Deprecation Warning at /opt/hostedtoolcache/ndk/r27c/x64/build/cmake/android-legacy.toolchain.cmake:35 (cmake_minimum_required):
  Compatibility with CMake < 3.10 will be removed from a future version of
  CMake.

  Update the VERSION argument <min> value.  Or, use the <min>...<max> syntax
  to tell CMake that the project requires at least <min> but has been updated
  to work with policies introduced by <max> or earlier.
Call Stack (most recent call first):
  /opt/hostedtoolcache/ndk/r27c/x64/build/cmake/android.toolchain.cmake:55 (include)
  /home/runner/vcpkg/scripts/buildsystems/vcpkg.cmake:210 (include)
  /home/runner/work/zh-mobile/zh-mobile/build/android-arm64/CMakeFiles/3.31.6/CMakeSystem.cmake:6 (include)
  /home/runner/work/zh-mobile/zh-mobile/build/android-arm64/CMakeFiles/CMakeScratch/TryCompile-rGnjae/CMakeLists.txt:5 (project)


CMake Deprecation Warning at /opt/hostedtoolcache/ndk/r27c/x64/build/cmake/flags.cmake:18 (cmake_minimum_required):
  Compatibility with CMake < 3.10 will be removed from a future version of
  CMake.

  Update the VERSION argument <min> value.  Or, use the <min>...<max> syntax
  to tell CMake that the project requires at least <min> but has been updated
  to work with policies introduced by <max> or earlier.
Call Stack (most recent call first):
  /usr/local/share/cmake-3.31/Modules/Platform/Android-Clang.cmake:23 (include)
  /usr/local/share/cmake-3.31/Modules/Platform/Android-Clang-C.cmake:1 (include)
  /usr/local/share/cmake-3.31/Modules/CMakeCInformation.cmake:48 (include)
  /home/runner/work/zh-mobile/zh-mobile/build/android-arm64/CMakeFiles/CMakeScratch/TryCompile-rGnjae/CMakeLists.txt:5 (project)


-- Looking for alloca.h - found
-- Looking for float.h
CMake Deprecation Warning at /opt/hostedtoolcache/ndk/r27c/x64/build/cmake/android.toolchain.cmake:35 (cmake_minimum_required):
  Compatibility with CMake < 3.10 will be removed from a future version of
  CMake.

  Update the VERSION argument <min> value.  Or, use the <min>...<max> syntax
  to tell CMake that the project requires at least <min> but has been updated
  to work with policies introduced by <max> or earlier.
Call Stack (most recent call first):
  /home/runner/vcpkg/scripts/buildsystems/vcpkg.cmake:210 (include)
  /home/runner/work/zh-mobile/zh-mobile/build/android-arm64/CMakeFiles/3.31.6/CMakeSystem.cmake:6 (include)
  /home/runner/work/zh-mobile/zh-mobile/build/android-arm64/CMakeFiles/CMakeScratch/TryCompile-qcSoCJ/CMakeLists.txt:5 (project)


CMake Deprecation Warning at /opt/hostedtoolcache/ndk/r27c/x64/build/cmake/android-legacy.toolchain.cmake:35 (cmake_minimum_required):
  Compatibility with CMake < 3.10 will be removed from a future version of
  CMake.

  Update the VERSION argument <min> value.  Or, use the <min>...<max> syntax
  to tell CMake that the project requires at least <min> but has been updated
  to work with policies introduced by <max> or earlier.
Call Stack (most recent call first):
  /opt/hostedtoolcache/ndk/r27c/x64/build/cmake/android.toolchain.cmake:55 (include)
  /home/runner/vcpkg/scripts/buildsystems/vcpkg.cmake:210 (include)
  /home/runner/work/zh-mobile/zh-mobile/build/android-arm64/CMakeFiles/3.31.6/CMakeSystem.cmake:6 (include)
  /home/runner/work/zh-mobile/zh-mobile/build/android-arm64/CMakeFiles/CMakeScratch/TryCompile-qcSoCJ/CMakeLists.txt:5 (project)


CMake Deprecation Warning at /opt/hostedtoolcache/ndk/r27c/x64/build/cmake/flags.cmake:18 (cmake_minimum_required):
  Compatibility with CMake < 3.10 will be removed from a future version of
  CMake.

  Update the VERSION argument <min> value.  Or, use the <min>...<max> syntax
  to tell CMake that the project requires at least <min> but has been updated
  to work with policies introduced by <max> or earlier.
Call Stack (most recent call first):
  /usr/local/share/cmake-3.31/Modules/Platform/Android-Clang.cmake:23 (include)
  /usr/local/share/cmake-3.31/Modules/Platform/Android-Clang-C.cmake:1 (include)
  /usr/local/share/cmake-3.31/Modules/CMakeCInformation.cmake:48 (include)
  /home/runner/work/zh-mobile/zh-mobile/build/android-arm64/CMakeFiles/CMakeScratch/TryCompile-qcSoCJ/CMakeLists.txt:5 (project)


-- Looking for float.h - found
-- Looking for iconv.h
CMake Deprecation Warning at /opt/hostedtoolcache/ndk/r27c/x64/build/cmake/android.toolchain.cmake:35 (cmake_minimum_required):
  Compatibility with CMake < 3.10 will be removed from a future version of
  CMake.

  Update the VERSION argument <min> value.  Or, use the <min>...<max> syntax
  to tell CMake that the project requires at least <min> but has been updated
  to work with policies introduced by <max> or earlier.
Call Stack (most recent call first):
  /home/runner/vcpkg/scripts/buildsystems/vcpkg.cmake:210 (include)
  /home/runner/work/zh-mobile/zh-mobile/build/android-arm64/CMakeFiles/3.31.6/CMakeSystem.cmake:6 (include)
  /home/runner/work/zh-mobile/zh-mobile/build/android-arm64/CMakeFiles/CMakeScratch/TryCompile-aINYYV/CMakeLists.txt:5 (project)


CMake Deprecation Warning at /opt/hostedtoolcache/ndk/r27c/x64/build/cmake/android-legacy.toolchain.cmake:35 (cmake_minimum_required):
  Compatibility with CMake < 3.10 will be removed from a future version of
  CMake.

  Update the VERSION argument <min> value.  Or, use the <min>...<max> syntax
  to tell CMake that the project requires at least <min> but has been updated
  to work with policies introduced by <max> or earlier.
Call Stack (most recent call first):
  /opt/hostedtoolcache/ndk/r27c/x64/build/cmake/android.toolchain.cmake:55 (include)
  /home/runner/vcpkg/scripts/buildsystems/vcpkg.cmake:210 (include)
  /home/runner/work/zh-mobile/zh-mobile/build/android-arm64/CMakeFiles/3.31.6/CMakeSystem.cmake:6 (include)
  /home/runner/work/zh-mobile/zh-mobile/build/android-arm64/CMakeFiles/CMakeScratch/TryCompile-aINYYV/CMakeLists.txt:5 (project)


CMake Deprecation Warning at /opt/hostedtoolcache/ndk/r27c/x64/build/cmake/flags.cmake:18 (cmake_minimum_required):
  Compatibility with CMake < 3.10 will be removed from a future version of
  CMake.

  Update the VERSION argument <min> value.  Or, use the <min>...<max> syntax
  to tell CMake that the project requires at least <min> but has been updated
  to work with policies introduced by <max> or earlier.
Call Stack (most recent call first):
  /usr/local/share/cmake-3.31/Modules/Platform/Android-Clang.cmake:23 (include)
  /usr/local/share/cmake-3.31/Modules/Platform/Android-Clang-C.cmake:1 (include)
  /usr/local/share/cmake-3.31/Modules/CMakeCInformation.cmake:48 (include)
  /home/runner/work/zh-mobile/zh-mobile/build/android-arm64/CMakeFiles/CMakeScratch/TryCompile-aINYYV/CMakeLists.txt:5 (project)


-- Looking for iconv.h - found
-- Looking for inttypes.h
CMake Deprecation Warning at /opt/hostedtoolcache/ndk/r27c/x64/build/cmake/android.toolchain.cmake:35 (cmake_minimum_required):
  Compatibility with CMake < 3.10 will be removed from a future version of
  CMake.

  Update the VERSION argument <min> value.  Or, use the <min>...<max> syntax
  to tell CMake that the project requires at least <min> but has been updated
  to work with policies introduced by <max> or earlier.
Call Stack (most recent call first):
  /home/runner/vcpkg/scripts/buildsystems/vcpkg.cmake:210 (include)
  /home/runner/work/zh-mobile/zh-mobile/build/android-arm64/CMakeFiles/3.31.6/CMakeSystem.cmake:6 (include)
  /home/runner/work/zh-mobile/zh-mobile/build/android-arm64/CMakeFiles/CMakeScratch/TryCompile-Pyem8S/CMakeLists.txt:5 (project)


CMake Deprecation Warning at /opt/hostedtoolcache/ndk/r27c/x64/build/cmake/android-legacy.toolchain.cmake:35 (cmake_minimum_required):
  Compatibility with CMake < 3.10 will be removed from a future version of
  CMake.

  Update the VERSION argument <min> value.  Or, use the <min>...<max> syntax
  to tell CMake that the project requires at least <min> but has been updated
  to work with policies introduced by <max> or earlier.
Call Stack (most recent call first):
  /opt/hostedtoolcache/ndk/r27c/x64/build/cmake/android.toolchain.cmake:55 (include)
  /home/runner/vcpkg/scripts/buildsystems/vcpkg.cmake:210 (include)
  /home/runner/work/zh-mobile/zh-mobile/build/android-arm64/CMakeFiles/3.31.6/CMakeSystem.cmake:6 (include)
  /home/runner/work/zh-mobile/zh-mobile/build/android-arm64/CMakeFiles/CMakeScratch/TryCompile-Pyem8S/CMakeLists.txt:5 (project)


CMake Deprecation Warning at /opt/hostedtoolcache/ndk/r27c/x64/build/cmake/flags.cmake:18 (cmake_minimum_required):
  Compatibility with CMake < 3.10 will be removed from a future version of
  CMake.

  Update the VERSION argument <min> value.  Or, use the <min>...<max> syntax
  to tell CMake that the project requires at least <min> but has been updated
  to work with policies introduced by <max> or earlier.
Call Stack (most recent call first):
  /usr/local/share/cmake-3.31/Modules/Platform/Android-Clang.cmake:23 (include)
  /usr/local/share/cmake-3.31/Modules/Platform/Android-Clang-C.cmake:1 (include)
  /usr/local/share/cmake-3.31/Modules/CMakeCInformation.cmake:48 (include)
  /home/runner/work/zh-mobile/zh-mobile/build/android-arm64/CMakeFiles/CMakeScratch/TryCompile-Pyem8S/CMakeLists.txt:5 (project)


-- Looking for inttypes.h - found
-- Looking for limits.h
CMake Deprecation Warning at /opt/hostedtoolcache/ndk/r27c/x64/build/cmake/android.toolchain.cmake:35 (cmake_minimum_required):
  Compatibility with CMake < 3.10 will be removed from a future version of
  CMake.

  Update the VERSION argument <min> value.  Or, use the <min>...<max> syntax
  to tell CMake that the project requires at least <min> but has been updated
  to work with policies introduced by <max> or earlier.
Call Stack (most recent call first):
  /home/runner/vcpkg/scripts/buildsystems/vcpkg.cmake:210 (include)
  /home/runner/work/zh-mobile/zh-mobile/build/android-arm64/CMakeFiles/3.31.6/CMakeSystem.cmake:6 (include)
  /home/runner/work/zh-mobile/zh-mobile/build/android-arm64/CMakeFiles/CMakeScratch/TryCompile-cUVNBY/CMakeLists.txt:5 (project)


CMake Deprecation Warning at /opt/hostedtoolcache/ndk/r27c/x64/build/cmake/android-legacy.toolchain.cmake:35 (cmake_minimum_required):
  Compatibility with CMake < 3.10 will be removed from a future version of
  CMake.

  Update the VERSION argument <min> value.  Or, use the <min>...<max> syntax
  to tell CMake that the project requires at least <min> but has been updated
  to work with policies introduced by <max> or earlier.
Call Stack (most recent call first):
  /opt/hostedtoolcache/ndk/r27c/x64/build/cmake/android.toolchain.cmake:55 (include)
  /home/runner/vcpkg/scripts/buildsystems/vcpkg.cmake:210 (include)
  /home/runner/work/zh-mobile/zh-mobile/build/android-arm64/CMakeFiles/3.31.6/CMakeSystem.cmake:6 (include)
  /home/runner/work/zh-mobile/zh-mobile/build/android-arm64/CMakeFiles/CMakeScratch/TryCompile-cUVNBY/CMakeLists.txt:5 (project)


CMake Deprecation Warning at /opt/hostedtoolcache/ndk/r27c/x64/build/cmake/flags.cmake:18 (cmake_minimum_required):
  Compatibility with CMake < 3.10 will be removed from a future version of
  CMake.

  Update the VERSION argument <min> value.  Or, use the <min>...<max> syntax
  to tell CMake that the project requires at least <min> but has been updated
  to work with policies introduced by <max> or earlier.
Call Stack (most recent call first):
  /usr/local/share/cmake-3.31/Modules/Platform/Android-Clang.cmake:23 (include)
  /usr/local/share/cmake-3.31/Modules/Platform/Android-Clang-C.cmake:1 (include)
  /usr/local/share/cmake-3.31/Modules/CMakeCInformation.cmake:48 (include)
  /home/runner/work/zh-mobile/zh-mobile/build/android-arm64/CMakeFiles/CMakeScratch/TryCompile-cUVNBY/CMakeLists.txt:5 (project)


-- Looking for limits.h - found
-- Looking for malloc.h
CMake Deprecation Warning at /opt/hostedtoolcache/ndk/r27c/x64/build/cmake/android.toolchain.cmake:35 (cmake_minimum_required):
  Compatibility with CMake < 3.10 will be removed from a future version of
  CMake.

  Update the VERSION argument <min> value.  Or, use the <min>...<max> syntax
  to tell CMake that the project requires at least <min> but has been updated
  to work with policies introduced by <max> or earlier.
Call Stack (most recent call first):
  /home/runner/vcpkg/scripts/buildsystems/vcpkg.cmake:210 (include)
  /home/runner/work/zh-mobile/zh-mobile/build/android-arm64/CMakeFiles/3.31.6/CMakeSystem.cmake:6 (include)
  /home/runner/work/zh-mobile/zh-mobile/build/android-arm64/CMakeFiles/CMakeScratch/TryCompile-nmhV6R/CMakeLists.txt:5 (project)


CMake Deprecation Warning at /opt/hostedtoolcache/ndk/r27c/x64/build/cmake/android-legacy.toolchain.cmake:35 (cmake_minimum_required):
  Compatibility with CMake < 3.10 will be removed from a future version of
  CMake.

  Update the VERSION argument <min> value.  Or, use the <min>...<max> syntax
  to tell CMake that the project requires at least <min> but has been updated
  to work with policies introduced by <max> or earlier.
Call Stack (most recent call first):
  /opt/hostedtoolcache/ndk/r27c/x64/build/cmake/android.toolchain.cmake:55 (include)
  /home/runner/vcpkg/scripts/buildsystems/vcpkg.cmake:210 (include)
  /home/runner/work/zh-mobile/zh-mobile/build/android-arm64/CMakeFiles/3.31.6/CMakeSystem.cmake:6 (include)
  /home/runner/work/zh-mobile/zh-mobile/build/android-arm64/CMakeFiles/CMakeScratch/TryCompile-nmhV6R/CMakeLists.txt:5 (project)


CMake Deprecation Warning at /opt/hostedtoolcache/ndk/r27c/x64/build/cmake/flags.cmake:18 (cmake_minimum_required):
  Compatibility with CMake < 3.10 will be removed from a future version of
  CMake.

  Update the VERSION argument <min> value.  Or, use the <min>...<max> syntax
  to tell CMake that the project requires at least <min> but has been updated
  to work with policies introduced by <max> or earlier.
Call Stack (most recent call first):
  /usr/local/share/cmake-3.31/Modules/Platform/Android-Clang.cmake:23 (include)
  /usr/local/share/cmake-3.31/Modules/Platform/Android-Clang-C.cmake:1 (include)
  /usr/local/share/cmake-3.31/Modules/CMakeCInformation.cmake:48 (include)
  /home/runner/work/zh-mobile/zh-mobile/build/android-arm64/CMakeFiles/CMakeScratch/TryCompile-nmhV6R/CMakeLists.txt:5 (project)


-- Looking for malloc.h - found
-- Looking for math.h
CMake Deprecation Warning at /opt/hostedtoolcache/ndk/r27c/x64/build/cmake/android.toolchain.cmake:35 (cmake_minimum_required):
  Compatibility with CMake < 3.10 will be removed from a future version of
  CMake.

  Update the VERSION argument <min> value.  Or, use the <min>...<max> syntax
  to tell CMake that the project requires at least <min> but has been updated
  to work with policies introduced by <max> or earlier.
Call Stack (most recent call first):
  /home/runner/vcpkg/scripts/buildsystems/vcpkg.cmake:210 (include)
  /home/runner/work/zh-mobile/zh-mobile/build/android-arm64/CMakeFiles/3.31.6/CMakeSystem.cmake:6 (include)
  /home/runner/work/zh-mobile/zh-mobile/build/android-arm64/CMakeFiles/CMakeScratch/TryCompile-N8r9y1/CMakeLists.txt:5 (project)


CMake Deprecation Warning at /opt/hostedtoolcache/ndk/r27c/x64/build/cmake/android-legacy.toolchain.cmake:35 (cmake_minimum_required):
  Compatibility with CMake < 3.10 will be removed from a future version of
  CMake.

  Update the VERSION argument <min> value.  Or, use the <min>...<max> syntax
  to tell CMake that the project requires at least <min> but has been updated
  to work with policies introduced by <max> or earlier.
Call Stack (most recent call first):
  /opt/hostedtoolcache/ndk/r27c/x64/build/cmake/android.toolchain.cmake:55 (include)
  /home/runner/vcpkg/scripts/buildsystems/vcpkg.cmake:210 (include)
  /home/runner/work/zh-mobile/zh-mobile/build/android-arm64/CMakeFiles/3.31.6/CMakeSystem.cmake:6 (include)
  /home/runner/work/zh-mobile/zh-mobile/build/android-arm64/CMakeFiles/CMakeScratch/TryCompile-N8r9y1/CMakeLists.txt:5 (project)


CMake Deprecation Warning at /opt/hostedtoolcache/ndk/r27c/x64/build/cmake/flags.cmake:18 (cmake_minimum_required):
  Compatibility with CMake < 3.10 will be removed from a future version of
  CMake.

  Update the VERSION argument <min> value.  Or, use the <min>...<max> syntax
  to tell CMake that the project requires at least <min> but has been updated
  to work with policies introduced by <max> or earlier.
Call Stack (most recent call first):
  /usr/local/share/cmake-3.31/Modules/Platform/Android-Clang.cmake:23 (include)
  /usr/local/share/cmake-3.31/Modules/Platform/Android-Clang-C.cmake:1 (include)
  /usr/local/share/cmake-3.31/Modules/CMakeCInformation.cmake:48 (include)
  /home/runner/work/zh-mobile/zh-mobile/build/android-arm64/CMakeFiles/CMakeScratch/TryCompile-N8r9y1/CMakeLists.txt:5 (project)


-- Looking for math.h - found
-- Looking for memory.h
CMake Deprecation Warning at /opt/hostedtoolcache/ndk/r27c/x64/build/cmake/android.toolchain.cmake:35 (cmake_minimum_required):
  Compatibility with CMake < 3.10 will be removed from a future version of
  CMake.

  Update the VERSION argument <min> value.  Or, use the <min>...<max> syntax
  to tell CMake that the project requires at least <min> but has been updated
  to work with policies introduced by <max> or earlier.
Call Stack (most recent call first):
  /home/runner/vcpkg/scripts/buildsystems/vcpkg.cmake:210 (include)
  /home/runner/work/zh-mobile/zh-mobile/build/android-arm64/CMakeFiles/3.31.6/CMakeSystem.cmake:6 (include)
  /home/runner/work/zh-mobile/zh-mobile/build/android-arm64/CMakeFiles/CMakeScratch/TryCompile-YOI6c7/CMakeLists.txt:5 (project)


CMake Deprecation Warning at /opt/hostedtoolcache/ndk/r27c/x64/build/cmake/android-legacy.toolchain.cmake:35 (cmake_minimum_required):
  Compatibility with CMake < 3.10 will be removed from a future version of
  CMake.

  Update the VERSION argument <min> value.  Or, use the <min>...<max> syntax
  to tell CMake that the project requires at least <min> but has been updated
  to work with policies introduced by <max> or earlier.
Call Stack (most recent call first):
  /opt/hostedtoolcache/ndk/r27c/x64/build/cmake/android.toolchain.cmake:55 (include)
  /home/runner/vcpkg/scripts/buildsystems/vcpkg.cmake:210 (include)
  /home/runner/work/zh-mobile/zh-mobile/build/android-arm64/CMakeFiles/3.31.6/CMakeSystem.cmake:6 (include)
  /home/runner/work/zh-mobile/zh-mobile/build/android-arm64/CMakeFiles/CMakeScratch/TryCompile-YOI6c7/CMakeLists.txt:5 (project)


CMake Deprecation Warning at /opt/hostedtoolcache/ndk/r27c/x64/build/cmake/flags.cmake:18 (cmake_minimum_required):
  Compatibility with CMake < 3.10 will be removed from a future version of
  CMake.

  Update the VERSION argument <min> value.  Or, use the <min>...<max> syntax
  to tell CMake that the project requires at least <min> but has been updated
  to work with policies introduced by <max> or earlier.
Call Stack (most recent call first):
  /usr/local/share/cmake-3.31/Modules/Platform/Android-Clang.cmake:23 (include)
  /usr/local/share/cmake-3.31/Modules/Platform/Android-Clang-C.cmake:1 (include)
  /usr/local/share/cmake-3.31/Modules/CMakeCInformation.cmake:48 (include)
  /home/runner/work/zh-mobile/zh-mobile/build/android-arm64/CMakeFiles/CMakeScratch/TryCompile-YOI6c7/CMakeLists.txt:5 (project)


-- Looking for memory.h - found
-- Looking for signal.h
CMake Deprecation Warning at /opt/hostedtoolcache/ndk/r27c/x64/build/cmake/android.toolchain.cmake:35 (cmake_minimum_required):
  Compatibility with CMake < 3.10 will be removed from a future version of
  CMake.

  Update the VERSION argument <min> value.  Or, use the <min>...<max> syntax
  to tell CMake that the project requires at least <min> but has been updated
  to work with policies introduced by <max> or earlier.
Call Stack (most recent call first):
  /home/runner/vcpkg/scripts/buildsystems/vcpkg.cmake:210 (include)
  /home/runner/work/zh-mobile/zh-mobile/build/android-arm64/CMakeFiles/3.31.6/CMakeSystem.cmake:6 (include)
  /home/runner/work/zh-mobile/zh-mobile/build/android-arm64/CMakeFiles/CMakeScratch/TryCompile-32snd8/CMakeLists.txt:5 (project)


CMake Deprecation Warning at /opt/hostedtoolcache/ndk/r27c/x64/build/cmake/android-legacy.toolchain.cmake:35 (cmake_minimum_required):
  Compatibility with CMake < 3.10 will be removed from a future version of
  CMake.

  Update the VERSION argument <min> value.  Or, use the <min>...<max> syntax
  to tell CMake that the project requires at least <min> but has been updated
  to work with policies introduced by <max> or earlier.
Call Stack (most recent call first):
  /opt/hostedtoolcache/ndk/r27c/x64/build/cmake/android.toolchain.cmake:55 (include)
  /home/runner/vcpkg/scripts/buildsystems/vcpkg.cmake:210 (include)
  /home/runner/work/zh-mobile/zh-mobile/build/android-arm64/CMakeFiles/3.31.6/CMakeSystem.cmake:6 (include)
  /home/runner/work/zh-mobile/zh-mobile/build/android-arm64/CMakeFiles/CMakeScratch/TryCompile-32snd8/CMakeLists.txt:5 (project)


CMake Deprecation Warning at /opt/hostedtoolcache/ndk/r27c/x64/build/cmake/flags.cmake:18 (cmake_minimum_required):
  Compatibility with CMake < 3.10 will be removed from a future version of
  CMake.

  Update the VERSION argument <min> value.  Or, use the <min>...<max> syntax
  to tell CMake that the project requires at least <min> but has been updated
  to work with policies introduced by <max> or earlier.
Call Stack (most recent call first):
  /usr/local/share/cmake-3.31/Modules/Platform/Android-Clang.cmake:23 (include)
  /usr/local/share/cmake-3.31/Modules/Platform/Android-Clang-C.cmake:1 (include)
  /usr/local/share/cmake-3.31/Modules/CMakeCInformation.cmake:48 (include)
  /home/runner/work/zh-mobile/zh-mobile/build/android-arm64/CMakeFiles/CMakeScratch/TryCompile-32snd8/CMakeLists.txt:5 (project)


-- Looking for signal.h - found
-- Looking for stdarg.h
CMake Deprecation Warning at /opt/hostedtoolcache/ndk/r27c/x64/build/cmake/android.toolchain.cmake:35 (cmake_minimum_required):
  Compatibility with CMake < 3.10 will be removed from a future version of
  CMake.

  Update the VERSION argument <min> value.  Or, use the <min>...<max> syntax
  to tell CMake that the project requires at least <min> but has been updated
  to work with policies introduced by <max> or earlier.
Call Stack (most recent call first):
  /home/runner/vcpkg/scripts/buildsystems/vcpkg.cmake:210 (include)
  /home/runner/work/zh-mobile/zh-mobile/build/android-arm64/CMakeFiles/3.31.6/CMakeSystem.cmake:6 (include)
  /home/runner/work/zh-mobile/zh-mobile/build/android-arm64/CMakeFiles/CMakeScratch/TryCompile-SdzT31/CMakeLists.txt:5 (project)


CMake Deprecation Warning at /opt/hostedtoolcache/ndk/r27c/x64/build/cmake/android-legacy.toolchain.cmake:35 (cmake_minimum_required):
  Compatibility with CMake < 3.10 will be removed from a future version of
  CMake.

  Update the VERSION argument <min> value.  Or, use the <min>...<max> syntax
  to tell CMake that the project requires at least <min> but has been updated
  to work with policies introduced by <max> or earlier.
Call Stack (most recent call first):
  /opt/hostedtoolcache/ndk/r27c/x64/build/cmake/android.toolchain.cmake:55 (include)
  /home/runner/vcpkg/scripts/buildsystems/vcpkg.cmake:210 (include)
  /home/runner/work/zh-mobile/zh-mobile/build/android-arm64/CMakeFiles/3.31.6/CMakeSystem.cmake:6 (include)
  /home/runner/work/zh-mobile/zh-mobile/build/android-arm64/CMakeFiles/CMakeScratch/TryCompile-SdzT31/CMakeLists.txt:5 (project)


CMake Deprecation Warning at /opt/hostedtoolcache/ndk/r27c/x64/build/cmake/flags.cmake:18 (cmake_minimum_required):
  Compatibility with CMake < 3.10 will be removed from a future version of
  CMake.

  Update the VERSION argument <min> value.  Or, use the <min>...<max> syntax
  to tell CMake that the project requires at least <min> but has been updated
  to work with policies introduced by <max> or earlier.
Call Stack (most recent call first):
  /usr/local/share/cmake-3.31/Modules/Platform/Android-Clang.cmake:23 (include)
  /usr/local/share/cmake-3.31/Modules/Platform/Android-Clang-C.cmake:1 (include)
  /usr/local/share/cmake-3.31/Modules/CMakeCInformation.cmake:48 (include)
  /home/runner/work/zh-mobile/zh-mobile/build/android-arm64/CMakeFiles/CMakeScratch/TryCompile-SdzT31/CMakeLists.txt:5 (project)


-- Looking for stdarg.h - found
-- Looking for stdbool.h
CMake Deprecation Warning at /opt/hostedtoolcache/ndk/r27c/x64/build/cmake/android.toolchain.cmake:35 (cmake_minimum_required):
  Compatibility with CMake < 3.10 will be removed from a future version of
  CMake.

  Update the VERSION argument <min> value.  Or, use the <min>...<max> syntax
  to tell CMake that the project requires at least <min> but has been updated
  to work with policies introduced by <max> or earlier.
Call Stack (most recent call first):
  /home/runner/vcpkg/scripts/buildsystems/vcpkg.cmake:210 (include)
  /home/runner/work/zh-mobile/zh-mobile/build/android-arm64/CMakeFiles/3.31.6/CMakeSystem.cmake:6 (include)
  /home/runner/work/zh-mobile/zh-mobile/build/android-arm64/CMakeFiles/CMakeScratch/TryCompile-kp3AIZ/CMakeLists.txt:5 (project)


CMake Deprecation Warning at /opt/hostedtoolcache/ndk/r27c/x64/build/cmake/android-legacy.toolchain.cmake:35 (cmake_minimum_required):
  Compatibility with CMake < 3.10 will be removed from a future version of
  CMake.

  Update the VERSION argument <min> value.  Or, use the <min>...<max> syntax
  to tell CMake that the project requires at least <min> but has been updated
  to work with policies introduced by <max> or earlier.
Call Stack (most recent call first):
  /opt/hostedtoolcache/ndk/r27c/x64/build/cmake/android.toolchain.cmake:55 (include)
  /home/runner/vcpkg/scripts/buildsystems/vcpkg.cmake:210 (include)
  /home/runner/work/zh-mobile/zh-mobile/build/android-arm64/CMakeFiles/3.31.6/CMakeSystem.cmake:6 (include)
  /home/runner/work/zh-mobile/zh-mobile/build/android-arm64/CMakeFiles/CMakeScratch/TryCompile-kp3AIZ/CMakeLists.txt:5 (project)


CMake Deprecation Warning at /opt/hostedtoolcache/ndk/r27c/x64/build/cmake/flags.cmake:18 (cmake_minimum_required):
  Compatibility with CMake < 3.10 will be removed from a future version of
  CMake.

  Update the VERSION argument <min> value.  Or, use the <min>...<max> syntax
  to tell CMake that the project requires at least <min> but has been updated
  to work with policies introduced by <max> or earlier.
Call Stack (most recent call first):
  /usr/local/share/cmake-3.31/Modules/Platform/Android-Clang.cmake:23 (include)
  /usr/local/share/cmake-3.31/Modules/Platform/Android-Clang-C.cmake:1 (include)
  /usr/local/share/cmake-3.31/Modules/CMakeCInformation.cmake:48 (include)
  /home/runner/work/zh-mobile/zh-mobile/build/android-arm64/CMakeFiles/CMakeScratch/TryCompile-kp3AIZ/CMakeLists.txt:5 (project)


-- Looking for stdbool.h - found
-- Looking for stddef.h
CMake Deprecation Warning at /opt/hostedtoolcache/ndk/r27c/x64/build/cmake/android.toolchain.cmake:35 (cmake_minimum_required):
  Compatibility with CMake < 3.10 will be removed from a future version of
  CMake.

  Update the VERSION argument <min> value.  Or, use the <min>...<max> syntax
  to tell CMake that the project requires at least <min> but has been updated
  to work with policies introduced by <max> or earlier.
Call Stack (most recent call first):
  /home/runner/vcpkg/scripts/buildsystems/vcpkg.cmake:210 (include)
  /home/runner/work/zh-mobile/zh-mobile/build/android-arm64/CMakeFiles/3.31.6/CMakeSystem.cmake:6 (include)
  /home/runner/work/zh-mobile/zh-mobile/build/android-arm64/CMakeFiles/CMakeScratch/TryCompile-0ilXa3/CMakeLists.txt:5 (project)


CMake Deprecation Warning at /opt/hostedtoolcache/ndk/r27c/x64/build/cmake/android-legacy.toolchain.cmake:35 (cmake_minimum_required):
  Compatibility with CMake < 3.10 will be removed from a future version of
  CMake.

  Update the VERSION argument <min> value.  Or, use the <min>...<max> syntax
  to tell CMake that the project requires at least <min> but has been updated
  to work with policies introduced by <max> or earlier.
Call Stack (most recent call first):
  /opt/hostedtoolcache/ndk/r27c/x64/build/cmake/android.toolchain.cmake:55 (include)
  /home/runner/vcpkg/scripts/buildsystems/vcpkg.cmake:210 (include)
  /home/runner/work/zh-mobile/zh-mobile/build/android-arm64/CMakeFiles/3.31.6/CMakeSystem.cmake:6 (include)
  /home/runner/work/zh-mobile/zh-mobile/build/android-arm64/CMakeFiles/CMakeScratch/TryCompile-0ilXa3/CMakeLists.txt:5 (project)


CMake Deprecation Warning at /opt/hostedtoolcache/ndk/r27c/x64/build/cmake/flags.cmake:18 (cmake_minimum_required):
  Compatibility with CMake < 3.10 will be removed from a future version of
  CMake.

  Update the VERSION argument <min> value.  Or, use the <min>...<max> syntax
  to tell CMake that the project requires at least <min> but has been updated
  to work with policies introduced by <max> or earlier.
Call Stack (most recent call first):
  /usr/local/share/cmake-3.31/Modules/Platform/Android-Clang.cmake:23 (include)
  /usr/local/share/cmake-3.31/Modules/Platform/Android-Clang-C.cmake:1 (include)
  /usr/local/share/cmake-3.31/Modules/CMakeCInformation.cmake:48 (include)
  /home/runner/work/zh-mobile/zh-mobile/build/android-arm64/CMakeFiles/CMakeScratch/TryCompile-0ilXa3/CMakeLists.txt:5 (project)


-- Looking for stddef.h - found
-- Looking for stdint.h
CMake Deprecation Warning at /opt/hostedtoolcache/ndk/r27c/x64/build/cmake/android.toolchain.cmake:35 (cmake_minimum_required):
  Compatibility with CMake < 3.10 will be removed from a future version of
  CMake.

  Update the VERSION argument <min> value.  Or, use the <min>...<max> syntax
  to tell CMake that the project requires at least <min> but has been updated
  to work with policies introduced by <max> or earlier.
Call Stack (most recent call first):
  /home/runner/vcpkg/scripts/buildsystems/vcpkg.cmake:210 (include)
  /home/runner/work/zh-mobile/zh-mobile/build/android-arm64/CMakeFiles/3.31.6/CMakeSystem.cmake:6 (include)
  /home/runner/work/zh-mobile/zh-mobile/build/android-arm64/CMakeFiles/CMakeScratch/TryCompile-kt3SES/CMakeLists.txt:5 (project)


CMake Deprecation Warning at /opt/hostedtoolcache/ndk/r27c/x64/build/cmake/android-legacy.toolchain.cmake:35 (cmake_minimum_required):
  Compatibility with CMake < 3.10 will be removed from a future version of
  CMake.

  Update the VERSION argument <min> value.  Or, use the <min>...<max> syntax
  to tell CMake that the project requires at least <min> but has been updated
  to work with policies introduced by <max> or earlier.
Call Stack (most recent call first):
  /opt/hostedtoolcache/ndk/r27c/x64/build/cmake/android.toolchain.cmake:55 (include)
  /home/runner/vcpkg/scripts/buildsystems/vcpkg.cmake:210 (include)
  /home/runner/work/zh-mobile/zh-mobile/build/android-arm64/CMakeFiles/3.31.6/CMakeSystem.cmake:6 (include)
  /home/runner/work/zh-mobile/zh-mobile/build/android-arm64/CMakeFiles/CMakeScratch/TryCompile-kt3SES/CMakeLists.txt:5 (project)


CMake Deprecation Warning at /opt/hostedtoolcache/ndk/r27c/x64/build/cmake/flags.cmake:18 (cmake_minimum_required):
  Compatibility with CMake < 3.10 will be removed from a future version of
  CMake.

  Update the VERSION argument <min> value.  Or, use the <min>...<max> syntax
  to tell CMake that the project requires at least <min> but has been updated
  to work with policies introduced by <max> or earlier.
Call Stack (most recent call first):
  /usr/local/share/cmake-3.31/Modules/Platform/Android-Clang.cmake:23 (include)
  /usr/local/share/cmake-3.31/Modules/Platform/Android-Clang-C.cmake:1 (include)
  /usr/local/share/cmake-3.31/Modules/CMakeCInformation.cmake:48 (include)
  /home/runner/work/zh-mobile/zh-mobile/build/android-arm64/CMakeFiles/CMakeScratch/TryCompile-kt3SES/CMakeLists.txt:5 (project)


-- Looking for stdint.h - found
-- Looking for stdio.h
CMake Deprecation Warning at /opt/hostedtoolcache/ndk/r27c/x64/build/cmake/android.toolchain.cmake:35 (cmake_minimum_required):
  Compatibility with CMake < 3.10 will be removed from a future version of
  CMake.

  Update the VERSION argument <min> value.  Or, use the <min>...<max> syntax
  to tell CMake that the project requires at least <min> but has been updated
  to work with policies introduced by <max> or earlier.
Call Stack (most recent call first):
  /home/runner/vcpkg/scripts/buildsystems/vcpkg.cmake:210 (include)
  /home/runner/work/zh-mobile/zh-mobile/build/android-arm64/CMakeFiles/3.31.6/CMakeSystem.cmake:6 (include)
  /home/runner/work/zh-mobile/zh-mobile/build/android-arm64/CMakeFiles/CMakeScratch/TryCompile-6s7DJG/CMakeLists.txt:5 (project)


CMake Deprecation Warning at /opt/hostedtoolcache/ndk/r27c/x64/build/cmake/android-legacy.toolchain.cmake:35 (cmake_minimum_required):
  Compatibility with CMake < 3.10 will be removed from a future version of
  CMake.

  Update the VERSION argument <min> value.  Or, use the <min>...<max> syntax
  to tell CMake that the project requires at least <min> but has been updated
  to work with policies introduced by <max> or earlier.
Call Stack (most recent call first):
  /opt/hostedtoolcache/ndk/r27c/x64/build/cmake/android.toolchain.cmake:55 (include)
  /home/runner/vcpkg/scripts/buildsystems/vcpkg.cmake:210 (include)
  /home/runner/work/zh-mobile/zh-mobile/build/android-arm64/CMakeFiles/3.31.6/CMakeSystem.cmake:6 (include)
  /home/runner/work/zh-mobile/zh-mobile/build/android-arm64/CMakeFiles/CMakeScratch/TryCompile-6s7DJG/CMakeLists.txt:5 (project)


CMake Deprecation Warning at /opt/hostedtoolcache/ndk/r27c/x64/build/cmake/flags.cmake:18 (cmake_minimum_required):
  Compatibility with CMake < 3.10 will be removed from a future version of
  CMake.

  Update the VERSION argument <min> value.  Or, use the <min>...<max> syntax
  to tell CMake that the project requires at least <min> but has been updated
  to work with policies introduced by <max> or earlier.
Call Stack (most recent call first):
  /usr/local/share/cmake-3.31/Modules/Platform/Android-Clang.cmake:23 (include)
  /usr/local/share/cmake-3.31/Modules/Platform/Android-Clang-C.cmake:1 (include)
  /usr/local/share/cmake-3.31/Modules/CMakeCInformation.cmake:48 (include)
  /home/runner/work/zh-mobile/zh-mobile/build/android-arm64/CMakeFiles/CMakeScratch/TryCompile-6s7DJG/CMakeLists.txt:5 (project)


-- Looking for stdio.h - found
-- Looking for stdlib.h
CMake Deprecation Warning at /opt/hostedtoolcache/ndk/r27c/x64/build/cmake/android.toolchain.cmake:35 (cmake_minimum_required):
  Compatibility with CMake < 3.10 will be removed from a future version of
  CMake.

  Update the VERSION argument <min> value.  Or, use the <min>...<max> syntax
  to tell CMake that the project requires at least <min> but has been updated
  to work with policies introduced by <max> or earlier.
Call Stack (most recent call first):
  /home/runner/vcpkg/scripts/buildsystems/vcpkg.cmake:210 (include)
  /home/runner/work/zh-mobile/zh-mobile/build/android-arm64/CMakeFiles/3.31.6/CMakeSystem.cmake:6 (include)
  /home/runner/work/zh-mobile/zh-mobile/build/android-arm64/CMakeFiles/CMakeScratch/TryCompile-JCEVN5/CMakeLists.txt:5 (project)


CMake Deprecation Warning at /opt/hostedtoolcache/ndk/r27c/x64/build/cmake/android-legacy.toolchain.cmake:35 (cmake_minimum_required):
  Compatibility with CMake < 3.10 will be removed from a future version of
  CMake.

  Update the VERSION argument <min> value.  Or, use the <min>...<max> syntax
  to tell CMake that the project requires at least <min> but has been updated
  to work with policies introduced by <max> or earlier.
Call Stack (most recent call first):
  /opt/hostedtoolcache/ndk/r27c/x64/build/cmake/android.toolchain.cmake:55 (include)
  /home/runner/vcpkg/scripts/buildsystems/vcpkg.cmake:210 (include)
  /home/runner/work/zh-mobile/zh-mobile/build/android-arm64/CMakeFiles/3.31.6/CMakeSystem.cmake:6 (include)
  /home/runner/work/zh-mobile/zh-mobile/build/android-arm64/CMakeFiles/CMakeScratch/TryCompile-JCEVN5/CMakeLists.txt:5 (project)


CMake Deprecation Warning at /opt/hostedtoolcache/ndk/r27c/x64/build/cmake/flags.cmake:18 (cmake_minimum_required):
  Compatibility with CMake < 3.10 will be removed from a future version of
  CMake.

  Update the VERSION argument <min> value.  Or, use the <min>...<max> syntax
  to tell CMake that the project requires at least <min> but has been updated
  to work with policies introduced by <max> or earlier.
Call Stack (most recent call first):
  /usr/local/share/cmake-3.31/Modules/Platform/Android-Clang.cmake:23 (include)
  /usr/local/share/cmake-3.31/Modules/Platform/Android-Clang-C.cmake:1 (include)
  /usr/local/share/cmake-3.31/Modules/CMakeCInformation.cmake:48 (include)
  /home/runner/work/zh-mobile/zh-mobile/build/android-arm64/CMakeFiles/CMakeScratch/TryCompile-JCEVN5/CMakeLists.txt:5 (project)


-- Looking for stdlib.h - found
-- Looking for string.h
CMake Deprecation Warning at /opt/hostedtoolcache/ndk/r27c/x64/build/cmake/android.toolchain.cmake:35 (cmake_minimum_required):
  Compatibility with CMake < 3.10 will be removed from a future version of
  CMake.

  Update the VERSION argument <min> value.  Or, use the <min>...<max> syntax
  to tell CMake that the project requires at least <min> but has been updated
  to work with policies introduced by <max> or earlier.
Call Stack (most recent call first):
  /home/runner/vcpkg/scripts/buildsystems/vcpkg.cmake:210 (include)
  /home/runner/work/zh-mobile/zh-mobile/build/android-arm64/CMakeFiles/3.31.6/CMakeSystem.cmake:6 (include)
  /home/runner/work/zh-mobile/zh-mobile/build/android-arm64/CMakeFiles/CMakeScratch/TryCompile-pESWGB/CMakeLists.txt:5 (project)


CMake Deprecation Warning at /opt/hostedtoolcache/ndk/r27c/x64/build/cmake/android-legacy.toolchain.cmake:35 (cmake_minimum_required):
  Compatibility with CMake < 3.10 will be removed from a future version of
  CMake.

  Update the VERSION argument <min> value.  Or, use the <min>...<max> syntax
  to tell CMake that the project requires at least <min> but has been updated
  to work with policies introduced by <max> or earlier.
Call Stack (most recent call first):
  /opt/hostedtoolcache/ndk/r27c/x64/build/cmake/android.toolchain.cmake:55 (include)
  /home/runner/vcpkg/scripts/buildsystems/vcpkg.cmake:210 (include)
  /home/runner/work/zh-mobile/zh-mobile/build/android-arm64/CMakeFiles/3.31.6/CMakeSystem.cmake:6 (include)
  /home/runner/work/zh-mobile/zh-mobile/build/android-arm64/CMakeFiles/CMakeScratch/TryCompile-pESWGB/CMakeLists.txt:5 (project)


CMake Deprecation Warning at /opt/hostedtoolcache/ndk/r27c/x64/build/cmake/flags.cmake:18 (cmake_minimum_required):
  Compatibility with CMake < 3.10 will be removed from a future version of
  CMake.

  Update the VERSION argument <min> value.  Or, use the <min>...<max> syntax
  to tell CMake that the project requires at least <min> but has been updated
  to work with policies introduced by <max> or earlier.
Call Stack (most recent call first):
  /usr/local/share/cmake-3.31/Modules/Platform/Android-Clang.cmake:23 (include)
  /usr/local/share/cmake-3.31/Modules/Platform/Android-Clang-C.cmake:1 (include)
  /usr/local/share/cmake-3.31/Modules/CMakeCInformation.cmake:48 (include)
  /home/runner/work/zh-mobile/zh-mobile/build/android-arm64/CMakeFiles/CMakeScratch/TryCompile-pESWGB/CMakeLists.txt:5 (project)


-- Looking for string.h - found
-- Looking for strings.h
CMake Deprecation Warning at /opt/hostedtoolcache/ndk/r27c/x64/build/cmake/android.toolchain.cmake:35 (cmake_minimum_required):
  Compatibility with CMake < 3.10 will be removed from a future version of
  CMake.

  Update the VERSION argument <min> value.  Or, use the <min>...<max> syntax
  to tell CMake that the project requires at least <min> but has been updated
  to work with policies introduced by <max> or earlier.
Call Stack (most recent call first):
  /home/runner/vcpkg/scripts/buildsystems/vcpkg.cmake:210 (include)
  /home/runner/work/zh-mobile/zh-mobile/build/android-arm64/CMakeFiles/3.31.6/CMakeSystem.cmake:6 (include)
  /home/runner/work/zh-mobile/zh-mobile/build/android-arm64/CMakeFiles/CMakeScratch/TryCompile-ATVjky/CMakeLists.txt:5 (project)


CMake Deprecation Warning at /opt/hostedtoolcache/ndk/r27c/x64/build/cmake/android-legacy.toolchain.cmake:35 (cmake_minimum_required):
  Compatibility with CMake < 3.10 will be removed from a future version of
  CMake.

  Update the VERSION argument <min> value.  Or, use the <min>...<max> syntax
  to tell CMake that the project requires at least <min> but has been updated
  to work with policies introduced by <max> or earlier.
Call Stack (most recent call first):
  /opt/hostedtoolcache/ndk/r27c/x64/build/cmake/android.toolchain.cmake:55 (include)
  /home/runner/vcpkg/scripts/buildsystems/vcpkg.cmake:210 (include)
  /home/runner/work/zh-mobile/zh-mobile/build/android-arm64/CMakeFiles/3.31.6/CMakeSystem.cmake:6 (include)
  /home/runner/work/zh-mobile/zh-mobile/build/android-arm64/CMakeFiles/CMakeScratch/TryCompile-ATVjky/CMakeLists.txt:5 (project)


CMake Deprecation Warning at /opt/hostedtoolcache/ndk/r27c/x64/build/cmake/flags.cmake:18 (cmake_minimum_required):
  Compatibility with CMake < 3.10 will be removed from a future version of
  CMake.

  Update the VERSION argument <min> value.  Or, use the <min>...<max> syntax
  to tell CMake that the project requires at least <min> but has been updated
  to work with policies introduced by <max> or earlier.
Call Stack (most recent call first):
  /usr/local/share/cmake-3.31/Modules/Platform/Android-Clang.cmake:23 (include)
  /usr/local/share/cmake-3.31/Modules/Platform/Android-Clang-C.cmake:1 (include)
  /usr/local/share/cmake-3.31/Modules/CMakeCInformation.cmake:48 (include)
  /home/runner/work/zh-mobile/zh-mobile/build/android-arm64/CMakeFiles/CMakeScratch/TryCompile-ATVjky/CMakeLists.txt:5 (project)


-- Looking for strings.h - found
-- Looking for sys/types.h
CMake Deprecation Warning at /opt/hostedtoolcache/ndk/r27c/x64/build/cmake/android.toolchain.cmake:35 (cmake_minimum_required):
  Compatibility with CMake < 3.10 will be removed from a future version of
  CMake.

  Update the VERSION argument <min> value.  Or, use the <min>...<max> syntax
  to tell CMake that the project requires at least <min> but has been updated
  to work with policies introduced by <max> or earlier.
Call Stack (most recent call first):
  /home/runner/vcpkg/scripts/buildsystems/vcpkg.cmake:210 (include)
  /home/runner/work/zh-mobile/zh-mobile/build/android-arm64/CMakeFiles/3.31.6/CMakeSystem.cmake:6 (include)
  /home/runner/work/zh-mobile/zh-mobile/build/android-arm64/CMakeFiles/CMakeScratch/TryCompile-brRtSu/CMakeLists.txt:5 (project)


CMake Deprecation Warning at /opt/hostedtoolcache/ndk/r27c/x64/build/cmake/android-legacy.toolchain.cmake:35 (cmake_minimum_required):
  Compatibility with CMake < 3.10 will be removed from a future version of
  CMake.

  Update the VERSION argument <min> value.  Or, use the <min>...<max> syntax
  to tell CMake that the project requires at least <min> but has been updated
  to work with policies introduced by <max> or earlier.
Call Stack (most recent call first):
  /opt/hostedtoolcache/ndk/r27c/x64/build/cmake/android.toolchain.cmake:55 (include)
  /home/runner/vcpkg/scripts/buildsystems/vcpkg.cmake:210 (include)
  /home/runner/work/zh-mobile/zh-mobile/build/android-arm64/CMakeFiles/3.31.6/CMakeSystem.cmake:6 (include)
  /home/runner/work/zh-mobile/zh-mobile/build/android-arm64/CMakeFiles/CMakeScratch/TryCompile-brRtSu/CMakeLists.txt:5 (project)


CMake Deprecation Warning at /opt/hostedtoolcache/ndk/r27c/x64/build/cmake/flags.cmake:18 (cmake_minimum_required):
  Compatibility with CMake < 3.10 will be removed from a future version of
  CMake.

  Update the VERSION argument <min> value.  Or, use the <min>...<max> syntax
  to tell CMake that the project requires at least <min> but has been updated
  to work with policies introduced by <max> or earlier.
Call Stack (most recent call first):
  /usr/local/share/cmake-3.31/Modules/Platform/Android-Clang.cmake:23 (include)
  /usr/local/share/cmake-3.31/Modules/Platform/Android-Clang-C.cmake:1 (include)
  /usr/local/share/cmake-3.31/Modules/CMakeCInformation.cmake:48 (include)
  /home/runner/work/zh-mobile/zh-mobile/build/android-arm64/CMakeFiles/CMakeScratch/TryCompile-brRtSu/CMakeLists.txt:5 (project)


-- Looking for sys/types.h - found
-- Looking for time.h
CMake Deprecation Warning at /opt/hostedtoolcache/ndk/r27c/x64/build/cmake/android.toolchain.cmake:35 (cmake_minimum_required):
  Compatibility with CMake < 3.10 will be removed from a future version of
  CMake.

  Update the VERSION argument <min> value.  Or, use the <min>...<max> syntax
  to tell CMake that the project requires at least <min> but has been updated
  to work with policies introduced by <max> or earlier.
Call Stack (most recent call first):
  /home/runner/vcpkg/scripts/buildsystems/vcpkg.cmake:210 (include)
  /home/runner/work/zh-mobile/zh-mobile/build/android-arm64/CMakeFiles/3.31.6/CMakeSystem.cmake:6 (include)
  /home/runner/work/zh-mobile/zh-mobile/build/android-arm64/CMakeFiles/CMakeScratch/TryCompile-SrGzwP/CMakeLists.txt:5 (project)


CMake Deprecation Warning at /opt/hostedtoolcache/ndk/r27c/x64/build/cmake/android-legacy.toolchain.cmake:35 (cmake_minimum_required):
  Compatibility with CMake < 3.10 will be removed from a future version of
  CMake.

  Update the VERSION argument <min> value.  Or, use the <min>...<max> syntax
  to tell CMake that the project requires at least <min> but has been updated
  to work with policies introduced by <max> or earlier.
Call Stack (most recent call first):
  /opt/hostedtoolcache/ndk/r27c/x64/build/cmake/android.toolchain.cmake:55 (include)
  /home/runner/vcpkg/scripts/buildsystems/vcpkg.cmake:210 (include)
  /home/runner/work/zh-mobile/zh-mobile/build/android-arm64/CMakeFiles/3.31.6/CMakeSystem.cmake:6 (include)
  /home/runner/work/zh-mobile/zh-mobile/build/android-arm64/CMakeFiles/CMakeScratch/TryCompile-SrGzwP/CMakeLists.txt:5 (project)


CMake Deprecation Warning at /opt/hostedtoolcache/ndk/r27c/x64/build/cmake/flags.cmake:18 (cmake_minimum_required):
  Compatibility with CMake < 3.10 will be removed from a future version of
  CMake.

  Update the VERSION argument <min> value.  Or, use the <min>...<max> syntax
  to tell CMake that the project requires at least <min> but has been updated
  to work with policies introduced by <max> or earlier.
Call Stack (most recent call first):
  /usr/local/share/cmake-3.31/Modules/Platform/Android-Clang.cmake:23 (include)
  /usr/local/share/cmake-3.31/Modules/Platform/Android-Clang-C.cmake:1 (include)
  /usr/local/share/cmake-3.31/Modules/CMakeCInformation.cmake:48 (include)
  /home/runner/work/zh-mobile/zh-mobile/build/android-arm64/CMakeFiles/CMakeScratch/TryCompile-SrGzwP/CMakeLists.txt:5 (project)


-- Looking for time.h - found
-- Looking for wchar.h
CMake Deprecation Warning at /opt/hostedtoolcache/ndk/r27c/x64/build/cmake/android.toolchain.cmake:35 (cmake_minimum_required):
  Compatibility with CMake < 3.10 will be removed from a future version of
  CMake.

  Update the VERSION argument <min> value.  Or, use the <min>...<max> syntax
  to tell CMake that the project requires at least <min> but has been updated
  to work with policies introduced by <max> or earlier.
Call Stack (most recent call first):
  /home/runner/vcpkg/scripts/buildsystems/vcpkg.cmake:210 (include)
  /home/runner/work/zh-mobile/zh-mobile/build/android-arm64/CMakeFiles/3.31.6/CMakeSystem.cmake:6 (include)
  /home/runner/work/zh-mobile/zh-mobile/build/android-arm64/CMakeFiles/CMakeScratch/TryCompile-6LI9JF/CMakeLists.txt:5 (project)


CMake Deprecation Warning at /opt/hostedtoolcache/ndk/r27c/x64/build/cmake/android-legacy.toolchain.cmake:35 (cmake_minimum_required):
  Compatibility with CMake < 3.10 will be removed from a future version of
  CMake.

  Update the VERSION argument <min> value.  Or, use the <min>...<max> syntax
  to tell CMake that the project requires at least <min> but has been updated
  to work with policies introduced by <max> or earlier.
Call Stack (most recent call first):
  /opt/hostedtoolcache/ndk/r27c/x64/build/cmake/android.toolchain.cmake:55 (include)
  /home/runner/vcpkg/scripts/buildsystems/vcpkg.cmake:210 (include)
  /home/runner/work/zh-mobile/zh-mobile/build/android-arm64/CMakeFiles/3.31.6/CMakeSystem.cmake:6 (include)
  /home/runner/work/zh-mobile/zh-mobile/build/android-arm64/CMakeFiles/CMakeScratch/TryCompile-6LI9JF/CMakeLists.txt:5 (project)


CMake Deprecation Warning at /opt/hostedtoolcache/ndk/r27c/x64/build/cmake/flags.cmake:18 (cmake_minimum_required):
  Compatibility with CMake < 3.10 will be removed from a future version of
  CMake.

  Update the VERSION argument <min> value.  Or, use the <min>...<max> syntax
  to tell CMake that the project requires at least <min> but has been updated
  to work with policies introduced by <max> or earlier.
Call Stack (most recent call first):
  /usr/local/share/cmake-3.31/Modules/Platform/Android-Clang.cmake:23 (include)
  /usr/local/share/cmake-3.31/Modules/Platform/Android-Clang-C.cmake:1 (include)
  /usr/local/share/cmake-3.31/Modules/CMakeCInformation.cmake:48 (include)
  /home/runner/work/zh-mobile/zh-mobile/build/android-arm64/CMakeFiles/CMakeScratch/TryCompile-6LI9JF/CMakeLists.txt:5 (project)


-- Looking for wchar.h - found
-- Looking for pow in m
CMake Deprecation Warning at /opt/hostedtoolcache/ndk/r27c/x64/build/cmake/android.toolchain.cmake:35 (cmake_minimum_required):
  Compatibility with CMake < 3.10 will be removed from a future version of
  CMake.

  Update the VERSION argument <min> value.  Or, use the <min>...<max> syntax
  to tell CMake that the project requires at least <min> but has been updated
  to work with policies introduced by <max> or earlier.
Call Stack (most recent call first):
  /home/runner/vcpkg/scripts/buildsystems/vcpkg.cmake:210 (include)
  /home/runner/work/zh-mobile/zh-mobile/build/android-arm64/CMakeFiles/3.31.6/CMakeSystem.cmake:6 (include)
  /home/runner/work/zh-mobile/zh-mobile/build/android-arm64/CMakeFiles/CMakeScratch/TryCompile-Q3ODY0/CMakeLists.txt:5 (project)


CMake Deprecation Warning at /opt/hostedtoolcache/ndk/r27c/x64/build/cmake/android-legacy.toolchain.cmake:35 (cmake_minimum_required):
  Compatibility with CMake < 3.10 will be removed from a future version of
  CMake.

  Update the VERSION argument <min> value.  Or, use the <min>...<max> syntax
  to tell CMake that the project requires at least <min> but has been updated
  to work with policies introduced by <max> or earlier.
Call Stack (most recent call first):
  /opt/hostedtoolcache/ndk/r27c/x64/build/cmake/android.toolchain.cmake:55 (include)
  /home/runner/vcpkg/scripts/buildsystems/vcpkg.cmake:210 (include)
  /home/runner/work/zh-mobile/zh-mobile/build/android-arm64/CMakeFiles/3.31.6/CMakeSystem.cmake:6 (include)
  /home/runner/work/zh-mobile/zh-mobile/build/android-arm64/CMakeFiles/CMakeScratch/TryCompile-Q3ODY0/CMakeLists.txt:5 (project)


CMake Deprecation Warning at /opt/hostedtoolcache/ndk/r27c/x64/build/cmake/flags.cmake:18 (cmake_minimum_required):
  Compatibility with CMake < 3.10 will be removed from a future version of
  CMake.

  Update the VERSION argument <min> value.  Or, use the <min>...<max> syntax
  to tell CMake that the project requires at least <min> but has been updated
  to work with policies introduced by <max> or earlier.
Call Stack (most recent call first):
  /usr/local/share/cmake-3.31/Modules/Platform/Android-Clang.cmake:23 (include)
  /usr/local/share/cmake-3.31/Modules/Platform/Android-Clang-C.cmake:1 (include)
  /usr/local/share/cmake-3.31/Modules/CMakeCInformation.cmake:48 (include)
  /home/runner/work/zh-mobile/zh-mobile/build/android-arm64/CMakeFiles/CMakeScratch/TryCompile-Q3ODY0/CMakeLists.txt:5 (project)


-- Looking for pow in m - found
-- Looking for abs
CMake Deprecation Warning at /opt/hostedtoolcache/ndk/r27c/x64/build/cmake/android.toolchain.cmake:35 (cmake_minimum_required):
  Compatibility with CMake < 3.10 will be removed from a future version of
  CMake.

  Update the VERSION argument <min> value.  Or, use the <min>...<max> syntax
  to tell CMake that the project requires at least <min> but has been updated
  to work with policies introduced by <max> or earlier.
Call Stack (most recent call first):
  /home/runner/vcpkg/scripts/buildsystems/vcpkg.cmake:210 (include)
  /home/runner/work/zh-mobile/zh-mobile/build/android-arm64/CMakeFiles/3.31.6/CMakeSystem.cmake:6 (include)
  /home/runner/work/zh-mobile/zh-mobile/build/android-arm64/CMakeFiles/CMakeScratch/TryCompile-Yq89ci/CMakeLists.txt:5 (project)


CMake Deprecation Warning at /opt/hostedtoolcache/ndk/r27c/x64/build/cmake/android-legacy.toolchain.cmake:35 (cmake_minimum_required):
  Compatibility with CMake < 3.10 will be removed from a future version of
  CMake.

  Update the VERSION argument <min> value.  Or, use the <min>...<max> syntax
  to tell CMake that the project requires at least <min> but has been updated
  to work with policies introduced by <max> or earlier.
Call Stack (most recent call first):
  /opt/hostedtoolcache/ndk/r27c/x64/build/cmake/android.toolchain.cmake:55 (include)
  /home/runner/vcpkg/scripts/buildsystems/vcpkg.cmake:210 (include)
  /home/runner/work/zh-mobile/zh-mobile/build/android-arm64/CMakeFiles/3.31.6/CMakeSystem.cmake:6 (include)
  /home/runner/work/zh-mobile/zh-mobile/build/android-arm64/CMakeFiles/CMakeScratch/TryCompile-Yq89ci/CMakeLists.txt:5 (project)


CMake Deprecation Warning at /opt/hostedtoolcache/ndk/r27c/x64/build/cmake/flags.cmake:18 (cmake_minimum_required):
  Compatibility with CMake < 3.10 will be removed from a future version of
  CMake.

  Update the VERSION argument <min> value.  Or, use the <min>...<max> syntax
  to tell CMake that the project requires at least <min> but has been updated
  to work with policies introduced by <max> or earlier.
Call Stack (most recent call first):
  /usr/local/share/cmake-3.31/Modules/Platform/Android-Clang.cmake:23 (include)
  /usr/local/share/cmake-3.31/Modules/Platform/Android-Clang-C.cmake:1 (include)
  /usr/local/share/cmake-3.31/Modules/CMakeCInformation.cmake:48 (include)
  /home/runner/work/zh-mobile/zh-mobile/build/android-arm64/CMakeFiles/CMakeScratch/TryCompile-Yq89ci/CMakeLists.txt:5 (project)


-- Looking for abs - found
-- Looking for acos
CMake Deprecation Warning at /opt/hostedtoolcache/ndk/r27c/x64/build/cmake/android.toolchain.cmake:35 (cmake_minimum_required):
  Compatibility with CMake < 3.10 will be removed from a future version of
  CMake.

  Update the VERSION argument <min> value.  Or, use the <min>...<max> syntax
  to tell CMake that the project requires at least <min> but has been updated
  to work with policies introduced by <max> or earlier.
Call Stack (most recent call first):
  /home/runner/vcpkg/scripts/buildsystems/vcpkg.cmake:210 (include)
  /home/runner/work/zh-mobile/zh-mobile/build/android-arm64/CMakeFiles/3.31.6/CMakeSystem.cmake:6 (include)
  /home/runner/work/zh-mobile/zh-mobile/build/android-arm64/CMakeFiles/CMakeScratch/TryCompile-pIkgRS/CMakeLists.txt:5 (project)


CMake Deprecation Warning at /opt/hostedtoolcache/ndk/r27c/x64/build/cmake/android-legacy.toolchain.cmake:35 (cmake_minimum_required):
  Compatibility with CMake < 3.10 will be removed from a future version of
  CMake.

  Update the VERSION argument <min> value.  Or, use the <min>...<max> syntax
  to tell CMake that the project requires at least <min> but has been updated
  to work with policies introduced by <max> or earlier.
Call Stack (most recent call first):
  /opt/hostedtoolcache/ndk/r27c/x64/build/cmake/android.toolchain.cmake:55 (include)
  /home/runner/vcpkg/scripts/buildsystems/vcpkg.cmake:210 (include)
  /home/runner/work/zh-mobile/zh-mobile/build/android-arm64/CMakeFiles/3.31.6/CMakeSystem.cmake:6 (include)
  /home/runner/work/zh-mobile/zh-mobile/build/android-arm64/CMakeFiles/CMakeScratch/TryCompile-pIkgRS/CMakeLists.txt:5 (project)


CMake Deprecation Warning at /opt/hostedtoolcache/ndk/r27c/x64/build/cmake/flags.cmake:18 (cmake_minimum_required):
  Compatibility with CMake < 3.10 will be removed from a future version of
  CMake.

  Update the VERSION argument <min> value.  Or, use the <min>...<max> syntax
  to tell CMake that the project requires at least <min> but has been updated
  to work with policies introduced by <max> or earlier.
Call Stack (most recent call first):
  /usr/local/share/cmake-3.31/Modules/Platform/Android-Clang.cmake:23 (include)
  /usr/local/share/cmake-3.31/Modules/Platform/Android-Clang-C.cmake:1 (include)
  /usr/local/share/cmake-3.31/Modules/CMakeCInformation.cmake:48 (include)
  /home/runner/work/zh-mobile/zh-mobile/build/android-arm64/CMakeFiles/CMakeScratch/TryCompile-pIkgRS/CMakeLists.txt:5 (project)


-- Looking for acos - found
-- Looking for acosf
CMake Deprecation Warning at /opt/hostedtoolcache/ndk/r27c/x64/build/cmake/android.toolchain.cmake:35 (cmake_minimum_required):
  Compatibility with CMake < 3.10 will be removed from a future version of
  CMake.

  Update the VERSION argument <min> value.  Or, use the <min>...<max> syntax
  to tell CMake that the project requires at least <min> but has been updated
  to work with policies introduced by <max> or earlier.
Call Stack (most recent call first):
  /home/runner/vcpkg/scripts/buildsystems/vcpkg.cmake:210 (include)
  /home/runner/work/zh-mobile/zh-mobile/build/android-arm64/CMakeFiles/3.31.6/CMakeSystem.cmake:6 (include)
  /home/runner/work/zh-mobile/zh-mobile/build/android-arm64/CMakeFiles/CMakeScratch/TryCompile-SduYCF/CMakeLists.txt:5 (project)


CMake Deprecation Warning at /opt/hostedtoolcache/ndk/r27c/x64/build/cmake/android-legacy.toolchain.cmake:35 (cmake_minimum_required):
  Compatibility with CMake < 3.10 will be removed from a future version of
  CMake.

  Update the VERSION argument <min> value.  Or, use the <min>...<max> syntax
  to tell CMake that the project requires at least <min> but has been updated
  to work with policies introduced by <max> or earlier.
Call Stack (most recent call first):
  /opt/hostedtoolcache/ndk/r27c/x64/build/cmake/android.toolchain.cmake:55 (include)
  /home/runner/vcpkg/scripts/buildsystems/vcpkg.cmake:210 (include)
  /home/runner/work/zh-mobile/zh-mobile/build/android-arm64/CMakeFiles/3.31.6/CMakeSystem.cmake:6 (include)
  /home/runner/work/zh-mobile/zh-mobile/build/android-arm64/CMakeFiles/CMakeScratch/TryCompile-SduYCF/CMakeLists.txt:5 (project)


CMake Deprecation Warning at /opt/hostedtoolcache/ndk/r27c/x64/build/cmake/flags.cmake:18 (cmake_minimum_required):
  Compatibility with CMake < 3.10 will be removed from a future version of
  CMake.

  Update the VERSION argument <min> value.  Or, use the <min>...<max> syntax
  to tell CMake that the project requires at least <min> but has been updated
  to work with policies introduced by <max> or earlier.
Call Stack (most recent call first):
  /usr/local/share/cmake-3.31/Modules/Platform/Android-Clang.cmake:23 (include)
  /usr/local/share/cmake-3.31/Modules/Platform/Android-Clang-C.cmake:1 (include)
  /usr/local/share/cmake-3.31/Modules/CMakeCInformation.cmake:48 (include)
  /home/runner/work/zh-mobile/zh-mobile/build/android-arm64/CMakeFiles/CMakeScratch/TryCompile-SduYCF/CMakeLists.txt:5 (project)


-- Looking for acosf - found
-- Looking for asin
CMake Deprecation Warning at /opt/hostedtoolcache/ndk/r27c/x64/build/cmake/android.toolchain.cmake:35 (cmake_minimum_required):
  Compatibility with CMake < 3.10 will be removed from a future version of
  CMake.

  Update the VERSION argument <min> value.  Or, use the <min>...<max> syntax
  to tell CMake that the project requires at least <min> but has been updated
  to work with policies introduced by <max> or earlier.
Call Stack (most recent call first):
  /home/runner/vcpkg/scripts/buildsystems/vcpkg.cmake:210 (include)
  /home/runner/work/zh-mobile/zh-mobile/build/android-arm64/CMakeFiles/3.31.6/CMakeSystem.cmake:6 (include)
  /home/runner/work/zh-mobile/zh-mobile/build/android-arm64/CMakeFiles/CMakeScratch/TryCompile-6FCGmL/CMakeLists.txt:5 (project)


CMake Deprecation Warning at /opt/hostedtoolcache/ndk/r27c/x64/build/cmake/android-legacy.toolchain.cmake:35 (cmake_minimum_required):
  Compatibility with CMake < 3.10 will be removed from a future version of
  CMake.

  Update the VERSION argument <min> value.  Or, use the <min>...<max> syntax
  to tell CMake that the project requires at least <min> but has been updated
  to work with policies introduced by <max> or earlier.
Call Stack (most recent call first):
  /opt/hostedtoolcache/ndk/r27c/x64/build/cmake/android.toolchain.cmake:55 (include)
  /home/runner/vcpkg/scripts/buildsystems/vcpkg.cmake:210 (include)
  /home/runner/work/zh-mobile/zh-mobile/build/android-arm64/CMakeFiles/3.31.6/CMakeSystem.cmake:6 (include)
  /home/runner/work/zh-mobile/zh-mobile/build/android-arm64/CMakeFiles/CMakeScratch/TryCompile-6FCGmL/CMakeLists.txt:5 (project)


CMake Deprecation Warning at /opt/hostedtoolcache/ndk/r27c/x64/build/cmake/flags.cmake:18 (cmake_minimum_required):
  Compatibility with CMake < 3.10 will be removed from a future version of
  CMake.

  Update the VERSION argument <min> value.  Or, use the <min>...<max> syntax
  to tell CMake that the project requires at least <min> but has been updated
  to work with policies introduced by <max> or earlier.
Call Stack (most recent call first):
  /usr/local/share/cmake-3.31/Modules/Platform/Android-Clang.cmake:23 (include)
  /usr/local/share/cmake-3.31/Modules/Platform/Android-Clang-C.cmake:1 (include)
  /usr/local/share/cmake-3.31/Modules/CMakeCInformation.cmake:48 (include)
  /home/runner/work/zh-mobile/zh-mobile/build/android-arm64/CMakeFiles/CMakeScratch/TryCompile-6FCGmL/CMakeLists.txt:5 (project)


-- Looking for asin - found
-- Looking for asinf
CMake Deprecation Warning at /opt/hostedtoolcache/ndk/r27c/x64/build/cmake/android.toolchain.cmake:35 (cmake_minimum_required):
  Compatibility with CMake < 3.10 will be removed from a future version of
  CMake.

  Update the VERSION argument <min> value.  Or, use the <min>...<max> syntax
  to tell CMake that the project requires at least <min> but has been updated
  to work with policies introduced by <max> or earlier.
Call Stack (most recent call first):
  /home/runner/vcpkg/scripts/buildsystems/vcpkg.cmake:210 (include)
  /home/runner/work/zh-mobile/zh-mobile/build/android-arm64/CMakeFiles/3.31.6/CMakeSystem.cmake:6 (include)
  /home/runner/work/zh-mobile/zh-mobile/build/android-arm64/CMakeFiles/CMakeScratch/TryCompile-6CAfdH/CMakeLists.txt:5 (project)


CMake Deprecation Warning at /opt/hostedtoolcache/ndk/r27c/x64/build/cmake/android-legacy.toolchain.cmake:35 (cmake_minimum_required):
  Compatibility with CMake < 3.10 will be removed from a future version of
  CMake.

  Update the VERSION argument <min> value.  Or, use the <min>...<max> syntax
  to tell CMake that the project requires at least <min> but has been updated
  to work with policies introduced by <max> or earlier.
Call Stack (most recent call first):
  /opt/hostedtoolcache/ndk/r27c/x64/build/cmake/android.toolchain.cmake:55 (include)
  /home/runner/vcpkg/scripts/buildsystems/vcpkg.cmake:210 (include)
  /home/runner/work/zh-mobile/zh-mobile/build/android-arm64/CMakeFiles/3.31.6/CMakeSystem.cmake:6 (include)
  /home/runner/work/zh-mobile/zh-mobile/build/android-arm64/CMakeFiles/CMakeScratch/TryCompile-6CAfdH/CMakeLists.txt:5 (project)


CMake Deprecation Warning at /opt/hostedtoolcache/ndk/r27c/x64/build/cmake/flags.cmake:18 (cmake_minimum_required):
  Compatibility with CMake < 3.10 will be removed from a future version of
  CMake.

  Update the VERSION argument <min> value.  Or, use the <min>...<max> syntax
  to tell CMake that the project requires at least <min> but has been updated
  to work with policies introduced by <max> or earlier.
Call Stack (most recent call first):
  /usr/local/share/cmake-3.31/Modules/Platform/Android-Clang.cmake:23 (include)
  /usr/local/share/cmake-3.31/Modules/Platform/Android-Clang-C.cmake:1 (include)
  /usr/local/share/cmake-3.31/Modules/CMakeCInformation.cmake:48 (include)
  /home/runner/work/zh-mobile/zh-mobile/build/android-arm64/CMakeFiles/CMakeScratch/TryCompile-6CAfdH/CMakeLists.txt:5 (project)


-- Looking for asinf - found
-- Looking for atan
CMake Deprecation Warning at /opt/hostedtoolcache/ndk/r27c/x64/build/cmake/android.toolchain.cmake:35 (cmake_minimum_required):
  Compatibility with CMake < 3.10 will be removed from a future version of
  CMake.

  Update the VERSION argument <min> value.  Or, use the <min>...<max> syntax
  to tell CMake that the project requires at least <min> but has been updated
  to work with policies introduced by <max> or earlier.
Call Stack (most recent call first):
  /home/runner/vcpkg/scripts/buildsystems/vcpkg.cmake:210 (include)
  /home/runner/work/zh-mobile/zh-mobile/build/android-arm64/CMakeFiles/3.31.6/CMakeSystem.cmake:6 (include)
  /home/runner/work/zh-mobile/zh-mobile/build/android-arm64/CMakeFiles/CMakeScratch/TryCompile-5CaS93/CMakeLists.txt:5 (project)


CMake Deprecation Warning at /opt/hostedtoolcache/ndk/r27c/x64/build/cmake/android-legacy.toolchain.cmake:35 (cmake_minimum_required):
  Compatibility with CMake < 3.10 will be removed from a future version of
  CMake.

  Update the VERSION argument <min> value.  Or, use the <min>...<max> syntax
  to tell CMake that the project requires at least <min> but has been updated
  to work with policies introduced by <max> or earlier.
Call Stack (most recent call first):
  /opt/hostedtoolcache/ndk/r27c/x64/build/cmake/android.toolchain.cmake:55 (include)
  /home/runner/vcpkg/scripts/buildsystems/vcpkg.cmake:210 (include)
  /home/runner/work/zh-mobile/zh-mobile/build/android-arm64/CMakeFiles/3.31.6/CMakeSystem.cmake:6 (include)
  /home/runner/work/zh-mobile/zh-mobile/build/android-arm64/CMakeFiles/CMakeScratch/TryCompile-5CaS93/CMakeLists.txt:5 (project)


CMake Deprecation Warning at /opt/hostedtoolcache/ndk/r27c/x64/build/cmake/flags.cmake:18 (cmake_minimum_required):
  Compatibility with CMake < 3.10 will be removed from a future version of
  CMake.

  Update the VERSION argument <min> value.  Or, use the <min>...<max> syntax
  to tell CMake that the project requires at least <min> but has been updated
  to work with policies introduced by <max> or earlier.
Call Stack (most recent call first):
  /usr/local/share/cmake-3.31/Modules/Platform/Android-Clang.cmake:23 (include)
  /usr/local/share/cmake-3.31/Modules/Platform/Android-Clang-C.cmake:1 (include)
  /usr/local/share/cmake-3.31/Modules/CMakeCInformation.cmake:48 (include)
  /home/runner/work/zh-mobile/zh-mobile/build/android-arm64/CMakeFiles/CMakeScratch/TryCompile-5CaS93/CMakeLists.txt:5 (project)


-- Looking for atan - found
-- Looking for atan2
CMake Deprecation Warning at /opt/hostedtoolcache/ndk/r27c/x64/build/cmake/android.toolchain.cmake:35 (cmake_minimum_required):
  Compatibility with CMake < 3.10 will be removed from a future version of
  CMake.

  Update the VERSION argument <min> value.  Or, use the <min>...<max> syntax
  to tell CMake that the project requires at least <min> but has been updated
  to work with policies introduced by <max> or earlier.
Call Stack (most recent call first):
  /home/runner/vcpkg/scripts/buildsystems/vcpkg.cmake:210 (include)
  /home/runner/work/zh-mobile/zh-mobile/build/android-arm64/CMakeFiles/3.31.6/CMakeSystem.cmake:6 (include)
  /home/runner/work/zh-mobile/zh-mobile/build/android-arm64/CMakeFiles/CMakeScratch/TryCompile-b5DGuG/CMakeLists.txt:5 (project)


CMake Deprecation Warning at /opt/hostedtoolcache/ndk/r27c/x64/build/cmake/android-legacy.toolchain.cmake:35 (cmake_minimum_required):
  Compatibility with CMake < 3.10 will be removed from a future version of
  CMake.

  Update the VERSION argument <min> value.  Or, use the <min>...<max> syntax
  to tell CMake that the project requires at least <min> but has been updated
  to work with policies introduced by <max> or earlier.
Call Stack (most recent call first):
  /opt/hostedtoolcache/ndk/r27c/x64/build/cmake/android.toolchain.cmake:55 (include)
  /home/runner/vcpkg/scripts/buildsystems/vcpkg.cmake:210 (include)
  /home/runner/work/zh-mobile/zh-mobile/build/android-arm64/CMakeFiles/3.31.6/CMakeSystem.cmake:6 (include)
  /home/runner/work/zh-mobile/zh-mobile/build/android-arm64/CMakeFiles/CMakeScratch/TryCompile-b5DGuG/CMakeLists.txt:5 (project)


CMake Deprecation Warning at /opt/hostedtoolcache/ndk/r27c/x64/build/cmake/flags.cmake:18 (cmake_minimum_required):
  Compatibility with CMake < 3.10 will be removed from a future version of
  CMake.

  Update the VERSION argument <min> value.  Or, use the <min>...<max> syntax
  to tell CMake that the project requires at least <min> but has been updated
  to work with policies introduced by <max> or earlier.
Call Stack (most recent call first):
  /usr/local/share/cmake-3.31/Modules/Platform/Android-Clang.cmake:23 (include)
  /usr/local/share/cmake-3.31/Modules/Platform/Android-Clang-C.cmake:1 (include)
  /usr/local/share/cmake-3.31/Modules/CMakeCInformation.cmake:48 (include)
  /home/runner/work/zh-mobile/zh-mobile/build/android-arm64/CMakeFiles/CMakeScratch/TryCompile-b5DGuG/CMakeLists.txt:5 (project)


-- Looking for atan2 - found
-- Looking for atan2f
CMake Deprecation Warning at /opt/hostedtoolcache/ndk/r27c/x64/build/cmake/android.toolchain.cmake:35 (cmake_minimum_required):
  Compatibility with CMake < 3.10 will be removed from a future version of
  CMake.

  Update the VERSION argument <min> value.  Or, use the <min>...<max> syntax
  to tell CMake that the project requires at least <min> but has been updated
  to work with policies introduced by <max> or earlier.
Call Stack (most recent call first):
  /home/runner/vcpkg/scripts/buildsystems/vcpkg.cmake:210 (include)
  /home/runner/work/zh-mobile/zh-mobile/build/android-arm64/CMakeFiles/3.31.6/CMakeSystem.cmake:6 (include)
  /home/runner/work/zh-mobile/zh-mobile/build/android-arm64/CMakeFiles/CMakeScratch/TryCompile-IgeEyV/CMakeLists.txt:5 (project)


CMake Deprecation Warning at /opt/hostedtoolcache/ndk/r27c/x64/build/cmake/android-legacy.toolchain.cmake:35 (cmake_minimum_required):
  Compatibility with CMake < 3.10 will be removed from a future version of
  CMake.

  Update the VERSION argument <min> value.  Or, use the <min>...<max> syntax
  to tell CMake that the project requires at least <min> but has been updated
  to work with policies introduced by <max> or earlier.
Call Stack (most recent call first):
  /opt/hostedtoolcache/ndk/r27c/x64/build/cmake/android.toolchain.cmake:55 (include)
  /home/runner/vcpkg/scripts/buildsystems/vcpkg.cmake:210 (include)
  /home/runner/work/zh-mobile/zh-mobile/build/android-arm64/CMakeFiles/3.31.6/CMakeSystem.cmake:6 (include)
  /home/runner/work/zh-mobile/zh-mobile/build/android-arm64/CMakeFiles/CMakeScratch/TryCompile-IgeEyV/CMakeLists.txt:5 (project)


CMake Deprecation Warning at /opt/hostedtoolcache/ndk/r27c/x64/build/cmake/flags.cmake:18 (cmake_minimum_required):
  Compatibility with CMake < 3.10 will be removed from a future version of
  CMake.

  Update the VERSION argument <min> value.  Or, use the <min>...<max> syntax
  to tell CMake that the project requires at least <min> but has been updated
  to work with policies introduced by <max> or earlier.
Call Stack (most recent call first):
  /usr/local/share/cmake-3.31/Modules/Platform/Android-Clang.cmake:23 (include)
  /usr/local/share/cmake-3.31/Modules/Platform/Android-Clang-C.cmake:1 (include)
  /usr/local/share/cmake-3.31/Modules/CMakeCInformation.cmake:48 (include)
  /home/runner/work/zh-mobile/zh-mobile/build/android-arm64/CMakeFiles/CMakeScratch/TryCompile-IgeEyV/CMakeLists.txt:5 (project)


-- Looking for atan2f - found
-- Looking for atanf
CMake Deprecation Warning at /opt/hostedtoolcache/ndk/r27c/x64/build/cmake/android.toolchain.cmake:35 (cmake_minimum_required):
  Compatibility with CMake < 3.10 will be removed from a future version of
  CMake.

  Update the VERSION argument <min> value.  Or, use the <min>...<max> syntax
  to tell CMake that the project requires at least <min> but has been updated
  to work with policies introduced by <max> or earlier.
Call Stack (most recent call first):
  /home/runner/vcpkg/scripts/buildsystems/vcpkg.cmake:210 (include)
  /home/runner/work/zh-mobile/zh-mobile/build/android-arm64/CMakeFiles/3.31.6/CMakeSystem.cmake:6 (include)
  /home/runner/work/zh-mobile/zh-mobile/build/android-arm64/CMakeFiles/CMakeScratch/TryCompile-Pt8uio/CMakeLists.txt:5 (project)


CMake Deprecation Warning at /opt/hostedtoolcache/ndk/r27c/x64/build/cmake/android-legacy.toolchain.cmake:35 (cmake_minimum_required):
  Compatibility with CMake < 3.10 will be removed from a future version of
  CMake.

  Update the VERSION argument <min> value.  Or, use the <min>...<max> syntax
  to tell CMake that the project requires at least <min> but has been updated
  to work with policies introduced by <max> or earlier.
Call Stack (most recent call first):
  /opt/hostedtoolcache/ndk/r27c/x64/build/cmake/android.toolchain.cmake:55 (include)
  /home/runner/vcpkg/scripts/buildsystems/vcpkg.cmake:210 (include)
  /home/runner/work/zh-mobile/zh-mobile/build/android-arm64/CMakeFiles/3.31.6/CMakeSystem.cmake:6 (include)
  /home/runner/work/zh-mobile/zh-mobile/build/android-arm64/CMakeFiles/CMakeScratch/TryCompile-Pt8uio/CMakeLists.txt:5 (project)


CMake Deprecation Warning at /opt/hostedtoolcache/ndk/r27c/x64/build/cmake/flags.cmake:18 (cmake_minimum_required):
  Compatibility with CMake < 3.10 will be removed from a future version of
  CMake.

  Update the VERSION argument <min> value.  Or, use the <min>...<max> syntax
  to tell CMake that the project requires at least <min> but has been updated
  to work with policies introduced by <max> or earlier.
Call Stack (most recent call first):
  /usr/local/share/cmake-3.31/Modules/Platform/Android-Clang.cmake:23 (include)
  /usr/local/share/cmake-3.31/Modules/Platform/Android-Clang-C.cmake:1 (include)
  /usr/local/share/cmake-3.31/Modules/CMakeCInformation.cmake:48 (include)
  /home/runner/work/zh-mobile/zh-mobile/build/android-arm64/CMakeFiles/CMakeScratch/TryCompile-Pt8uio/CMakeLists.txt:5 (project)


-- Looking for atanf - found
-- Looking for atof
CMake Deprecation Warning at /opt/hostedtoolcache/ndk/r27c/x64/build/cmake/android.toolchain.cmake:35 (cmake_minimum_required):
  Compatibility with CMake < 3.10 will be removed from a future version of
  CMake.

  Update the VERSION argument <min> value.  Or, use the <min>...<max> syntax
  to tell CMake that the project requires at least <min> but has been updated
  to work with policies introduced by <max> or earlier.
Call Stack (most recent call first):
  /home/runner/vcpkg/scripts/buildsystems/vcpkg.cmake:210 (include)
  /home/runner/work/zh-mobile/zh-mobile/build/android-arm64/CMakeFiles/3.31.6/CMakeSystem.cmake:6 (include)
  /home/runner/work/zh-mobile/zh-mobile/build/android-arm64/CMakeFiles/CMakeScratch/TryCompile-YIseCa/CMakeLists.txt:5 (project)


CMake Deprecation Warning at /opt/hostedtoolcache/ndk/r27c/x64/build/cmake/android-legacy.toolchain.cmake:35 (cmake_minimum_required):
  Compatibility with CMake < 3.10 will be removed from a future version of
  CMake.

  Update the VERSION argument <min> value.  Or, use the <min>...<max> syntax
  to tell CMake that the project requires at least <min> but has been updated
  to work with policies introduced by <max> or earlier.
Call Stack (most recent call first):
  /opt/hostedtoolcache/ndk/r27c/x64/build/cmake/android.toolchain.cmake:55 (include)
  /home/runner/vcpkg/scripts/buildsystems/vcpkg.cmake:210 (include)
  /home/runner/work/zh-mobile/zh-mobile/build/android-arm64/CMakeFiles/3.31.6/CMakeSystem.cmake:6 (include)
  /home/runner/work/zh-mobile/zh-mobile/build/android-arm64/CMakeFiles/CMakeScratch/TryCompile-YIseCa/CMakeLists.txt:5 (project)


CMake Deprecation Warning at /opt/hostedtoolcache/ndk/r27c/x64/build/cmake/flags.cmake:18 (cmake_minimum_required):
  Compatibility with CMake < 3.10 will be removed from a future version of
  CMake.

  Update the VERSION argument <min> value.  Or, use the <min>...<max> syntax
  to tell CMake that the project requires at least <min> but has been updated
  to work with policies introduced by <max> or earlier.
Call Stack (most recent call first):
  /usr/local/share/cmake-3.31/Modules/Platform/Android-Clang.cmake:23 (include)
  /usr/local/share/cmake-3.31/Modules/Platform/Android-Clang-C.cmake:1 (include)
  /usr/local/share/cmake-3.31/Modules/CMakeCInformation.cmake:48 (include)
  /home/runner/work/zh-mobile/zh-mobile/build/android-arm64/CMakeFiles/CMakeScratch/TryCompile-YIseCa/CMakeLists.txt:5 (project)


-- Looking for atof - found
-- Looking for atoi
CMake Deprecation Warning at /opt/hostedtoolcache/ndk/r27c/x64/build/cmake/android.toolchain.cmake:35 (cmake_minimum_required):
  Compatibility with CMake < 3.10 will be removed from a future version of
  CMake.

  Update the VERSION argument <min> value.  Or, use the <min>...<max> syntax
  to tell CMake that the project requires at least <min> but has been updated
  to work with policies introduced by <max> or earlier.
Call Stack (most recent call first):
  /home/runner/vcpkg/scripts/buildsystems/vcpkg.cmake:210 (include)
  /home/runner/work/zh-mobile/zh-mobile/build/android-arm64/CMakeFiles/3.31.6/CMakeSystem.cmake:6 (include)
  /home/runner/work/zh-mobile/zh-mobile/build/android-arm64/CMakeFiles/CMakeScratch/TryCompile-ndX8aX/CMakeLists.txt:5 (project)


CMake Deprecation Warning at /opt/hostedtoolcache/ndk/r27c/x64/build/cmake/android-legacy.toolchain.cmake:35 (cmake_minimum_required):
  Compatibility with CMake < 3.10 will be removed from a future version of
  CMake.

  Update the VERSION argument <min> value.  Or, use the <min>...<max> syntax
  to tell CMake that the project requires at least <min> but has been updated
  to work with policies introduced by <max> or earlier.
Call Stack (most recent call first):
  /opt/hostedtoolcache/ndk/r27c/x64/build/cmake/android.toolchain.cmake:55 (include)
  /home/runner/vcpkg/scripts/buildsystems/vcpkg.cmake:210 (include)
  /home/runner/work/zh-mobile/zh-mobile/build/android-arm64/CMakeFiles/3.31.6/CMakeSystem.cmake:6 (include)
  /home/runner/work/zh-mobile/zh-mobile/build/android-arm64/CMakeFiles/CMakeScratch/TryCompile-ndX8aX/CMakeLists.txt:5 (project)


CMake Deprecation Warning at /opt/hostedtoolcache/ndk/r27c/x64/build/cmake/flags.cmake:18 (cmake_minimum_required):
  Compatibility with CMake < 3.10 will be removed from a future version of
  CMake.

  Update the VERSION argument <min> value.  Or, use the <min>...<max> syntax
  to tell CMake that the project requires at least <min> but has been updated
  to work with policies introduced by <max> or earlier.
Call Stack (most recent call first):
  /usr/local/share/cmake-3.31/Modules/Platform/Android-Clang.cmake:23 (include)
  /usr/local/share/cmake-3.31/Modules/Platform/Android-Clang-C.cmake:1 (include)
  /usr/local/share/cmake-3.31/Modules/CMakeCInformation.cmake:48 (include)
  /home/runner/work/zh-mobile/zh-mobile/build/android-arm64/CMakeFiles/CMakeScratch/TryCompile-ndX8aX/CMakeLists.txt:5 (project)


-- Looking for atoi - found
-- Looking for bcopy
CMake Deprecation Warning at /opt/hostedtoolcache/ndk/r27c/x64/build/cmake/android.toolchain.cmake:35 (cmake_minimum_required):
  Compatibility with CMake < 3.10 will be removed from a future version of
  CMake.

  Update the VERSION argument <min> value.  Or, use the <min>...<max> syntax
  to tell CMake that the project requires at least <min> but has been updated
  to work with policies introduced by <max> or earlier.
Call Stack (most recent call first):
  /home/runner/vcpkg/scripts/buildsystems/vcpkg.cmake:210 (include)
  /home/runner/work/zh-mobile/zh-mobile/build/android-arm64/CMakeFiles/3.31.6/CMakeSystem.cmake:6 (include)
  /home/runner/work/zh-mobile/zh-mobile/build/android-arm64/CMakeFiles/CMakeScratch/TryCompile-6LSyiP/CMakeLists.txt:5 (project)


CMake Deprecation Warning at /opt/hostedtoolcache/ndk/r27c/x64/build/cmake/android-legacy.toolchain.cmake:35 (cmake_minimum_required):
  Compatibility with CMake < 3.10 will be removed from a future version of
  CMake.

  Update the VERSION argument <min> value.  Or, use the <min>...<max> syntax
  to tell CMake that the project requires at least <min> but has been updated
  to work with policies introduced by <max> or earlier.
Call Stack (most recent call first):
  /opt/hostedtoolcache/ndk/r27c/x64/build/cmake/android.toolchain.cmake:55 (include)
  /home/runner/vcpkg/scripts/buildsystems/vcpkg.cmake:210 (include)
  /home/runner/work/zh-mobile/zh-mobile/build/android-arm64/CMakeFiles/3.31.6/CMakeSystem.cmake:6 (include)
  /home/runner/work/zh-mobile/zh-mobile/build/android-arm64/CMakeFiles/CMakeScratch/TryCompile-6LSyiP/CMakeLists.txt:5 (project)


CMake Deprecation Warning at /opt/hostedtoolcache/ndk/r27c/x64/build/cmake/flags.cmake:18 (cmake_minimum_required):
  Compatibility with CMake < 3.10 will be removed from a future version of
  CMake.

  Update the VERSION argument <min> value.  Or, use the <min>...<max> syntax
  to tell CMake that the project requires at least <min> but has been updated
  to work with policies introduced by <max> or earlier.
Call Stack (most recent call first):
  /usr/local/share/cmake-3.31/Modules/Platform/Android-Clang.cmake:23 (include)
  /usr/local/share/cmake-3.31/Modules/Platform/Android-Clang-C.cmake:1 (include)
  /usr/local/share/cmake-3.31/Modules/CMakeCInformation.cmake:48 (include)
  /home/runner/work/zh-mobile/zh-mobile/build/android-arm64/CMakeFiles/CMakeScratch/TryCompile-6LSyiP/CMakeLists.txt:5 (project)


-- Looking for bcopy - found
-- Looking for ceil
CMake Deprecation Warning at /opt/hostedtoolcache/ndk/r27c/x64/build/cmake/android.toolchain.cmake:35 (cmake_minimum_required):
  Compatibility with CMake < 3.10 will be removed from a future version of
  CMake.

  Update the VERSION argument <min> value.  Or, use the <min>...<max> syntax
  to tell CMake that the project requires at least <min> but has been updated
  to work with policies introduced by <max> or earlier.
Call Stack (most recent call first):
  /home/runner/vcpkg/scripts/buildsystems/vcpkg.cmake:210 (include)
  /home/runner/work/zh-mobile/zh-mobile/build/android-arm64/CMakeFiles/3.31.6/CMakeSystem.cmake:6 (include)
  /home/runner/work/zh-mobile/zh-mobile/build/android-arm64/CMakeFiles/CMakeScratch/TryCompile-3KIfFS/CMakeLists.txt:5 (project)


CMake Deprecation Warning at /opt/hostedtoolcache/ndk/r27c/x64/build/cmake/android-legacy.toolchain.cmake:35 (cmake_minimum_required):
  Compatibility with CMake < 3.10 will be removed from a future version of
  CMake.

  Update the VERSION argument <min> value.  Or, use the <min>...<max> syntax
  to tell CMake that the project requires at least <min> but has been updated
  to work with policies introduced by <max> or earlier.
Call Stack (most recent call first):
  /opt/hostedtoolcache/ndk/r27c/x64/build/cmake/android.toolchain.cmake:55 (include)
  /home/runner/vcpkg/scripts/buildsystems/vcpkg.cmake:210 (include)
  /home/runner/work/zh-mobile/zh-mobile/build/android-arm64/CMakeFiles/3.31.6/CMakeSystem.cmake:6 (include)
  /home/runner/work/zh-mobile/zh-mobile/build/android-arm64/CMakeFiles/CMakeScratch/TryCompile-3KIfFS/CMakeLists.txt:5 (project)


CMake Deprecation Warning at /opt/hostedtoolcache/ndk/r27c/x64/build/cmake/flags.cmake:18 (cmake_minimum_required):
  Compatibility with CMake < 3.10 will be removed from a future version of
  CMake.

  Update the VERSION argument <min> value.  Or, use the <min>...<max> syntax
  to tell CMake that the project requires at least <min> but has been updated
  to work with policies introduced by <max> or earlier.
Call Stack (most recent call first):
  /usr/local/share/cmake-3.31/Modules/Platform/Android-Clang.cmake:23 (include)
  /usr/local/share/cmake-3.31/Modules/Platform/Android-Clang-C.cmake:1 (include)
  /usr/local/share/cmake-3.31/Modules/CMakeCInformation.cmake:48 (include)
  /home/runner/work/zh-mobile/zh-mobile/build/android-arm64/CMakeFiles/CMakeScratch/TryCompile-3KIfFS/CMakeLists.txt:5 (project)


-- Looking for ceil - found
-- Looking for ceilf
CMake Deprecation Warning at /opt/hostedtoolcache/ndk/r27c/x64/build/cmake/android.toolchain.cmake:35 (cmake_minimum_required):
  Compatibility with CMake < 3.10 will be removed from a future version of
  CMake.

  Update the VERSION argument <min> value.  Or, use the <min>...<max> syntax
  to tell CMake that the project requires at least <min> but has been updated
  to work with policies introduced by <max> or earlier.
Call Stack (most recent call first):
  /home/runner/vcpkg/scripts/buildsystems/vcpkg.cmake:210 (include)
  /home/runner/work/zh-mobile/zh-mobile/build/android-arm64/CMakeFiles/3.31.6/CMakeSystem.cmake:6 (include)
  /home/runner/work/zh-mobile/zh-mobile/build/android-arm64/CMakeFiles/CMakeScratch/TryCompile-KGn3t6/CMakeLists.txt:5 (project)


CMake Deprecation Warning at /opt/hostedtoolcache/ndk/r27c/x64/build/cmake/android-legacy.toolchain.cmake:35 (cmake_minimum_required):
  Compatibility with CMake < 3.10 will be removed from a future version of
  CMake.

  Update the VERSION argument <min> value.  Or, use the <min>...<max> syntax
  to tell CMake that the project requires at least <min> but has been updated
  to work with policies introduced by <max> or earlier.
Call Stack (most recent call first):
  /opt/hostedtoolcache/ndk/r27c/x64/build/cmake/android.toolchain.cmake:55 (include)
  /home/runner/vcpkg/scripts/buildsystems/vcpkg.cmake:210 (include)
  /home/runner/work/zh-mobile/zh-mobile/build/android-arm64/CMakeFiles/3.31.6/CMakeSystem.cmake:6 (include)
  /home/runner/work/zh-mobile/zh-mobile/build/android-arm64/CMakeFiles/CMakeScratch/TryCompile-KGn3t6/CMakeLists.txt:5 (project)


CMake Deprecation Warning at /opt/hostedtoolcache/ndk/r27c/x64/build/cmake/flags.cmake:18 (cmake_minimum_required):
  Compatibility with CMake < 3.10 will be removed from a future version of
  CMake.

  Update the VERSION argument <min> value.  Or, use the <min>...<max> syntax
  to tell CMake that the project requires at least <min> but has been updated
  to work with policies introduced by <max> or earlier.
Call Stack (most recent call first):
  /usr/local/share/cmake-3.31/Modules/Platform/Android-Clang.cmake:23 (include)
  /usr/local/share/cmake-3.31/Modules/Platform/Android-Clang-C.cmake:1 (include)
  /usr/local/share/cmake-3.31/Modules/CMakeCInformation.cmake:48 (include)
  /home/runner/work/zh-mobile/zh-mobile/build/android-arm64/CMakeFiles/CMakeScratch/TryCompile-KGn3t6/CMakeLists.txt:5 (project)


-- Looking for ceilf - found
-- Looking for copysign
CMake Deprecation Warning at /opt/hostedtoolcache/ndk/r27c/x64/build/cmake/android.toolchain.cmake:35 (cmake_minimum_required):
  Compatibility with CMake < 3.10 will be removed from a future version of
  CMake.

  Update the VERSION argument <min> value.  Or, use the <min>...<max> syntax
  to tell CMake that the project requires at least <min> but has been updated
  to work with policies introduced by <max> or earlier.
Call Stack (most recent call first):
  /home/runner/vcpkg/scripts/buildsystems/vcpkg.cmake:210 (include)
  /home/runner/work/zh-mobile/zh-mobile/build/android-arm64/CMakeFiles/3.31.6/CMakeSystem.cmake:6 (include)
  /home/runner/work/zh-mobile/zh-mobile/build/android-arm64/CMakeFiles/CMakeScratch/TryCompile-UZ69Mu/CMakeLists.txt:5 (project)


CMake Deprecation Warning at /opt/hostedtoolcache/ndk/r27c/x64/build/cmake/android-legacy.toolchain.cmake:35 (cmake_minimum_required):
  Compatibility with CMake < 3.10 will be removed from a future version of
  CMake.

  Update the VERSION argument <min> value.  Or, use the <min>...<max> syntax
  to tell CMake that the project requires at least <min> but has been updated
  to work with policies introduced by <max> or earlier.
Call Stack (most recent call first):
  /opt/hostedtoolcache/ndk/r27c/x64/build/cmake/android.toolchain.cmake:55 (include)
  /home/runner/vcpkg/scripts/buildsystems/vcpkg.cmake:210 (include)
  /home/runner/work/zh-mobile/zh-mobile/build/android-arm64/CMakeFiles/3.31.6/CMakeSystem.cmake:6 (include)
  /home/runner/work/zh-mobile/zh-mobile/build/android-arm64/CMakeFiles/CMakeScratch/TryCompile-UZ69Mu/CMakeLists.txt:5 (project)


CMake Deprecation Warning at /opt/hostedtoolcache/ndk/r27c/x64/build/cmake/flags.cmake:18 (cmake_minimum_required):
  Compatibility with CMake < 3.10 will be removed from a future version of
  CMake.

  Update the VERSION argument <min> value.  Or, use the <min>...<max> syntax
  to tell CMake that the project requires at least <min> but has been updated
  to work with policies introduced by <max> or earlier.
Call Stack (most recent call first):
  /usr/local/share/cmake-3.31/Modules/Platform/Android-Clang.cmake:23 (include)
  /usr/local/share/cmake-3.31/Modules/Platform/Android-Clang-C.cmake:1 (include)
  /usr/local/share/cmake-3.31/Modules/CMakeCInformation.cmake:48 (include)
  /home/runner/work/zh-mobile/zh-mobile/build/android-arm64/CMakeFiles/CMakeScratch/TryCompile-UZ69Mu/CMakeLists.txt:5 (project)


-- Looking for copysign - found
-- Looking for copysignf
CMake Deprecation Warning at /opt/hostedtoolcache/ndk/r27c/x64/build/cmake/android.toolchain.cmake:35 (cmake_minimum_required):
  Compatibility with CMake < 3.10 will be removed from a future version of
  CMake.

  Update the VERSION argument <min> value.  Or, use the <min>...<max> syntax
  to tell CMake that the project requires at least <min> but has been updated
  to work with policies introduced by <max> or earlier.
Call Stack (most recent call first):
  /home/runner/vcpkg/scripts/buildsystems/vcpkg.cmake:210 (include)
  /home/runner/work/zh-mobile/zh-mobile/build/android-arm64/CMakeFiles/3.31.6/CMakeSystem.cmake:6 (include)
  /home/runner/work/zh-mobile/zh-mobile/build/android-arm64/CMakeFiles/CMakeScratch/TryCompile-JqQyEQ/CMakeLists.txt:5 (project)


CMake Deprecation Warning at /opt/hostedtoolcache/ndk/r27c/x64/build/cmake/android-legacy.toolchain.cmake:35 (cmake_minimum_required):
  Compatibility with CMake < 3.10 will be removed from a future version of
  CMake.

  Update the VERSION argument <min> value.  Or, use the <min>...<max> syntax
  to tell CMake that the project requires at least <min> but has been updated
  to work with policies introduced by <max> or earlier.
Call Stack (most recent call first):
  /opt/hostedtoolcache/ndk/r27c/x64/build/cmake/android.toolchain.cmake:55 (include)
  /home/runner/vcpkg/scripts/buildsystems/vcpkg.cmake:210 (include)
  /home/runner/work/zh-mobile/zh-mobile/build/android-arm64/CMakeFiles/3.31.6/CMakeSystem.cmake:6 (include)
  /home/runner/work/zh-mobile/zh-mobile/build/android-arm64/CMakeFiles/CMakeScratch/TryCompile-JqQyEQ/CMakeLists.txt:5 (project)


CMake Deprecation Warning at /opt/hostedtoolcache/ndk/r27c/x64/build/cmake/flags.cmake:18 (cmake_minimum_required):
  Compatibility with CMake < 3.10 will be removed from a future version of
  CMake.

  Update the VERSION argument <min> value.  Or, use the <min>...<max> syntax
  to tell CMake that the project requires at least <min> but has been updated
  to work with policies introduced by <max> or earlier.
Call Stack (most recent call first):
  /usr/local/share/cmake-3.31/Modules/Platform/Android-Clang.cmake:23 (include)
  /usr/local/share/cmake-3.31/Modules/Platform/Android-Clang-C.cmake:1 (include)
  /usr/local/share/cmake-3.31/Modules/CMakeCInformation.cmake:48 (include)
  /home/runner/work/zh-mobile/zh-mobile/build/android-arm64/CMakeFiles/CMakeScratch/TryCompile-JqQyEQ/CMakeLists.txt:5 (project)


-- Looking for copysignf - found
-- Looking for cos
CMake Deprecation Warning at /opt/hostedtoolcache/ndk/r27c/x64/build/cmake/android.toolchain.cmake:35 (cmake_minimum_required):
  Compatibility with CMake < 3.10 will be removed from a future version of
  CMake.

  Update the VERSION argument <min> value.  Or, use the <min>...<max> syntax
  to tell CMake that the project requires at least <min> but has been updated
  to work with policies introduced by <max> or earlier.
Call Stack (most recent call first):
  /home/runner/vcpkg/scripts/buildsystems/vcpkg.cmake:210 (include)
  /home/runner/work/zh-mobile/zh-mobile/build/android-arm64/CMakeFiles/3.31.6/CMakeSystem.cmake:6 (include)
  /home/runner/work/zh-mobile/zh-mobile/build/android-arm64/CMakeFiles/CMakeScratch/TryCompile-aUPLfA/CMakeLists.txt:5 (project)


CMake Deprecation Warning at /opt/hostedtoolcache/ndk/r27c/x64/build/cmake/android-legacy.toolchain.cmake:35 (cmake_minimum_required):
  Compatibility with CMake < 3.10 will be removed from a future version of
  CMake.

  Update the VERSION argument <min> value.  Or, use the <min>...<max> syntax
  to tell CMake that the project requires at least <min> but has been updated
  to work with policies introduced by <max> or earlier.
Call Stack (most recent call first):
  /opt/hostedtoolcache/ndk/r27c/x64/build/cmake/android.toolchain.cmake:55 (include)
  /home/runner/vcpkg/scripts/buildsystems/vcpkg.cmake:210 (include)
  /home/runner/work/zh-mobile/zh-mobile/build/android-arm64/CMakeFiles/3.31.6/CMakeSystem.cmake:6 (include)
  /home/runner/work/zh-mobile/zh-mobile/build/android-arm64/CMakeFiles/CMakeScratch/TryCompile-aUPLfA/CMakeLists.txt:5 (project)


CMake Deprecation Warning at /opt/hostedtoolcache/ndk/r27c/x64/build/cmake/flags.cmake:18 (cmake_minimum_required):
  Compatibility with CMake < 3.10 will be removed from a future version of
  CMake.

  Update the VERSION argument <min> value.  Or, use the <min>...<max> syntax
  to tell CMake that the project requires at least <min> but has been updated
  to work with policies introduced by <max> or earlier.
Call Stack (most recent call first):
  /usr/local/share/cmake-3.31/Modules/Platform/Android-Clang.cmake:23 (include)
  /usr/local/share/cmake-3.31/Modules/Platform/Android-Clang-C.cmake:1 (include)
  /usr/local/share/cmake-3.31/Modules/CMakeCInformation.cmake:48 (include)
  /home/runner/work/zh-mobile/zh-mobile/build/android-arm64/CMakeFiles/CMakeScratch/TryCompile-aUPLfA/CMakeLists.txt:5 (project)


-- Looking for cos - found
-- Looking for cosf
CMake Deprecation Warning at /opt/hostedtoolcache/ndk/r27c/x64/build/cmake/android.toolchain.cmake:35 (cmake_minimum_required):
  Compatibility with CMake < 3.10 will be removed from a future version of
  CMake.

  Update the VERSION argument <min> value.  Or, use the <min>...<max> syntax
  to tell CMake that the project requires at least <min> but has been updated
  to work with policies introduced by <max> or earlier.
Call Stack (most recent call first):
  /home/runner/vcpkg/scripts/buildsystems/vcpkg.cmake:210 (include)
  /home/runner/work/zh-mobile/zh-mobile/build/android-arm64/CMakeFiles/3.31.6/CMakeSystem.cmake:6 (include)
  /home/runner/work/zh-mobile/zh-mobile/build/android-arm64/CMakeFiles/CMakeScratch/TryCompile-f9y1I0/CMakeLists.txt:5 (project)


CMake Deprecation Warning at /opt/hostedtoolcache/ndk/r27c/x64/build/cmake/android-legacy.toolchain.cmake:35 (cmake_minimum_required):
  Compatibility with CMake < 3.10 will be removed from a future version of
  CMake.

  Update the VERSION argument <min> value.  Or, use the <min>...<max> syntax
  to tell CMake that the project requires at least <min> but has been updated
  to work with policies introduced by <max> or earlier.
Call Stack (most recent call first):
  /opt/hostedtoolcache/ndk/r27c/x64/build/cmake/android.toolchain.cmake:55 (include)
  /home/runner/vcpkg/scripts/buildsystems/vcpkg.cmake:210 (include)
  /home/runner/work/zh-mobile/zh-mobile/build/android-arm64/CMakeFiles/3.31.6/CMakeSystem.cmake:6 (include)
  /home/runner/work/zh-mobile/zh-mobile/build/android-arm64/CMakeFiles/CMakeScratch/TryCompile-f9y1I0/CMakeLists.txt:5 (project)


CMake Deprecation Warning at /opt/hostedtoolcache/ndk/r27c/x64/build/cmake/flags.cmake:18 (cmake_minimum_required):
  Compatibility with CMake < 3.10 will be removed from a future version of
  CMake.

  Update the VERSION argument <min> value.  Or, use the <min>...<max> syntax
  to tell CMake that the project requires at least <min> but has been updated
  to work with policies introduced by <max> or earlier.
Call Stack (most recent call first):
  /usr/local/share/cmake-3.31/Modules/Platform/Android-Clang.cmake:23 (include)
  /usr/local/share/cmake-3.31/Modules/Platform/Android-Clang-C.cmake:1 (include)
  /usr/local/share/cmake-3.31/Modules/CMakeCInformation.cmake:48 (include)
  /home/runner/work/zh-mobile/zh-mobile/build/android-arm64/CMakeFiles/CMakeScratch/TryCompile-f9y1I0/CMakeLists.txt:5 (project)


-- Looking for cosf - found
-- Looking for _Exit
CMake Deprecation Warning at /opt/hostedtoolcache/ndk/r27c/x64/build/cmake/android.toolchain.cmake:35 (cmake_minimum_required):
  Compatibility with CMake < 3.10 will be removed from a future version of
  CMake.

  Update the VERSION argument <min> value.  Or, use the <min>...<max> syntax
  to tell CMake that the project requires at least <min> but has been updated
  to work with policies introduced by <max> or earlier.
Call Stack (most recent call first):
  /home/runner/vcpkg/scripts/buildsystems/vcpkg.cmake:210 (include)
  /home/runner/work/zh-mobile/zh-mobile/build/android-arm64/CMakeFiles/3.31.6/CMakeSystem.cmake:6 (include)
  /home/runner/work/zh-mobile/zh-mobile/build/android-arm64/CMakeFiles/CMakeScratch/TryCompile-RZcyyK/CMakeLists.txt:5 (project)


CMake Deprecation Warning at /opt/hostedtoolcache/ndk/r27c/x64/build/cmake/android-legacy.toolchain.cmake:35 (cmake_minimum_required):
  Compatibility with CMake < 3.10 will be removed from a future version of
  CMake.

  Update the VERSION argument <min> value.  Or, use the <min>...<max> syntax
  to tell CMake that the project requires at least <min> but has been updated
  to work with policies introduced by <max> or earlier.
Call Stack (most recent call first):
  /opt/hostedtoolcache/ndk/r27c/x64/build/cmake/android.toolchain.cmake:55 (include)
  /home/runner/vcpkg/scripts/buildsystems/vcpkg.cmake:210 (include)
  /home/runner/work/zh-mobile/zh-mobile/build/android-arm64/CMakeFiles/3.31.6/CMakeSystem.cmake:6 (include)
  /home/runner/work/zh-mobile/zh-mobile/build/android-arm64/CMakeFiles/CMakeScratch/TryCompile-RZcyyK/CMakeLists.txt:5 (project)


CMake Deprecation Warning at /opt/hostedtoolcache/ndk/r27c/x64/build/cmake/flags.cmake:18 (cmake_minimum_required):
  Compatibility with CMake < 3.10 will be removed from a future version of
  CMake.

  Update the VERSION argument <min> value.  Or, use the <min>...<max> syntax
  to tell CMake that the project requires at least <min> but has been updated
  to work with policies introduced by <max> or earlier.
Call Stack (most recent call first):
  /usr/local/share/cmake-3.31/Modules/Platform/Android-Clang.cmake:23 (include)
  /usr/local/share/cmake-3.31/Modules/Platform/Android-Clang-C.cmake:1 (include)
  /usr/local/share/cmake-3.31/Modules/CMakeCInformation.cmake:48 (include)
  /home/runner/work/zh-mobile/zh-mobile/build/android-arm64/CMakeFiles/CMakeScratch/TryCompile-RZcyyK/CMakeLists.txt:5 (project)


-- Looking for _Exit - found
-- Looking for exp
CMake Deprecation Warning at /opt/hostedtoolcache/ndk/r27c/x64/build/cmake/android.toolchain.cmake:35 (cmake_minimum_required):
  Compatibility with CMake < 3.10 will be removed from a future version of
  CMake.

  Update the VERSION argument <min> value.  Or, use the <min>...<max> syntax
  to tell CMake that the project requires at least <min> but has been updated
  to work with policies introduced by <max> or earlier.
Call Stack (most recent call first):
  /home/runner/vcpkg/scripts/buildsystems/vcpkg.cmake:210 (include)
  /home/runner/work/zh-mobile/zh-mobile/build/android-arm64/CMakeFiles/3.31.6/CMakeSystem.cmake:6 (include)
  /home/runner/work/zh-mobile/zh-mobile/build/android-arm64/CMakeFiles/CMakeScratch/TryCompile-1XqSZs/CMakeLists.txt:5 (project)


CMake Deprecation Warning at /opt/hostedtoolcache/ndk/r27c/x64/build/cmake/android-legacy.toolchain.cmake:35 (cmake_minimum_required):
  Compatibility with CMake < 3.10 will be removed from a future version of
  CMake.

  Update the VERSION argument <min> value.  Or, use the <min>...<max> syntax
  to tell CMake that the project requires at least <min> but has been updated
  to work with policies introduced by <max> or earlier.
Call Stack (most recent call first):
  /opt/hostedtoolcache/ndk/r27c/x64/build/cmake/android.toolchain.cmake:55 (include)
  /home/runner/vcpkg/scripts/buildsystems/vcpkg.cmake:210 (include)
  /home/runner/work/zh-mobile/zh-mobile/build/android-arm64/CMakeFiles/3.31.6/CMakeSystem.cmake:6 (include)
  /home/runner/work/zh-mobile/zh-mobile/build/android-arm64/CMakeFiles/CMakeScratch/TryCompile-1XqSZs/CMakeLists.txt:5 (project)


CMake Deprecation Warning at /opt/hostedtoolcache/ndk/r27c/x64/build/cmake/flags.cmake:18 (cmake_minimum_required):
  Compatibility with CMake < 3.10 will be removed from a future version of
  CMake.

  Update the VERSION argument <min> value.  Or, use the <min>...<max> syntax
  to tell CMake that the project requires at least <min> but has been updated
  to work with policies introduced by <max> or earlier.
Call Stack (most recent call first):
  /usr/local/share/cmake-3.31/Modules/Platform/Android-Clang.cmake:23 (include)
  /usr/local/share/cmake-3.31/Modules/Platform/Android-Clang-C.cmake:1 (include)
  /usr/local/share/cmake-3.31/Modules/CMakeCInformation.cmake:48 (include)
  /home/runner/work/zh-mobile/zh-mobile/build/android-arm64/CMakeFiles/CMakeScratch/TryCompile-1XqSZs/CMakeLists.txt:5 (project)


-- Looking for exp - found
-- Looking for expf
CMake Deprecation Warning at /opt/hostedtoolcache/ndk/r27c/x64/build/cmake/android.toolchain.cmake:35 (cmake_minimum_required):
  Compatibility with CMake < 3.10 will be removed from a future version of
  CMake.

  Update the VERSION argument <min> value.  Or, use the <min>...<max> syntax
  to tell CMake that the project requires at least <min> but has been updated
  to work with policies introduced by <max> or earlier.
Call Stack (most recent call first):
  /home/runner/vcpkg/scripts/buildsystems/vcpkg.cmake:210 (include)
  /home/runner/work/zh-mobile/zh-mobile/build/android-arm64/CMakeFiles/3.31.6/CMakeSystem.cmake:6 (include)
  /home/runner/work/zh-mobile/zh-mobile/build/android-arm64/CMakeFiles/CMakeScratch/TryCompile-yxbgfr/CMakeLists.txt:5 (project)


CMake Deprecation Warning at /opt/hostedtoolcache/ndk/r27c/x64/build/cmake/android-legacy.toolchain.cmake:35 (cmake_minimum_required):
  Compatibility with CMake < 3.10 will be removed from a future version of
  CMake.

  Update the VERSION argument <min> value.  Or, use the <min>...<max> syntax
  to tell CMake that the project requires at least <min> but has been updated
  to work with policies introduced by <max> or earlier.
Call Stack (most recent call first):
  /opt/hostedtoolcache/ndk/r27c/x64/build/cmake/android.toolchain.cmake:55 (include)
  /home/runner/vcpkg/scripts/buildsystems/vcpkg.cmake:210 (include)
  /home/runner/work/zh-mobile/zh-mobile/build/android-arm64/CMakeFiles/3.31.6/CMakeSystem.cmake:6 (include)
  /home/runner/work/zh-mobile/zh-mobile/build/android-arm64/CMakeFiles/CMakeScratch/TryCompile-yxbgfr/CMakeLists.txt:5 (project)


CMake Deprecation Warning at /opt/hostedtoolcache/ndk/r27c/x64/build/cmake/flags.cmake:18 (cmake_minimum_required):
  Compatibility with CMake < 3.10 will be removed from a future version of
  CMake.

  Update the VERSION argument <min> value.  Or, use the <min>...<max> syntax
  to tell CMake that the project requires at least <min> but has been updated
  to work with policies introduced by <max> or earlier.
Call Stack (most recent call first):
  /usr/local/share/cmake-3.31/Modules/Platform/Android-Clang.cmake:23 (include)
  /usr/local/share/cmake-3.31/Modules/Platform/Android-Clang-C.cmake:1 (include)
  /usr/local/share/cmake-3.31/Modules/CMakeCInformation.cmake:48 (include)
  /home/runner/work/zh-mobile/zh-mobile/build/android-arm64/CMakeFiles/CMakeScratch/TryCompile-yxbgfr/CMakeLists.txt:5 (project)


-- Looking for expf - found
-- Looking for fabs
CMake Deprecation Warning at /opt/hostedtoolcache/ndk/r27c/x64/build/cmake/android.toolchain.cmake:35 (cmake_minimum_required):
  Compatibility with CMake < 3.10 will be removed from a future version of
  CMake.

  Update the VERSION argument <min> value.  Or, use the <min>...<max> syntax
  to tell CMake that the project requires at least <min> but has been updated
  to work with policies introduced by <max> or earlier.
Call Stack (most recent call first):
  /home/runner/vcpkg/scripts/buildsystems/vcpkg.cmake:210 (include)
  /home/runner/work/zh-mobile/zh-mobile/build/android-arm64/CMakeFiles/3.31.6/CMakeSystem.cmake:6 (include)
  /home/runner/work/zh-mobile/zh-mobile/build/android-arm64/CMakeFiles/CMakeScratch/TryCompile-dSy0PD/CMakeLists.txt:5 (project)


CMake Deprecation Warning at /opt/hostedtoolcache/ndk/r27c/x64/build/cmake/android-legacy.toolchain.cmake:35 (cmake_minimum_required):
  Compatibility with CMake < 3.10 will be removed from a future version of
  CMake.

  Update the VERSION argument <min> value.  Or, use the <min>...<max> syntax
  to tell CMake that the project requires at least <min> but has been updated
  to work with policies introduced by <max> or earlier.
Call Stack (most recent call first):
  /opt/hostedtoolcache/ndk/r27c/x64/build/cmake/android.toolchain.cmake:55 (include)
  /home/runner/vcpkg/scripts/buildsystems/vcpkg.cmake:210 (include)
  /home/runner/work/zh-mobile/zh-mobile/build/android-arm64/CMakeFiles/3.31.6/CMakeSystem.cmake:6 (include)
  /home/runner/work/zh-mobile/zh-mobile/build/android-arm64/CMakeFiles/CMakeScratch/TryCompile-dSy0PD/CMakeLists.txt:5 (project)


CMake Deprecation Warning at /opt/hostedtoolcache/ndk/r27c/x64/build/cmake/flags.cmake:18 (cmake_minimum_required):
  Compatibility with CMake < 3.10 will be removed from a future version of
  CMake.

  Update the VERSION argument <min> value.  Or, use the <min>...<max> syntax
  to tell CMake that the project requires at least <min> but has been updated
  to work with policies introduced by <max> or earlier.
Call Stack (most recent call first):
  /usr/local/share/cmake-3.31/Modules/Platform/Android-Clang.cmake:23 (include)
  /usr/local/share/cmake-3.31/Modules/Platform/Android-Clang-C.cmake:1 (include)
  /usr/local/share/cmake-3.31/Modules/CMakeCInformation.cmake:48 (include)
  /home/runner/work/zh-mobile/zh-mobile/build/android-arm64/CMakeFiles/CMakeScratch/TryCompile-dSy0PD/CMakeLists.txt:5 (project)


-- Looking for fabs - found
-- Looking for fabsf
CMake Deprecation Warning at /opt/hostedtoolcache/ndk/r27c/x64/build/cmake/android.toolchain.cmake:35 (cmake_minimum_required):
  Compatibility with CMake < 3.10 will be removed from a future version of
  CMake.

  Update the VERSION argument <min> value.  Or, use the <min>...<max> syntax
  to tell CMake that the project requires at least <min> but has been updated
  to work with policies introduced by <max> or earlier.
Call Stack (most recent call first):
  /home/runner/vcpkg/scripts/buildsystems/vcpkg.cmake:210 (include)
  /home/runner/work/zh-mobile/zh-mobile/build/android-arm64/CMakeFiles/3.31.6/CMakeSystem.cmake:6 (include)
  /home/runner/work/zh-mobile/zh-mobile/build/android-arm64/CMakeFiles/CMakeScratch/TryCompile-0Z54GY/CMakeLists.txt:5 (project)


CMake Deprecation Warning at /opt/hostedtoolcache/ndk/r27c/x64/build/cmake/android-legacy.toolchain.cmake:35 (cmake_minimum_required):
  Compatibility with CMake < 3.10 will be removed from a future version of
  CMake.

  Update the VERSION argument <min> value.  Or, use the <min>...<max> syntax
  to tell CMake that the project requires at least <min> but has been updated
  to work with policies introduced by <max> or earlier.
Call Stack (most recent call first):
  /opt/hostedtoolcache/ndk/r27c/x64/build/cmake/android.toolchain.cmake:55 (include)
  /home/runner/vcpkg/scripts/buildsystems/vcpkg.cmake:210 (include)
  /home/runner/work/zh-mobile/zh-mobile/build/android-arm64/CMakeFiles/3.31.6/CMakeSystem.cmake:6 (include)
  /home/runner/work/zh-mobile/zh-mobile/build/android-arm64/CMakeFiles/CMakeScratch/TryCompile-0Z54GY/CMakeLists.txt:5 (project)


CMake Deprecation Warning at /opt/hostedtoolcache/ndk/r27c/x64/build/cmake/flags.cmake:18 (cmake_minimum_required):
  Compatibility with CMake < 3.10 will be removed from a future version of
  CMake.

  Update the VERSION argument <min> value.  Or, use the <min>...<max> syntax
  to tell CMake that the project requires at least <min> but has been updated
  to work with policies introduced by <max> or earlier.
Call Stack (most recent call first):
  /usr/local/share/cmake-3.31/Modules/Platform/Android-Clang.cmake:23 (include)
  /usr/local/share/cmake-3.31/Modules/Platform/Android-Clang-C.cmake:1 (include)
  /usr/local/share/cmake-3.31/Modules/CMakeCInformation.cmake:48 (include)
  /home/runner/work/zh-mobile/zh-mobile/build/android-arm64/CMakeFiles/CMakeScratch/TryCompile-0Z54GY/CMakeLists.txt:5 (project)


-- Looking for fabsf - found
-- Looking for floor
CMake Deprecation Warning at /opt/hostedtoolcache/ndk/r27c/x64/build/cmake/android.toolchain.cmake:35 (cmake_minimum_required):
  Compatibility with CMake < 3.10 will be removed from a future version of
  CMake.

  Update the VERSION argument <min> value.  Or, use the <min>...<max> syntax
  to tell CMake that the project requires at least <min> but has been updated
  to work with policies introduced by <max> or earlier.
Call Stack (most recent call first):
  /home/runner/vcpkg/scripts/buildsystems/vcpkg.cmake:210 (include)
  /home/runner/work/zh-mobile/zh-mobile/build/android-arm64/CMakeFiles/3.31.6/CMakeSystem.cmake:6 (include)
  /home/runner/work/zh-mobile/zh-mobile/build/android-arm64/CMakeFiles/CMakeScratch/TryCompile-3kBZAk/CMakeLists.txt:5 (project)


CMake Deprecation Warning at /opt/hostedtoolcache/ndk/r27c/x64/build/cmake/android-legacy.toolchain.cmake:35 (cmake_minimum_required):
  Compatibility with CMake < 3.10 will be removed from a future version of
  CMake.

  Update the VERSION argument <min> value.  Or, use the <min>...<max> syntax
  to tell CMake that the project requires at least <min> but has been updated
  to work with policies introduced by <max> or earlier.
Call Stack (most recent call first):
  /opt/hostedtoolcache/ndk/r27c/x64/build/cmake/android.toolchain.cmake:55 (include)
  /home/runner/vcpkg/scripts/buildsystems/vcpkg.cmake:210 (include)
  /home/runner/work/zh-mobile/zh-mobile/build/android-arm64/CMakeFiles/3.31.6/CMakeSystem.cmake:6 (include)
  /home/runner/work/zh-mobile/zh-mobile/build/android-arm64/CMakeFiles/CMakeScratch/TryCompile-3kBZAk/CMakeLists.txt:5 (project)


CMake Deprecation Warning at /opt/hostedtoolcache/ndk/r27c/x64/build/cmake/flags.cmake:18 (cmake_minimum_required):
  Compatibility with CMake < 3.10 will be removed from a future version of
  CMake.

  Update the VERSION argument <min> value.  Or, use the <min>...<max> syntax
  to tell CMake that the project requires at least <min> but has been updated
  to work with policies introduced by <max> or earlier.
Call Stack (most recent call first):
  /usr/local/share/cmake-3.31/Modules/Platform/Android-Clang.cmake:23 (include)
  /usr/local/share/cmake-3.31/Modules/Platform/Android-Clang-C.cmake:1 (include)
  /usr/local/share/cmake-3.31/Modules/CMakeCInformation.cmake:48 (include)
  /home/runner/work/zh-mobile/zh-mobile/build/android-arm64/CMakeFiles/CMakeScratch/TryCompile-3kBZAk/CMakeLists.txt:5 (project)


-- Looking for floor - found
-- Looking for floorf
CMake Deprecation Warning at /opt/hostedtoolcache/ndk/r27c/x64/build/cmake/android.toolchain.cmake:35 (cmake_minimum_required):
  Compatibility with CMake < 3.10 will be removed from a future version of
  CMake.

  Update the VERSION argument <min> value.  Or, use the <min>...<max> syntax
  to tell CMake that the project requires at least <min> but has been updated
  to work with policies introduced by <max> or earlier.
Call Stack (most recent call first):
  /home/runner/vcpkg/scripts/buildsystems/vcpkg.cmake:210 (include)
  /home/runner/work/zh-mobile/zh-mobile/build/android-arm64/CMakeFiles/3.31.6/CMakeSystem.cmake:6 (include)
  /home/runner/work/zh-mobile/zh-mobile/build/android-arm64/CMakeFiles/CMakeScratch/TryCompile-T9RSTz/CMakeLists.txt:5 (project)


CMake Deprecation Warning at /opt/hostedtoolcache/ndk/r27c/x64/build/cmake/android-legacy.toolchain.cmake:35 (cmake_minimum_required):
  Compatibility with CMake < 3.10 will be removed from a future version of
  CMake.

  Update the VERSION argument <min> value.  Or, use the <min>...<max> syntax
  to tell CMake that the project requires at least <min> but has been updated
  to work with policies introduced by <max> or earlier.
Call Stack (most recent call first):
  /opt/hostedtoolcache/ndk/r27c/x64/build/cmake/android.toolchain.cmake:55 (include)
  /home/runner/vcpkg/scripts/buildsystems/vcpkg.cmake:210 (include)
  /home/runner/work/zh-mobile/zh-mobile/build/android-arm64/CMakeFiles/3.31.6/CMakeSystem.cmake:6 (include)
  /home/runner/work/zh-mobile/zh-mobile/build/android-arm64/CMakeFiles/CMakeScratch/TryCompile-T9RSTz/CMakeLists.txt:5 (project)


CMake Deprecation Warning at /opt/hostedtoolcache/ndk/r27c/x64/build/cmake/flags.cmake:18 (cmake_minimum_required):
  Compatibility with CMake < 3.10 will be removed from a future version of
  CMake.

  Update the VERSION argument <min> value.  Or, use the <min>...<max> syntax
  to tell CMake that the project requires at least <min> but has been updated
  to work with policies introduced by <max> or earlier.
Call Stack (most recent call first):
  /usr/local/share/cmake-3.31/Modules/Platform/Android-Clang.cmake:23 (include)
  /usr/local/share/cmake-3.31/Modules/Platform/Android-Clang-C.cmake:1 (include)
  /usr/local/share/cmake-3.31/Modules/CMakeCInformation.cmake:48 (include)
  /home/runner/work/zh-mobile/zh-mobile/build/android-arm64/CMakeFiles/CMakeScratch/TryCompile-T9RSTz/CMakeLists.txt:5 (project)


-- Looking for floorf - found
-- Looking for fmod
CMake Deprecation Warning at /opt/hostedtoolcache/ndk/r27c/x64/build/cmake/android.toolchain.cmake:35 (cmake_minimum_required):
  Compatibility with CMake < 3.10 will be removed from a future version of
  CMake.

  Update the VERSION argument <min> value.  Or, use the <min>...<max> syntax
  to tell CMake that the project requires at least <min> but has been updated
  to work with policies introduced by <max> or earlier.
Call Stack (most recent call first):
  /home/runner/vcpkg/scripts/buildsystems/vcpkg.cmake:210 (include)
  /home/runner/work/zh-mobile/zh-mobile/build/android-arm64/CMakeFiles/3.31.6/CMakeSystem.cmake:6 (include)
  /home/runner/work/zh-mobile/zh-mobile/build/android-arm64/CMakeFiles/CMakeScratch/TryCompile-f68DSs/CMakeLists.txt:5 (project)


CMake Deprecation Warning at /opt/hostedtoolcache/ndk/r27c/x64/build/cmake/android-legacy.toolchain.cmake:35 (cmake_minimum_required):
  Compatibility with CMake < 3.10 will be removed from a future version of
  CMake.

  Update the VERSION argument <min> value.  Or, use the <min>...<max> syntax
  to tell CMake that the project requires at least <min> but has been updated
  to work with policies introduced by <max> or earlier.
Call Stack (most recent call first):
  /opt/hostedtoolcache/ndk/r27c/x64/build/cmake/android.toolchain.cmake:55 (include)
  /home/runner/vcpkg/scripts/buildsystems/vcpkg.cmake:210 (include)
  /home/runner/work/zh-mobile/zh-mobile/build/android-arm64/CMakeFiles/3.31.6/CMakeSystem.cmake:6 (include)
  /home/runner/work/zh-mobile/zh-mobile/build/android-arm64/CMakeFiles/CMakeScratch/TryCompile-f68DSs/CMakeLists.txt:5 (project)


CMake Deprecation Warning at /opt/hostedtoolcache/ndk/r27c/x64/build/cmake/flags.cmake:18 (cmake_minimum_required):
  Compatibility with CMake < 3.10 will be removed from a future version of
  CMake.

  Update the VERSION argument <min> value.  Or, use the <min>...<max> syntax
  to tell CMake that the project requires at least <min> but has been updated
  to work with policies introduced by <max> or earlier.
Call Stack (most recent call first):
  /usr/local/share/cmake-3.31/Modules/Platform/Android-Clang.cmake:23 (include)
  /usr/local/share/cmake-3.31/Modules/Platform/Android-Clang-C.cmake:1 (include)
  /usr/local/share/cmake-3.31/Modules/CMakeCInformation.cmake:48 (include)
  /home/runner/work/zh-mobile/zh-mobile/build/android-arm64/CMakeFiles/CMakeScratch/TryCompile-f68DSs/CMakeLists.txt:5 (project)


-- Looking for fmod - found
-- Looking for fmodf
CMake Deprecation Warning at /opt/hostedtoolcache/ndk/r27c/x64/build/cmake/android.toolchain.cmake:35 (cmake_minimum_required):
  Compatibility with CMake < 3.10 will be removed from a future version of
  CMake.

  Update the VERSION argument <min> value.  Or, use the <min>...<max> syntax
  to tell CMake that the project requires at least <min> but has been updated
  to work with policies introduced by <max> or earlier.
Call Stack (most recent call first):
  /home/runner/vcpkg/scripts/buildsystems/vcpkg.cmake:210 (include)
  /home/runner/work/zh-mobile/zh-mobile/build/android-arm64/CMakeFiles/3.31.6/CMakeSystem.cmake:6 (include)
  /home/runner/work/zh-mobile/zh-mobile/build/android-arm64/CMakeFiles/CMakeScratch/TryCompile-c8jWrj/CMakeLists.txt:5 (project)


CMake Deprecation Warning at /opt/hostedtoolcache/ndk/r27c/x64/build/cmake/android-legacy.toolchain.cmake:35 (cmake_minimum_required):
  Compatibility with CMake < 3.10 will be removed from a future version of
  CMake.

  Update the VERSION argument <min> value.  Or, use the <min>...<max> syntax
  to tell CMake that the project requires at least <min> but has been updated
  to work with policies introduced by <max> or earlier.
Call Stack (most recent call first):
  /opt/hostedtoolcache/ndk/r27c/x64/build/cmake/android.toolchain.cmake:55 (include)
  /home/runner/vcpkg/scripts/buildsystems/vcpkg.cmake:210 (include)
  /home/runner/work/zh-mobile/zh-mobile/build/android-arm64/CMakeFiles/3.31.6/CMakeSystem.cmake:6 (include)
  /home/runner/work/zh-mobile/zh-mobile/build/android-arm64/CMakeFiles/CMakeScratch/TryCompile-c8jWrj/CMakeLists.txt:5 (project)


CMake Deprecation Warning at /opt/hostedtoolcache/ndk/r27c/x64/build/cmake/flags.cmake:18 (cmake_minimum_required):
  Compatibility with CMake < 3.10 will be removed from a future version of
  CMake.

  Update the VERSION argument <min> value.  Or, use the <min>...<max> syntax
  to tell CMake that the project requires at least <min> but has been updated
  to work with policies introduced by <max> or earlier.
Call Stack (most recent call first):
  /usr/local/share/cmake-3.31/Modules/Platform/Android-Clang.cmake:23 (include)
  /usr/local/share/cmake-3.31/Modules/Platform/Android-Clang-C.cmake:1 (include)
  /usr/local/share/cmake-3.31/Modules/CMakeCInformation.cmake:48 (include)
  /home/runner/work/zh-mobile/zh-mobile/build/android-arm64/CMakeFiles/CMakeScratch/TryCompile-c8jWrj/CMakeLists.txt:5 (project)


-- Looking for fmodf - found
-- Looking for fopen64
CMake Deprecation Warning at /opt/hostedtoolcache/ndk/r27c/x64/build/cmake/android.toolchain.cmake:35 (cmake_minimum_required):
  Compatibility with CMake < 3.10 will be removed from a future version of
  CMake.

  Update the VERSION argument <min> value.  Or, use the <min>...<max> syntax
  to tell CMake that the project requires at least <min> but has been updated
  to work with policies introduced by <max> or earlier.
Call Stack (most recent call first):
  /home/runner/vcpkg/scripts/buildsystems/vcpkg.cmake:210 (include)
  /home/runner/work/zh-mobile/zh-mobile/build/android-arm64/CMakeFiles/3.31.6/CMakeSystem.cmake:6 (include)
  /home/runner/work/zh-mobile/zh-mobile/build/android-arm64/CMakeFiles/CMakeScratch/TryCompile-O6fZoi/CMakeLists.txt:5 (project)


CMake Deprecation Warning at /opt/hostedtoolcache/ndk/r27c/x64/build/cmake/android-legacy.toolchain.cmake:35 (cmake_minimum_required):
  Compatibility with CMake < 3.10 will be removed from a future version of
  CMake.

  Update the VERSION argument <min> value.  Or, use the <min>...<max> syntax
  to tell CMake that the project requires at least <min> but has been updated
  to work with policies introduced by <max> or earlier.
Call Stack (most recent call first):
  /opt/hostedtoolcache/ndk/r27c/x64/build/cmake/android.toolchain.cmake:55 (include)
  /home/runner/vcpkg/scripts/buildsystems/vcpkg.cmake:210 (include)
  /home/runner/work/zh-mobile/zh-mobile/build/android-arm64/CMakeFiles/3.31.6/CMakeSystem.cmake:6 (include)
  /home/runner/work/zh-mobile/zh-mobile/build/android-arm64/CMakeFiles/CMakeScratch/TryCompile-O6fZoi/CMakeLists.txt:5 (project)


CMake Deprecation Warning at /opt/hostedtoolcache/ndk/r27c/x64/build/cmake/flags.cmake:18 (cmake_minimum_required):
  Compatibility with CMake < 3.10 will be removed from a future version of
  CMake.

  Update the VERSION argument <min> value.  Or, use the <min>...<max> syntax
  to tell CMake that the project requires at least <min> but has been updated
  to work with policies introduced by <max> or earlier.
Call Stack (most recent call first):
  /usr/local/share/cmake-3.31/Modules/Platform/Android-Clang.cmake:23 (include)
  /usr/local/share/cmake-3.31/Modules/Platform/Android-Clang-C.cmake:1 (include)
  /usr/local/share/cmake-3.31/Modules/CMakeCInformation.cmake:48 (include)
  /home/runner/work/zh-mobile/zh-mobile/build/android-arm64/CMakeFiles/CMakeScratch/TryCompile-O6fZoi/CMakeLists.txt:5 (project)


-- Looking for fopen64 - found
-- Looking for fseeko
CMake Deprecation Warning at /opt/hostedtoolcache/ndk/r27c/x64/build/cmake/android.toolchain.cmake:35 (cmake_minimum_required):
  Compatibility with CMake < 3.10 will be removed from a future version of
  CMake.

  Update the VERSION argument <min> value.  Or, use the <min>...<max> syntax
  to tell CMake that the project requires at least <min> but has been updated
  to work with policies introduced by <max> or earlier.
Call Stack (most recent call first):
  /home/runner/vcpkg/scripts/buildsystems/vcpkg.cmake:210 (include)
  /home/runner/work/zh-mobile/zh-mobile/build/android-arm64/CMakeFiles/3.31.6/CMakeSystem.cmake:6 (include)
  /home/runner/work/zh-mobile/zh-mobile/build/android-arm64/CMakeFiles/CMakeScratch/TryCompile-6nyqBV/CMakeLists.txt:5 (project)


CMake Deprecation Warning at /opt/hostedtoolcache/ndk/r27c/x64/build/cmake/android-legacy.toolchain.cmake:35 (cmake_minimum_required):
  Compatibility with CMake < 3.10 will be removed from a future version of
  CMake.

  Update the VERSION argument <min> value.  Or, use the <min>...<max> syntax
  to tell CMake that the project requires at least <min> but has been updated
  to work with policies introduced by <max> or earlier.
Call Stack (most recent call first):
  /opt/hostedtoolcache/ndk/r27c/x64/build/cmake/android.toolchain.cmake:55 (include)
  /home/runner/vcpkg/scripts/buildsystems/vcpkg.cmake:210 (include)
  /home/runner/work/zh-mobile/zh-mobile/build/android-arm64/CMakeFiles/3.31.6/CMakeSystem.cmake:6 (include)
  /home/runner/work/zh-mobile/zh-mobile/build/android-arm64/CMakeFiles/CMakeScratch/TryCompile-6nyqBV/CMakeLists.txt:5 (project)


CMake Deprecation Warning at /opt/hostedtoolcache/ndk/r27c/x64/build/cmake/flags.cmake:18 (cmake_minimum_required):
  Compatibility with CMake < 3.10 will be removed from a future version of
  CMake.

  Update the VERSION argument <min> value.  Or, use the <min>...<max> syntax
  to tell CMake that the project requires at least <min> but has been updated
  to work with policies introduced by <max> or earlier.
Call Stack (most recent call first):
  /usr/local/share/cmake-3.31/Modules/Platform/Android-Clang.cmake:23 (include)
  /usr/local/share/cmake-3.31/Modules/Platform/Android-Clang-C.cmake:1 (include)
  /usr/local/share/cmake-3.31/Modules/CMakeCInformation.cmake:48 (include)
  /home/runner/work/zh-mobile/zh-mobile/build/android-arm64/CMakeFiles/CMakeScratch/TryCompile-6nyqBV/CMakeLists.txt:5 (project)


-- Looking for fseeko - found
-- Looking for fseeko64
CMake Deprecation Warning at /opt/hostedtoolcache/ndk/r27c/x64/build/cmake/android.toolchain.cmake:35 (cmake_minimum_required):
  Compatibility with CMake < 3.10 will be removed from a future version of
  CMake.

  Update the VERSION argument <min> value.  Or, use the <min>...<max> syntax
  to tell CMake that the project requires at least <min> but has been updated
  to work with policies introduced by <max> or earlier.
Call Stack (most recent call first):
  /home/runner/vcpkg/scripts/buildsystems/vcpkg.cmake:210 (include)
  /home/runner/work/zh-mobile/zh-mobile/build/android-arm64/CMakeFiles/3.31.6/CMakeSystem.cmake:6 (include)
  /home/runner/work/zh-mobile/zh-mobile/build/android-arm64/CMakeFiles/CMakeScratch/TryCompile-HUgsUX/CMakeLists.txt:5 (project)


CMake Deprecation Warning at /opt/hostedtoolcache/ndk/r27c/x64/build/cmake/android-legacy.toolchain.cmake:35 (cmake_minimum_required):
  Compatibility with CMake < 3.10 will be removed from a future version of
  CMake.

  Update the VERSION argument <min> value.  Or, use the <min>...<max> syntax
  to tell CMake that the project requires at least <min> but has been updated
  to work with policies introduced by <max> or earlier.
Call Stack (most recent call first):
  /opt/hostedtoolcache/ndk/r27c/x64/build/cmake/android.toolchain.cmake:55 (include)
  /home/runner/vcpkg/scripts/buildsystems/vcpkg.cmake:210 (include)
  /home/runner/work/zh-mobile/zh-mobile/build/android-arm64/CMakeFiles/3.31.6/CMakeSystem.cmake:6 (include)
  /home/runner/work/zh-mobile/zh-mobile/build/android-arm64/CMakeFiles/CMakeScratch/TryCompile-HUgsUX/CMakeLists.txt:5 (project)


CMake Deprecation Warning at /opt/hostedtoolcache/ndk/r27c/x64/build/cmake/flags.cmake:18 (cmake_minimum_required):
  Compatibility with CMake < 3.10 will be removed from a future version of
  CMake.

  Update the VERSION argument <min> value.  Or, use the <min>...<max> syntax
  to tell CMake that the project requires at least <min> but has been updated
  to work with policies introduced by <max> or earlier.
Call Stack (most recent call first):
  /usr/local/share/cmake-3.31/Modules/Platform/Android-Clang.cmake:23 (include)
  /usr/local/share/cmake-3.31/Modules/Platform/Android-Clang-C.cmake:1 (include)
  /usr/local/share/cmake-3.31/Modules/CMakeCInformation.cmake:48 (include)
  /home/runner/work/zh-mobile/zh-mobile/build/android-arm64/CMakeFiles/CMakeScratch/TryCompile-HUgsUX/CMakeLists.txt:5 (project)


-- Looking for fseeko64 - found
-- Looking for getenv
CMake Deprecation Warning at /opt/hostedtoolcache/ndk/r27c/x64/build/cmake/android.toolchain.cmake:35 (cmake_minimum_required):
  Compatibility with CMake < 3.10 will be removed from a future version of
  CMake.

  Update the VERSION argument <min> value.  Or, use the <min>...<max> syntax
  to tell CMake that the project requires at least <min> but has been updated
  to work with policies introduced by <max> or earlier.
Call Stack (most recent call first):
  /home/runner/vcpkg/scripts/buildsystems/vcpkg.cmake:210 (include)
  /home/runner/work/zh-mobile/zh-mobile/build/android-arm64/CMakeFiles/3.31.6/CMakeSystem.cmake:6 (include)
  /home/runner/work/zh-mobile/zh-mobile/build/android-arm64/CMakeFiles/CMakeScratch/TryCompile-RSEfW7/CMakeLists.txt:5 (project)


CMake Deprecation Warning at /opt/hostedtoolcache/ndk/r27c/x64/build/cmake/android-legacy.toolchain.cmake:35 (cmake_minimum_required):
  Compatibility with CMake < 3.10 will be removed from a future version of
  CMake.

  Update the VERSION argument <min> value.  Or, use the <min>...<max> syntax
  to tell CMake that the project requires at least <min> but has been updated
  to work with policies introduced by <max> or earlier.
Call Stack (most recent call first):
  /opt/hostedtoolcache/ndk/r27c/x64/build/cmake/android.toolchain.cmake:55 (include)
  /home/runner/vcpkg/scripts/buildsystems/vcpkg.cmake:210 (include)
  /home/runner/work/zh-mobile/zh-mobile/build/android-arm64/CMakeFiles/3.31.6/CMakeSystem.cmake:6 (include)
  /home/runner/work/zh-mobile/zh-mobile/build/android-arm64/CMakeFiles/CMakeScratch/TryCompile-RSEfW7/CMakeLists.txt:5 (project)


CMake Deprecation Warning at /opt/hostedtoolcache/ndk/r27c/x64/build/cmake/flags.cmake:18 (cmake_minimum_required):
  Compatibility with CMake < 3.10 will be removed from a future version of
  CMake.

  Update the VERSION argument <min> value.  Or, use the <min>...<max> syntax
  to tell CMake that the project requires at least <min> but has been updated
  to work with policies introduced by <max> or earlier.
Call Stack (most recent call first):
  /usr/local/share/cmake-3.31/Modules/Platform/Android-Clang.cmake:23 (include)
  /usr/local/share/cmake-3.31/Modules/Platform/Android-Clang-C.cmake:1 (include)
  /usr/local/share/cmake-3.31/Modules/CMakeCInformation.cmake:48 (include)
  /home/runner/work/zh-mobile/zh-mobile/build/android-arm64/CMakeFiles/CMakeScratch/TryCompile-RSEfW7/CMakeLists.txt:5 (project)


-- Looking for getenv - found
-- Looking for _i64toa
CMake Deprecation Warning at /opt/hostedtoolcache/ndk/r27c/x64/build/cmake/android.toolchain.cmake:35 (cmake_minimum_required):
  Compatibility with CMake < 3.10 will be removed from a future version of
  CMake.

  Update the VERSION argument <min> value.  Or, use the <min>...<max> syntax
  to tell CMake that the project requires at least <min> but has been updated
  to work with policies introduced by <max> or earlier.
Call Stack (most recent call first):
  /home/runner/vcpkg/scripts/buildsystems/vcpkg.cmake:210 (include)
  /home/runner/work/zh-mobile/zh-mobile/build/android-arm64/CMakeFiles/3.31.6/CMakeSystem.cmake:6 (include)
  /home/runner/work/zh-mobile/zh-mobile/build/android-arm64/CMakeFiles/CMakeScratch/TryCompile-kKOh2X/CMakeLists.txt:5 (project)


CMake Deprecation Warning at /opt/hostedtoolcache/ndk/r27c/x64/build/cmake/android-legacy.toolchain.cmake:35 (cmake_minimum_required):
  Compatibility with CMake < 3.10 will be removed from a future version of
  CMake.

  Update the VERSION argument <min> value.  Or, use the <min>...<max> syntax
  to tell CMake that the project requires at least <min> but has been updated
  to work with policies introduced by <max> or earlier.
Call Stack (most recent call first):
  /opt/hostedtoolcache/ndk/r27c/x64/build/cmake/android.toolchain.cmake:55 (include)
  /home/runner/vcpkg/scripts/buildsystems/vcpkg.cmake:210 (include)
  /home/runner/work/zh-mobile/zh-mobile/build/android-arm64/CMakeFiles/3.31.6/CMakeSystem.cmake:6 (include)
  /home/runner/work/zh-mobile/zh-mobile/build/android-arm64/CMakeFiles/CMakeScratch/TryCompile-kKOh2X/CMakeLists.txt:5 (project)


CMake Deprecation Warning at /opt/hostedtoolcache/ndk/r27c/x64/build/cmake/flags.cmake:18 (cmake_minimum_required):
  Compatibility with CMake < 3.10 will be removed from a future version of
  CMake.

  Update the VERSION argument <min> value.  Or, use the <min>...<max> syntax
  to tell CMake that the project requires at least <min> but has been updated
  to work with policies introduced by <max> or earlier.
Call Stack (most recent call first):
  /usr/local/share/cmake-3.31/Modules/Platform/Android-Clang.cmake:23 (include)
  /usr/local/share/cmake-3.31/Modules/Platform/Android-Clang-C.cmake:1 (include)
  /usr/local/share/cmake-3.31/Modules/CMakeCInformation.cmake:48 (include)
  /home/runner/work/zh-mobile/zh-mobile/build/android-arm64/CMakeFiles/CMakeScratch/TryCompile-kKOh2X/CMakeLists.txt:5 (project)


-- Looking for _i64toa - not found
-- Looking for index
CMake Deprecation Warning at /opt/hostedtoolcache/ndk/r27c/x64/build/cmake/android.toolchain.cmake:35 (cmake_minimum_required):
  Compatibility with CMake < 3.10 will be removed from a future version of
  CMake.

  Update the VERSION argument <min> value.  Or, use the <min>...<max> syntax
  to tell CMake that the project requires at least <min> but has been updated
  to work with policies introduced by <max> or earlier.
Call Stack (most recent call first):
  /home/runner/vcpkg/scripts/buildsystems/vcpkg.cmake:210 (include)
  /home/runner/work/zh-mobile/zh-mobile/build/android-arm64/CMakeFiles/3.31.6/CMakeSystem.cmake:6 (include)
  /home/runner/work/zh-mobile/zh-mobile/build/android-arm64/CMakeFiles/CMakeScratch/TryCompile-8iWhzk/CMakeLists.txt:5 (project)


CMake Deprecation Warning at /opt/hostedtoolcache/ndk/r27c/x64/build/cmake/android-legacy.toolchain.cmake:35 (cmake_minimum_required):
  Compatibility with CMake < 3.10 will be removed from a future version of
  CMake.

  Update the VERSION argument <min> value.  Or, use the <min>...<max> syntax
  to tell CMake that the project requires at least <min> but has been updated
  to work with policies introduced by <max> or earlier.
Call Stack (most recent call first):
  /opt/hostedtoolcache/ndk/r27c/x64/build/cmake/android.toolchain.cmake:55 (include)
  /home/runner/vcpkg/scripts/buildsystems/vcpkg.cmake:210 (include)
  /home/runner/work/zh-mobile/zh-mobile/build/android-arm64/CMakeFiles/3.31.6/CMakeSystem.cmake:6 (include)
  /home/runner/work/zh-mobile/zh-mobile/build/android-arm64/CMakeFiles/CMakeScratch/TryCompile-8iWhzk/CMakeLists.txt:5 (project)


CMake Deprecation Warning at /opt/hostedtoolcache/ndk/r27c/x64/build/cmake/flags.cmake:18 (cmake_minimum_required):
  Compatibility with CMake < 3.10 will be removed from a future version of
  CMake.

  Update the VERSION argument <min> value.  Or, use the <min>...<max> syntax
  to tell CMake that the project requires at least <min> but has been updated
  to work with policies introduced by <max> or earlier.
Call Stack (most recent call first):
  /usr/local/share/cmake-3.31/Modules/Platform/Android-Clang.cmake:23 (include)
  /usr/local/share/cmake-3.31/Modules/Platform/Android-Clang-C.cmake:1 (include)
  /usr/local/share/cmake-3.31/Modules/CMakeCInformation.cmake:48 (include)
  /home/runner/work/zh-mobile/zh-mobile/build/android-arm64/CMakeFiles/CMakeScratch/TryCompile-8iWhzk/CMakeLists.txt:5 (project)


-- Looking for index - not found
-- Looking for itoa
CMake Deprecation Warning at /opt/hostedtoolcache/ndk/r27c/x64/build/cmake/android.toolchain.cmake:35 (cmake_minimum_required):
  Compatibility with CMake < 3.10 will be removed from a future version of
  CMake.

  Update the VERSION argument <min> value.  Or, use the <min>...<max> syntax
  to tell CMake that the project requires at least <min> but has been updated
  to work with policies introduced by <max> or earlier.
Call Stack (most recent call first):
  /home/runner/vcpkg/scripts/buildsystems/vcpkg.cmake:210 (include)
  /home/runner/work/zh-mobile/zh-mobile/build/android-arm64/CMakeFiles/3.31.6/CMakeSystem.cmake:6 (include)
  /home/runner/work/zh-mobile/zh-mobile/build/android-arm64/CMakeFiles/CMakeScratch/TryCompile-JqT6nQ/CMakeLists.txt:5 (project)


CMake Deprecation Warning at /opt/hostedtoolcache/ndk/r27c/x64/build/cmake/android-legacy.toolchain.cmake:35 (cmake_minimum_required):
  Compatibility with CMake < 3.10 will be removed from a future version of
  CMake.

  Update the VERSION argument <min> value.  Or, use the <min>...<max> syntax
  to tell CMake that the project requires at least <min> but has been updated
  to work with policies introduced by <max> or earlier.
Call Stack (most recent call first):
  /opt/hostedtoolcache/ndk/r27c/x64/build/cmake/android.toolchain.cmake:55 (include)
  /home/runner/vcpkg/scripts/buildsystems/vcpkg.cmake:210 (include)
  /home/runner/work/zh-mobile/zh-mobile/build/android-arm64/CMakeFiles/3.31.6/CMakeSystem.cmake:6 (include)
  /home/runner/work/zh-mobile/zh-mobile/build/android-arm64/CMakeFiles/CMakeScratch/TryCompile-JqT6nQ/CMakeLists.txt:5 (project)


CMake Deprecation Warning at /opt/hostedtoolcache/ndk/r27c/x64/build/cmake/flags.cmake:18 (cmake_minimum_required):
  Compatibility with CMake < 3.10 will be removed from a future version of
  CMake.

  Update the VERSION argument <min> value.  Or, use the <min>...<max> syntax
  to tell CMake that the project requires at least <min> but has been updated
  to work with policies introduced by <max> or earlier.
Call Stack (most recent call first):
  /usr/local/share/cmake-3.31/Modules/Platform/Android-Clang.cmake:23 (include)
  /usr/local/share/cmake-3.31/Modules/Platform/Android-Clang-C.cmake:1 (include)
  /usr/local/share/cmake-3.31/Modules/CMakeCInformation.cmake:48 (include)
  /home/runner/work/zh-mobile/zh-mobile/build/android-arm64/CMakeFiles/CMakeScratch/TryCompile-JqT6nQ/CMakeLists.txt:5 (project)


-- Looking for itoa - not found
-- Looking for log
CMake Deprecation Warning at /opt/hostedtoolcache/ndk/r27c/x64/build/cmake/android.toolchain.cmake:35 (cmake_minimum_required):
  Compatibility with CMake < 3.10 will be removed from a future version of
  CMake.

  Update the VERSION argument <min> value.  Or, use the <min>...<max> syntax
  to tell CMake that the project requires at least <min> but has been updated
  to work with policies introduced by <max> or earlier.
Call Stack (most recent call first):
  /home/runner/vcpkg/scripts/buildsystems/vcpkg.cmake:210 (include)
  /home/runner/work/zh-mobile/zh-mobile/build/android-arm64/CMakeFiles/3.31.6/CMakeSystem.cmake:6 (include)
  /home/runner/work/zh-mobile/zh-mobile/build/android-arm64/CMakeFiles/CMakeScratch/TryCompile-8NczSB/CMakeLists.txt:5 (project)


CMake Deprecation Warning at /opt/hostedtoolcache/ndk/r27c/x64/build/cmake/android-legacy.toolchain.cmake:35 (cmake_minimum_required):
  Compatibility with CMake < 3.10 will be removed from a future version of
  CMake.

  Update the VERSION argument <min> value.  Or, use the <min>...<max> syntax
  to tell CMake that the project requires at least <min> but has been updated
  to work with policies introduced by <max> or earlier.
Call Stack (most recent call first):
  /opt/hostedtoolcache/ndk/r27c/x64/build/cmake/android.toolchain.cmake:55 (include)
  /home/runner/vcpkg/scripts/buildsystems/vcpkg.cmake:210 (include)
  /home/runner/work/zh-mobile/zh-mobile/build/android-arm64/CMakeFiles/3.31.6/CMakeSystem.cmake:6 (include)
  /home/runner/work/zh-mobile/zh-mobile/build/android-arm64/CMakeFiles/CMakeScratch/TryCompile-8NczSB/CMakeLists.txt:5 (project)


CMake Deprecation Warning at /opt/hostedtoolcache/ndk/r27c/x64/build/cmake/flags.cmake:18 (cmake_minimum_required):
  Compatibility with CMake < 3.10 will be removed from a future version of
  CMake.

  Update the VERSION argument <min> value.  Or, use the <min>...<max> syntax
  to tell CMake that the project requires at least <min> but has been updated
  to work with policies introduced by <max> or earlier.
Call Stack (most recent call first):
  /usr/local/share/cmake-3.31/Modules/Platform/Android-Clang.cmake:23 (include)
  /usr/local/share/cmake-3.31/Modules/Platform/Android-Clang-C.cmake:1 (include)
  /usr/local/share/cmake-3.31/Modules/CMakeCInformation.cmake:48 (include)
  /home/runner/work/zh-mobile/zh-mobile/build/android-arm64/CMakeFiles/CMakeScratch/TryCompile-8NczSB/CMakeLists.txt:5 (project)


-- Looking for log - found
-- Looking for log10
CMake Deprecation Warning at /opt/hostedtoolcache/ndk/r27c/x64/build/cmake/android.toolchain.cmake:35 (cmake_minimum_required):
  Compatibility with CMake < 3.10 will be removed from a future version of
  CMake.

  Update the VERSION argument <min> value.  Or, use the <min>...<max> syntax
  to tell CMake that the project requires at least <min> but has been updated
  to work with policies introduced by <max> or earlier.
Call Stack (most recent call first):
  /home/runner/vcpkg/scripts/buildsystems/vcpkg.cmake:210 (include)
  /home/runner/work/zh-mobile/zh-mobile/build/android-arm64/CMakeFiles/3.31.6/CMakeSystem.cmake:6 (include)
  /home/runner/work/zh-mobile/zh-mobile/build/android-arm64/CMakeFiles/CMakeScratch/TryCompile-frWqg9/CMakeLists.txt:5 (project)


CMake Deprecation Warning at /opt/hostedtoolcache/ndk/r27c/x64/build/cmake/android-legacy.toolchain.cmake:35 (cmake_minimum_required):
  Compatibility with CMake < 3.10 will be removed from a future version of
  CMake.

  Update the VERSION argument <min> value.  Or, use the <min>...<max> syntax
  to tell CMake that the project requires at least <min> but has been updated
  to work with policies introduced by <max> or earlier.
Call Stack (most recent call first):
  /opt/hostedtoolcache/ndk/r27c/x64/build/cmake/android.toolchain.cmake:55 (include)
  /home/runner/vcpkg/scripts/buildsystems/vcpkg.cmake:210 (include)
  /home/runner/work/zh-mobile/zh-mobile/build/android-arm64/CMakeFiles/3.31.6/CMakeSystem.cmake:6 (include)
  /home/runner/work/zh-mobile/zh-mobile/build/android-arm64/CMakeFiles/CMakeScratch/TryCompile-frWqg9/CMakeLists.txt:5 (project)


CMake Deprecation Warning at /opt/hostedtoolcache/ndk/r27c/x64/build/cmake/flags.cmake:18 (cmake_minimum_required):
  Compatibility with CMake < 3.10 will be removed from a future version of
  CMake.

  Update the VERSION argument <min> value.  Or, use the <min>...<max> syntax
  to tell CMake that the project requires at least <min> but has been updated
  to work with policies introduced by <max> or earlier.
Call Stack (most recent call first):
  /usr/local/share/cmake-3.31/Modules/Platform/Android-Clang.cmake:23 (include)
  /usr/local/share/cmake-3.31/Modules/Platform/Android-Clang-C.cmake:1 (include)
  /usr/local/share/cmake-3.31/Modules/CMakeCInformation.cmake:48 (include)
  /home/runner/work/zh-mobile/zh-mobile/build/android-arm64/CMakeFiles/CMakeScratch/TryCompile-frWqg9/CMakeLists.txt:5 (project)


-- Looking for log10 - found
-- Looking for log10f
CMake Deprecation Warning at /opt/hostedtoolcache/ndk/r27c/x64/build/cmake/android.toolchain.cmake:35 (cmake_minimum_required):
  Compatibility with CMake < 3.10 will be removed from a future version of
  CMake.

  Update the VERSION argument <min> value.  Or, use the <min>...<max> syntax
  to tell CMake that the project requires at least <min> but has been updated
  to work with policies introduced by <max> or earlier.
Call Stack (most recent call first):
  /home/runner/vcpkg/scripts/buildsystems/vcpkg.cmake:210 (include)
  /home/runner/work/zh-mobile/zh-mobile/build/android-arm64/CMakeFiles/3.31.6/CMakeSystem.cmake:6 (include)
  /home/runner/work/zh-mobile/zh-mobile/build/android-arm64/CMakeFiles/CMakeScratch/TryCompile-AWuHkC/CMakeLists.txt:5 (project)


CMake Deprecation Warning at /opt/hostedtoolcache/ndk/r27c/x64/build/cmake/android-legacy.toolchain.cmake:35 (cmake_minimum_required):
  Compatibility with CMake < 3.10 will be removed from a future version of
  CMake.

  Update the VERSION argument <min> value.  Or, use the <min>...<max> syntax
  to tell CMake that the project requires at least <min> but has been updated
  to work with policies introduced by <max> or earlier.
Call Stack (most recent call first):
  /opt/hostedtoolcache/ndk/r27c/x64/build/cmake/android.toolchain.cmake:55 (include)
  /home/runner/vcpkg/scripts/buildsystems/vcpkg.cmake:210 (include)
  /home/runner/work/zh-mobile/zh-mobile/build/android-arm64/CMakeFiles/3.31.6/CMakeSystem.cmake:6 (include)
  /home/runner/work/zh-mobile/zh-mobile/build/android-arm64/CMakeFiles/CMakeScratch/TryCompile-AWuHkC/CMakeLists.txt:5 (project)


CMake Deprecation Warning at /opt/hostedtoolcache/ndk/r27c/x64/build/cmake/flags.cmake:18 (cmake_minimum_required):
  Compatibility with CMake < 3.10 will be removed from a future version of
  CMake.

  Update the VERSION argument <min> value.  Or, use the <min>...<max> syntax
  to tell CMake that the project requires at least <min> but has been updated
  to work with policies introduced by <max> or earlier.
Call Stack (most recent call first):
  /usr/local/share/cmake-3.31/Modules/Platform/Android-Clang.cmake:23 (include)
  /usr/local/share/cmake-3.31/Modules/Platform/Android-Clang-C.cmake:1 (include)
  /usr/local/share/cmake-3.31/Modules/CMakeCInformation.cmake:48 (include)
  /home/runner/work/zh-mobile/zh-mobile/build/android-arm64/CMakeFiles/CMakeScratch/TryCompile-AWuHkC/CMakeLists.txt:5 (project)


-- Looking for log10f - found
-- Looking for logf
CMake Deprecation Warning at /opt/hostedtoolcache/ndk/r27c/x64/build/cmake/android.toolchain.cmake:35 (cmake_minimum_required):
  Compatibility with CMake < 3.10 will be removed from a future version of
  CMake.

  Update the VERSION argument <min> value.  Or, use the <min>...<max> syntax
  to tell CMake that the project requires at least <min> but has been updated
  to work with policies introduced by <max> or earlier.
Call Stack (most recent call first):
  /home/runner/vcpkg/scripts/buildsystems/vcpkg.cmake:210 (include)
  /home/runner/work/zh-mobile/zh-mobile/build/android-arm64/CMakeFiles/3.31.6/CMakeSystem.cmake:6 (include)
  /home/runner/work/zh-mobile/zh-mobile/build/android-arm64/CMakeFiles/CMakeScratch/TryCompile-4XcudN/CMakeLists.txt:5 (project)


CMake Deprecation Warning at /opt/hostedtoolcache/ndk/r27c/x64/build/cmake/android-legacy.toolchain.cmake:35 (cmake_minimum_required):
  Compatibility with CMake < 3.10 will be removed from a future version of
  CMake.

  Update the VERSION argument <min> value.  Or, use the <min>...<max> syntax
  to tell CMake that the project requires at least <min> but has been updated
  to work with policies introduced by <max> or earlier.
Call Stack (most recent call first):
  /opt/hostedtoolcache/ndk/r27c/x64/build/cmake/android.toolchain.cmake:55 (include)
  /home/runner/vcpkg/scripts/buildsystems/vcpkg.cmake:210 (include)
  /home/runner/work/zh-mobile/zh-mobile/build/android-arm64/CMakeFiles/3.31.6/CMakeSystem.cmake:6 (include)
  /home/runner/work/zh-mobile/zh-mobile/build/android-arm64/CMakeFiles/CMakeScratch/TryCompile-4XcudN/CMakeLists.txt:5 (project)


CMake Deprecation Warning at /opt/hostedtoolcache/ndk/r27c/x64/build/cmake/flags.cmake:18 (cmake_minimum_required):
  Compatibility with CMake < 3.10 will be removed from a future version of
  CMake.

  Update the VERSION argument <min> value.  Or, use the <min>...<max> syntax
  to tell CMake that the project requires at least <min> but has been updated
  to work with policies introduced by <max> or earlier.
Call Stack (most recent call first):
  /usr/local/share/cmake-3.31/Modules/Platform/Android-Clang.cmake:23 (include)
  /usr/local/share/cmake-3.31/Modules/Platform/Android-Clang-C.cmake:1 (include)
  /usr/local/share/cmake-3.31/Modules/CMakeCInformation.cmake:48 (include)
  /home/runner/work/zh-mobile/zh-mobile/build/android-arm64/CMakeFiles/CMakeScratch/TryCompile-4XcudN/CMakeLists.txt:5 (project)


-- Looking for logf - found
-- Looking for lround
CMake Deprecation Warning at /opt/hostedtoolcache/ndk/r27c/x64/build/cmake/android.toolchain.cmake:35 (cmake_minimum_required):
  Compatibility with CMake < 3.10 will be removed from a future version of
  CMake.

  Update the VERSION argument <min> value.  Or, use the <min>...<max> syntax
  to tell CMake that the project requires at least <min> but has been updated
  to work with policies introduced by <max> or earlier.
Call Stack (most recent call first):
  /home/runner/vcpkg/scripts/buildsystems/vcpkg.cmake:210 (include)
  /home/runner/work/zh-mobile/zh-mobile/build/android-arm64/CMakeFiles/3.31.6/CMakeSystem.cmake:6 (include)
  /home/runner/work/zh-mobile/zh-mobile/build/android-arm64/CMakeFiles/CMakeScratch/TryCompile-Osktyu/CMakeLists.txt:5 (project)


CMake Deprecation Warning at /opt/hostedtoolcache/ndk/r27c/x64/build/cmake/android-legacy.toolchain.cmake:35 (cmake_minimum_required):
  Compatibility with CMake < 3.10 will be removed from a future version of
  CMake.

  Update the VERSION argument <min> value.  Or, use the <min>...<max> syntax
  to tell CMake that the project requires at least <min> but has been updated
  to work with policies introduced by <max> or earlier.
Call Stack (most recent call first):
  /opt/hostedtoolcache/ndk/r27c/x64/build/cmake/android.toolchain.cmake:55 (include)
  /home/runner/vcpkg/scripts/buildsystems/vcpkg.cmake:210 (include)
  /home/runner/work/zh-mobile/zh-mobile/build/android-arm64/CMakeFiles/3.31.6/CMakeSystem.cmake:6 (include)
  /home/runner/work/zh-mobile/zh-mobile/build/android-arm64/CMakeFiles/CMakeScratch/TryCompile-Osktyu/CMakeLists.txt:5 (project)


CMake Deprecation Warning at /opt/hostedtoolcache/ndk/r27c/x64/build/cmake/flags.cmake:18 (cmake_minimum_required):
  Compatibility with CMake < 3.10 will be removed from a future version of
  CMake.

  Update the VERSION argument <min> value.  Or, use the <min>...<max> syntax
  to tell CMake that the project requires at least <min> but has been updated
  to work with policies introduced by <max> or earlier.
Call Stack (most recent call first):
  /usr/local/share/cmake-3.31/Modules/Platform/Android-Clang.cmake:23 (include)
  /usr/local/share/cmake-3.31/Modules/Platform/Android-Clang-C.cmake:1 (include)
  /usr/local/share/cmake-3.31/Modules/CMakeCInformation.cmake:48 (include)
  /home/runner/work/zh-mobile/zh-mobile/build/android-arm64/CMakeFiles/CMakeScratch/TryCompile-Osktyu/CMakeLists.txt:5 (project)


-- Looking for lround - found
-- Looking for lroundf
CMake Deprecation Warning at /opt/hostedtoolcache/ndk/r27c/x64/build/cmake/android.toolchain.cmake:35 (cmake_minimum_required):
  Compatibility with CMake < 3.10 will be removed from a future version of
  CMake.

  Update the VERSION argument <min> value.  Or, use the <min>...<max> syntax
  to tell CMake that the project requires at least <min> but has been updated
  to work with policies introduced by <max> or earlier.
Call Stack (most recent call first):
  /home/runner/vcpkg/scripts/buildsystems/vcpkg.cmake:210 (include)
  /home/runner/work/zh-mobile/zh-mobile/build/android-arm64/CMakeFiles/3.31.6/CMakeSystem.cmake:6 (include)
  /home/runner/work/zh-mobile/zh-mobile/build/android-arm64/CMakeFiles/CMakeScratch/TryCompile-eU6GzF/CMakeLists.txt:5 (project)


CMake Deprecation Warning at /opt/hostedtoolcache/ndk/r27c/x64/build/cmake/android-legacy.toolchain.cmake:35 (cmake_minimum_required):
  Compatibility with CMake < 3.10 will be removed from a future version of
  CMake.

  Update the VERSION argument <min> value.  Or, use the <min>...<max> syntax
  to tell CMake that the project requires at least <min> but has been updated
  to work with policies introduced by <max> or earlier.
Call Stack (most recent call first):
  /opt/hostedtoolcache/ndk/r27c/x64/build/cmake/android.toolchain.cmake:55 (include)
  /home/runner/vcpkg/scripts/buildsystems/vcpkg.cmake:210 (include)
  /home/runner/work/zh-mobile/zh-mobile/build/android-arm64/CMakeFiles/3.31.6/CMakeSystem.cmake:6 (include)
  /home/runner/work/zh-mobile/zh-mobile/build/android-arm64/CMakeFiles/CMakeScratch/TryCompile-eU6GzF/CMakeLists.txt:5 (project)


CMake Deprecation Warning at /opt/hostedtoolcache/ndk/r27c/x64/build/cmake/flags.cmake:18 (cmake_minimum_required):
  Compatibility with CMake < 3.10 will be removed from a future version of
  CMake.

  Update the VERSION argument <min> value.  Or, use the <min>...<max> syntax
  to tell CMake that the project requires at least <min> but has been updated
  to work with policies introduced by <max> or earlier.
Call Stack (most recent call first):
  /usr/local/share/cmake-3.31/Modules/Platform/Android-Clang.cmake:23 (include)
  /usr/local/share/cmake-3.31/Modules/Platform/Android-Clang-C.cmake:1 (include)
  /usr/local/share/cmake-3.31/Modules/CMakeCInformation.cmake:48 (include)
  /home/runner/work/zh-mobile/zh-mobile/build/android-arm64/CMakeFiles/CMakeScratch/TryCompile-eU6GzF/CMakeLists.txt:5 (project)


-- Looking for lroundf - found
-- Looking for _ltoa
CMake Deprecation Warning at /opt/hostedtoolcache/ndk/r27c/x64/build/cmake/android.toolchain.cmake:35 (cmake_minimum_required):
  Compatibility with CMake < 3.10 will be removed from a future version of
  CMake.

  Update the VERSION argument <min> value.  Or, use the <min>...<max> syntax
  to tell CMake that the project requires at least <min> but has been updated
  to work with policies introduced by <max> or earlier.
Call Stack (most recent call first):
  /home/runner/vcpkg/scripts/buildsystems/vcpkg.cmake:210 (include)
  /home/runner/work/zh-mobile/zh-mobile/build/android-arm64/CMakeFiles/3.31.6/CMakeSystem.cmake:6 (include)
  /home/runner/work/zh-mobile/zh-mobile/build/android-arm64/CMakeFiles/CMakeScratch/TryCompile-71Zpci/CMakeLists.txt:5 (project)


CMake Deprecation Warning at /opt/hostedtoolcache/ndk/r27c/x64/build/cmake/android-legacy.toolchain.cmake:35 (cmake_minimum_required):
  Compatibility with CMake < 3.10 will be removed from a future version of
  CMake.

  Update the VERSION argument <min> value.  Or, use the <min>...<max> syntax
  to tell CMake that the project requires at least <min> but has been updated
  to work with policies introduced by <max> or earlier.
Call Stack (most recent call first):
  /opt/hostedtoolcache/ndk/r27c/x64/build/cmake/android.toolchain.cmake:55 (include)
  /home/runner/vcpkg/scripts/buildsystems/vcpkg.cmake:210 (include)
  /home/runner/work/zh-mobile/zh-mobile/build/android-arm64/CMakeFiles/3.31.6/CMakeSystem.cmake:6 (include)
  /home/runner/work/zh-mobile/zh-mobile/build/android-arm64/CMakeFiles/CMakeScratch/TryCompile-71Zpci/CMakeLists.txt:5 (project)


CMake Deprecation Warning at /opt/hostedtoolcache/ndk/r27c/x64/build/cmake/flags.cmake:18 (cmake_minimum_required):
  Compatibility with CMake < 3.10 will be removed from a future version of
  CMake.

  Update the VERSION argument <min> value.  Or, use the <min>...<max> syntax
  to tell CMake that the project requires at least <min> but has been updated
  to work with policies introduced by <max> or earlier.
Call Stack (most recent call first):
  /usr/local/share/cmake-3.31/Modules/Platform/Android-Clang.cmake:23 (include)
  /usr/local/share/cmake-3.31/Modules/Platform/Android-Clang-C.cmake:1 (include)
  /usr/local/share/cmake-3.31/Modules/CMakeCInformation.cmake:48 (include)
  /home/runner/work/zh-mobile/zh-mobile/build/android-arm64/CMakeFiles/CMakeScratch/TryCompile-71Zpci/CMakeLists.txt:5 (project)


-- Looking for _ltoa - not found
-- Looking for malloc
CMake Deprecation Warning at /opt/hostedtoolcache/ndk/r27c/x64/build/cmake/android.toolchain.cmake:35 (cmake_minimum_required):
  Compatibility with CMake < 3.10 will be removed from a future version of
  CMake.

  Update the VERSION argument <min> value.  Or, use the <min>...<max> syntax
  to tell CMake that the project requires at least <min> but has been updated
  to work with policies introduced by <max> or earlier.
Call Stack (most recent call first):
  /home/runner/vcpkg/scripts/buildsystems/vcpkg.cmake:210 (include)
  /home/runner/work/zh-mobile/zh-mobile/build/android-arm64/CMakeFiles/3.31.6/CMakeSystem.cmake:6 (include)
  /home/runner/work/zh-mobile/zh-mobile/build/android-arm64/CMakeFiles/CMakeScratch/TryCompile-LOURAx/CMakeLists.txt:5 (project)


CMake Deprecation Warning at /opt/hostedtoolcache/ndk/r27c/x64/build/cmake/android-legacy.toolchain.cmake:35 (cmake_minimum_required):
  Compatibility with CMake < 3.10 will be removed from a future version of
  CMake.

  Update the VERSION argument <min> value.  Or, use the <min>...<max> syntax
  to tell CMake that the project requires at least <min> but has been updated
  to work with policies introduced by <max> or earlier.
Call Stack (most recent call first):
  /opt/hostedtoolcache/ndk/r27c/x64/build/cmake/android.toolchain.cmake:55 (include)
  /home/runner/vcpkg/scripts/buildsystems/vcpkg.cmake:210 (include)
  /home/runner/work/zh-mobile/zh-mobile/build/android-arm64/CMakeFiles/3.31.6/CMakeSystem.cmake:6 (include)
  /home/runner/work/zh-mobile/zh-mobile/build/android-arm64/CMakeFiles/CMakeScratch/TryCompile-LOURAx/CMakeLists.txt:5 (project)


CMake Deprecation Warning at /opt/hostedtoolcache/ndk/r27c/x64/build/cmake/flags.cmake:18 (cmake_minimum_required):
  Compatibility with CMake < 3.10 will be removed from a future version of
  CMake.

  Update the VERSION argument <min> value.  Or, use the <min>...<max> syntax
  to tell CMake that the project requires at least <min> but has been updated
  to work with policies introduced by <max> or earlier.
Call Stack (most recent call first):
  /usr/local/share/cmake-3.31/Modules/Platform/Android-Clang.cmake:23 (include)
  /usr/local/share/cmake-3.31/Modules/Platform/Android-Clang-C.cmake:1 (include)
  /usr/local/share/cmake-3.31/Modules/CMakeCInformation.cmake:48 (include)
  /home/runner/work/zh-mobile/zh-mobile/build/android-arm64/CMakeFiles/CMakeScratch/TryCompile-LOURAx/CMakeLists.txt:5 (project)


-- Looking for malloc - found
-- Looking for memcmp
CMake Deprecation Warning at /opt/hostedtoolcache/ndk/r27c/x64/build/cmake/android.toolchain.cmake:35 (cmake_minimum_required):
  Compatibility with CMake < 3.10 will be removed from a future version of
  CMake.

  Update the VERSION argument <min> value.  Or, use the <min>...<max> syntax
  to tell CMake that the project requires at least <min> but has been updated
  to work with policies introduced by <max> or earlier.
Call Stack (most recent call first):
  /home/runner/vcpkg/scripts/buildsystems/vcpkg.cmake:210 (include)
  /home/runner/work/zh-mobile/zh-mobile/build/android-arm64/CMakeFiles/3.31.6/CMakeSystem.cmake:6 (include)
  /home/runner/work/zh-mobile/zh-mobile/build/android-arm64/CMakeFiles/CMakeScratch/TryCompile-3qgMNR/CMakeLists.txt:5 (project)


CMake Deprecation Warning at /opt/hostedtoolcache/ndk/r27c/x64/build/cmake/android-legacy.toolchain.cmake:35 (cmake_minimum_required):
  Compatibility with CMake < 3.10 will be removed from a future version of
  CMake.

  Update the VERSION argument <min> value.  Or, use the <min>...<max> syntax
  to tell CMake that the project requires at least <min> but has been updated
  to work with policies introduced by <max> or earlier.
Call Stack (most recent call first):
  /opt/hostedtoolcache/ndk/r27c/x64/build/cmake/android.toolchain.cmake:55 (include)
  /home/runner/vcpkg/scripts/buildsystems/vcpkg.cmake:210 (include)
  /home/runner/work/zh-mobile/zh-mobile/build/android-arm64/CMakeFiles/3.31.6/CMakeSystem.cmake:6 (include)
  /home/runner/work/zh-mobile/zh-mobile/build/android-arm64/CMakeFiles/CMakeScratch/TryCompile-3qgMNR/CMakeLists.txt:5 (project)


CMake Deprecation Warning at /opt/hostedtoolcache/ndk/r27c/x64/build/cmake/flags.cmake:18 (cmake_minimum_required):
  Compatibility with CMake < 3.10 will be removed from a future version of
  CMake.

  Update the VERSION argument <min> value.  Or, use the <min>...<max> syntax
  to tell CMake that the project requires at least <min> but has been updated
  to work with policies introduced by <max> or earlier.
Call Stack (most recent call first):
  /usr/local/share/cmake-3.31/Modules/Platform/Android-Clang.cmake:23 (include)
  /usr/local/share/cmake-3.31/Modules/Platform/Android-Clang-C.cmake:1 (include)
  /usr/local/share/cmake-3.31/Modules/CMakeCInformation.cmake:48 (include)
  /home/runner/work/zh-mobile/zh-mobile/build/android-arm64/CMakeFiles/CMakeScratch/TryCompile-3qgMNR/CMakeLists.txt:5 (project)


-- Looking for memcmp - found
-- Looking for memcpy
CMake Deprecation Warning at /opt/hostedtoolcache/ndk/r27c/x64/build/cmake/android.toolchain.cmake:35 (cmake_minimum_required):
  Compatibility with CMake < 3.10 will be removed from a future version of
  CMake.

  Update the VERSION argument <min> value.  Or, use the <min>...<max> syntax
  to tell CMake that the project requires at least <min> but has been updated
  to work with policies introduced by <max> or earlier.
Call Stack (most recent call first):
  /home/runner/vcpkg/scripts/buildsystems/vcpkg.cmake:210 (include)
  /home/runner/work/zh-mobile/zh-mobile/build/android-arm64/CMakeFiles/3.31.6/CMakeSystem.cmake:6 (include)
  /home/runner/work/zh-mobile/zh-mobile/build/android-arm64/CMakeFiles/CMakeScratch/TryCompile-wzVhod/CMakeLists.txt:5 (project)


CMake Deprecation Warning at /opt/hostedtoolcache/ndk/r27c/x64/build/cmake/android-legacy.toolchain.cmake:35 (cmake_minimum_required):
  Compatibility with CMake < 3.10 will be removed from a future version of
  CMake.

  Update the VERSION argument <min> value.  Or, use the <min>...<max> syntax
  to tell CMake that the project requires at least <min> but has been updated
  to work with policies introduced by <max> or earlier.
Call Stack (most recent call first):
  /opt/hostedtoolcache/ndk/r27c/x64/build/cmake/android.toolchain.cmake:55 (include)
  /home/runner/vcpkg/scripts/buildsystems/vcpkg.cmake:210 (include)
  /home/runner/work/zh-mobile/zh-mobile/build/android-arm64/CMakeFiles/3.31.6/CMakeSystem.cmake:6 (include)
  /home/runner/work/zh-mobile/zh-mobile/build/android-arm64/CMakeFiles/CMakeScratch/TryCompile-wzVhod/CMakeLists.txt:5 (project)


CMake Deprecation Warning at /opt/hostedtoolcache/ndk/r27c/x64/build/cmake/flags.cmake:18 (cmake_minimum_required):
  Compatibility with CMake < 3.10 will be removed from a future version of
  CMake.

  Update the VERSION argument <min> value.  Or, use the <min>...<max> syntax
  to tell CMake that the project requires at least <min> but has been updated
  to work with policies introduced by <max> or earlier.
Call Stack (most recent call first):
  /usr/local/share/cmake-3.31/Modules/Platform/Android-Clang.cmake:23 (include)
  /usr/local/share/cmake-3.31/Modules/Platform/Android-Clang-C.cmake:1 (include)
  /usr/local/share/cmake-3.31/Modules/CMakeCInformation.cmake:48 (include)
  /home/runner/work/zh-mobile/zh-mobile/build/android-arm64/CMakeFiles/CMakeScratch/TryCompile-wzVhod/CMakeLists.txt:5 (project)


-- Looking for memcpy - found
-- Looking for memmove
CMake Deprecation Warning at /opt/hostedtoolcache/ndk/r27c/x64/build/cmake/android.toolchain.cmake:35 (cmake_minimum_required):
  Compatibility with CMake < 3.10 will be removed from a future version of
  CMake.

  Update the VERSION argument <min> value.  Or, use the <min>...<max> syntax
  to tell CMake that the project requires at least <min> but has been updated
  to work with policies introduced by <max> or earlier.
Call Stack (most recent call first):
  /home/runner/vcpkg/scripts/buildsystems/vcpkg.cmake:210 (include)
  /home/runner/work/zh-mobile/zh-mobile/build/android-arm64/CMakeFiles/3.31.6/CMakeSystem.cmake:6 (include)
  /home/runner/work/zh-mobile/zh-mobile/build/android-arm64/CMakeFiles/CMakeScratch/TryCompile-VaHa6t/CMakeLists.txt:5 (project)


CMake Deprecation Warning at /opt/hostedtoolcache/ndk/r27c/x64/build/cmake/android-legacy.toolchain.cmake:35 (cmake_minimum_required):
  Compatibility with CMake < 3.10 will be removed from a future version of
  CMake.

  Update the VERSION argument <min> value.  Or, use the <min>...<max> syntax
  to tell CMake that the project requires at least <min> but has been updated
  to work with policies introduced by <max> or earlier.
Call Stack (most recent call first):
  /opt/hostedtoolcache/ndk/r27c/x64/build/cmake/android.toolchain.cmake:55 (include)
  /home/runner/vcpkg/scripts/buildsystems/vcpkg.cmake:210 (include)
  /home/runner/work/zh-mobile/zh-mobile/build/android-arm64/CMakeFiles/3.31.6/CMakeSystem.cmake:6 (include)
  /home/runner/work/zh-mobile/zh-mobile/build/android-arm64/CMakeFiles/CMakeScratch/TryCompile-VaHa6t/CMakeLists.txt:5 (project)


CMake Deprecation Warning at /opt/hostedtoolcache/ndk/r27c/x64/build/cmake/flags.cmake:18 (cmake_minimum_required):
  Compatibility with CMake < 3.10 will be removed from a future version of
  CMake.

  Update the VERSION argument <min> value.  Or, use the <min>...<max> syntax
  to tell CMake that the project requires at least <min> but has been updated
  to work with policies introduced by <max> or earlier.
Call Stack (most recent call first):
  /usr/local/share/cmake-3.31/Modules/Platform/Android-Clang.cmake:23 (include)
  /usr/local/share/cmake-3.31/Modules/Platform/Android-Clang-C.cmake:1 (include)
  /usr/local/share/cmake-3.31/Modules/CMakeCInformation.cmake:48 (include)
  /home/runner/work/zh-mobile/zh-mobile/build/android-arm64/CMakeFiles/CMakeScratch/TryCompile-VaHa6t/CMakeLists.txt:5 (project)


-- Looking for memmove - found
-- Looking for memset
CMake Deprecation Warning at /opt/hostedtoolcache/ndk/r27c/x64/build/cmake/android.toolchain.cmake:35 (cmake_minimum_required):
  Compatibility with CMake < 3.10 will be removed from a future version of
  CMake.

  Update the VERSION argument <min> value.  Or, use the <min>...<max> syntax
  to tell CMake that the project requires at least <min> but has been updated
  to work with policies introduced by <max> or earlier.
Call Stack (most recent call first):
  /home/runner/vcpkg/scripts/buildsystems/vcpkg.cmake:210 (include)
  /home/runner/work/zh-mobile/zh-mobile/build/android-arm64/CMakeFiles/3.31.6/CMakeSystem.cmake:6 (include)
  /home/runner/work/zh-mobile/zh-mobile/build/android-arm64/CMakeFiles/CMakeScratch/TryCompile-WDtggs/CMakeLists.txt:5 (project)


CMake Deprecation Warning at /opt/hostedtoolcache/ndk/r27c/x64/build/cmake/android-legacy.toolchain.cmake:35 (cmake_minimum_required):
  Compatibility with CMake < 3.10 will be removed from a future version of
  CMake.

  Update the VERSION argument <min> value.  Or, use the <min>...<max> syntax
  to tell CMake that the project requires at least <min> but has been updated
  to work with policies introduced by <max> or earlier.
Call Stack (most recent call first):
  /opt/hostedtoolcache/ndk/r27c/x64/build/cmake/android.toolchain.cmake:55 (include)
  /home/runner/vcpkg/scripts/buildsystems/vcpkg.cmake:210 (include)
  /home/runner/work/zh-mobile/zh-mobile/build/android-arm64/CMakeFiles/3.31.6/CMakeSystem.cmake:6 (include)
  /home/runner/work/zh-mobile/zh-mobile/build/android-arm64/CMakeFiles/CMakeScratch/TryCompile-WDtggs/CMakeLists.txt:5 (project)


CMake Deprecation Warning at /opt/hostedtoolcache/ndk/r27c/x64/build/cmake/flags.cmake:18 (cmake_minimum_required):
  Compatibility with CMake < 3.10 will be removed from a future version of
  CMake.

  Update the VERSION argument <min> value.  Or, use the <min>...<max> syntax
  to tell CMake that the project requires at least <min> but has been updated
  to work with policies introduced by <max> or earlier.
Call Stack (most recent call first):
  /usr/local/share/cmake-3.31/Modules/Platform/Android-Clang.cmake:23 (include)
  /usr/local/share/cmake-3.31/Modules/Platform/Android-Clang-C.cmake:1 (include)
  /usr/local/share/cmake-3.31/Modules/CMakeCInformation.cmake:48 (include)
  /home/runner/work/zh-mobile/zh-mobile/build/android-arm64/CMakeFiles/CMakeScratch/TryCompile-WDtggs/CMakeLists.txt:5 (project)


-- Looking for memset - found
-- Looking for modf
CMake Deprecation Warning at /opt/hostedtoolcache/ndk/r27c/x64/build/cmake/android.toolchain.cmake:35 (cmake_minimum_required):
  Compatibility with CMake < 3.10 will be removed from a future version of
  CMake.

  Update the VERSION argument <min> value.  Or, use the <min>...<max> syntax
  to tell CMake that the project requires at least <min> but has been updated
  to work with policies introduced by <max> or earlier.
Call Stack (most recent call first):
  /home/runner/vcpkg/scripts/buildsystems/vcpkg.cmake:210 (include)
  /home/runner/work/zh-mobile/zh-mobile/build/android-arm64/CMakeFiles/3.31.6/CMakeSystem.cmake:6 (include)
  /home/runner/work/zh-mobile/zh-mobile/build/android-arm64/CMakeFiles/CMakeScratch/TryCompile-3hNduF/CMakeLists.txt:5 (project)


CMake Deprecation Warning at /opt/hostedtoolcache/ndk/r27c/x64/build/cmake/android-legacy.toolchain.cmake:35 (cmake_minimum_required):
  Compatibility with CMake < 3.10 will be removed from a future version of
  CMake.

  Update the VERSION argument <min> value.  Or, use the <min>...<max> syntax
  to tell CMake that the project requires at least <min> but has been updated
  to work with policies introduced by <max> or earlier.
Call Stack (most recent call first):
  /opt/hostedtoolcache/ndk/r27c/x64/build/cmake/android.toolchain.cmake:55 (include)
  /home/runner/vcpkg/scripts/buildsystems/vcpkg.cmake:210 (include)
  /home/runner/work/zh-mobile/zh-mobile/build/android-arm64/CMakeFiles/3.31.6/CMakeSystem.cmake:6 (include)
  /home/runner/work/zh-mobile/zh-mobile/build/android-arm64/CMakeFiles/CMakeScratch/TryCompile-3hNduF/CMakeLists.txt:5 (project)


CMake Deprecation Warning at /opt/hostedtoolcache/ndk/r27c/x64/build/cmake/flags.cmake:18 (cmake_minimum_required):
  Compatibility with CMake < 3.10 will be removed from a future version of
  CMake.

  Update the VERSION argument <min> value.  Or, use the <min>...<max> syntax
  to tell CMake that the project requires at least <min> but has been updated
  to work with policies introduced by <max> or earlier.
Call Stack (most recent call first):
  /usr/local/share/cmake-3.31/Modules/Platform/Android-Clang.cmake:23 (include)
  /usr/local/share/cmake-3.31/Modules/Platform/Android-Clang-C.cmake:1 (include)
  /usr/local/share/cmake-3.31/Modules/CMakeCInformation.cmake:48 (include)
  /home/runner/work/zh-mobile/zh-mobile/build/android-arm64/CMakeFiles/CMakeScratch/TryCompile-3hNduF/CMakeLists.txt:5 (project)


-- Looking for modf - found
-- Looking for modff
CMake Deprecation Warning at /opt/hostedtoolcache/ndk/r27c/x64/build/cmake/android.toolchain.cmake:35 (cmake_minimum_required):
  Compatibility with CMake < 3.10 will be removed from a future version of
  CMake.

  Update the VERSION argument <min> value.  Or, use the <min>...<max> syntax
  to tell CMake that the project requires at least <min> but has been updated
  to work with policies introduced by <max> or earlier.
Call Stack (most recent call first):
  /home/runner/vcpkg/scripts/buildsystems/vcpkg.cmake:210 (include)
  /home/runner/work/zh-mobile/zh-mobile/build/android-arm64/CMakeFiles/3.31.6/CMakeSystem.cmake:6 (include)
  /home/runner/work/zh-mobile/zh-mobile/build/android-arm64/CMakeFiles/CMakeScratch/TryCompile-MZJL2V/CMakeLists.txt:5 (project)


CMake Deprecation Warning at /opt/hostedtoolcache/ndk/r27c/x64/build/cmake/android-legacy.toolchain.cmake:35 (cmake_minimum_required):
  Compatibility with CMake < 3.10 will be removed from a future version of
  CMake.

  Update the VERSION argument <min> value.  Or, use the <min>...<max> syntax
  to tell CMake that the project requires at least <min> but has been updated
  to work with policies introduced by <max> or earlier.
Call Stack (most recent call first):
  /opt/hostedtoolcache/ndk/r27c/x64/build/cmake/android.toolchain.cmake:55 (include)
  /home/runner/vcpkg/scripts/buildsystems/vcpkg.cmake:210 (include)
  /home/runner/work/zh-mobile/zh-mobile/build/android-arm64/CMakeFiles/3.31.6/CMakeSystem.cmake:6 (include)
  /home/runner/work/zh-mobile/zh-mobile/build/android-arm64/CMakeFiles/CMakeScratch/TryCompile-MZJL2V/CMakeLists.txt:5 (project)


CMake Deprecation Warning at /opt/hostedtoolcache/ndk/r27c/x64/build/cmake/flags.cmake:18 (cmake_minimum_required):
  Compatibility with CMake < 3.10 will be removed from a future version of
  CMake.

  Update the VERSION argument <min> value.  Or, use the <min>...<max> syntax
  to tell CMake that the project requires at least <min> but has been updated
  to work with policies introduced by <max> or earlier.
Call Stack (most recent call first):
  /usr/local/share/cmake-3.31/Modules/Platform/Android-Clang.cmake:23 (include)
  /usr/local/share/cmake-3.31/Modules/Platform/Android-Clang-C.cmake:1 (include)
  /usr/local/share/cmake-3.31/Modules/CMakeCInformation.cmake:48 (include)
  /home/runner/work/zh-mobile/zh-mobile/build/android-arm64/CMakeFiles/CMakeScratch/TryCompile-MZJL2V/CMakeLists.txt:5 (project)


-- Looking for modff - found
-- Looking for pow
CMake Deprecation Warning at /opt/hostedtoolcache/ndk/r27c/x64/build/cmake/android.toolchain.cmake:35 (cmake_minimum_required):
  Compatibility with CMake < 3.10 will be removed from a future version of
  CMake.

  Update the VERSION argument <min> value.  Or, use the <min>...<max> syntax
  to tell CMake that the project requires at least <min> but has been updated
  to work with policies introduced by <max> or earlier.
Call Stack (most recent call first):
  /home/runner/vcpkg/scripts/buildsystems/vcpkg.cmake:210 (include)
  /home/runner/work/zh-mobile/zh-mobile/build/android-arm64/CMakeFiles/3.31.6/CMakeSystem.cmake:6 (include)
  /home/runner/work/zh-mobile/zh-mobile/build/android-arm64/CMakeFiles/CMakeScratch/TryCompile-I3uuFO/CMakeLists.txt:5 (project)


CMake Deprecation Warning at /opt/hostedtoolcache/ndk/r27c/x64/build/cmake/android-legacy.toolchain.cmake:35 (cmake_minimum_required):
  Compatibility with CMake < 3.10 will be removed from a future version of
  CMake.

  Update the VERSION argument <min> value.  Or, use the <min>...<max> syntax
  to tell CMake that the project requires at least <min> but has been updated
  to work with policies introduced by <max> or earlier.
Call Stack (most recent call first):
  /opt/hostedtoolcache/ndk/r27c/x64/build/cmake/android.toolchain.cmake:55 (include)
  /home/runner/vcpkg/scripts/buildsystems/vcpkg.cmake:210 (include)
  /home/runner/work/zh-mobile/zh-mobile/build/android-arm64/CMakeFiles/3.31.6/CMakeSystem.cmake:6 (include)
  /home/runner/work/zh-mobile/zh-mobile/build/android-arm64/CMakeFiles/CMakeScratch/TryCompile-I3uuFO/CMakeLists.txt:5 (project)


CMake Deprecation Warning at /opt/hostedtoolcache/ndk/r27c/x64/build/cmake/flags.cmake:18 (cmake_minimum_required):
  Compatibility with CMake < 3.10 will be removed from a future version of
  CMake.

  Update the VERSION argument <min> value.  Or, use the <min>...<max> syntax
  to tell CMake that the project requires at least <min> but has been updated
  to work with policies introduced by <max> or earlier.
Call Stack (most recent call first):
  /usr/local/share/cmake-3.31/Modules/Platform/Android-Clang.cmake:23 (include)
  /usr/local/share/cmake-3.31/Modules/Platform/Android-Clang-C.cmake:1 (include)
  /usr/local/share/cmake-3.31/Modules/CMakeCInformation.cmake:48 (include)
  /home/runner/work/zh-mobile/zh-mobile/build/android-arm64/CMakeFiles/CMakeScratch/TryCompile-I3uuFO/CMakeLists.txt:5 (project)


-- Looking for pow - found
-- Looking for powf
CMake Deprecation Warning at /opt/hostedtoolcache/ndk/r27c/x64/build/cmake/android.toolchain.cmake:35 (cmake_minimum_required):
  Compatibility with CMake < 3.10 will be removed from a future version of
  CMake.

  Update the VERSION argument <min> value.  Or, use the <min>...<max> syntax
  to tell CMake that the project requires at least <min> but has been updated
  to work with policies introduced by <max> or earlier.
Call Stack (most recent call first):
  /home/runner/vcpkg/scripts/buildsystems/vcpkg.cmake:210 (include)
  /home/runner/work/zh-mobile/zh-mobile/build/android-arm64/CMakeFiles/3.31.6/CMakeSystem.cmake:6 (include)
  /home/runner/work/zh-mobile/zh-mobile/build/android-arm64/CMakeFiles/CMakeScratch/TryCompile-oaUqTB/CMakeLists.txt:5 (project)


CMake Deprecation Warning at /opt/hostedtoolcache/ndk/r27c/x64/build/cmake/android-legacy.toolchain.cmake:35 (cmake_minimum_required):
  Compatibility with CMake < 3.10 will be removed from a future version of
  CMake.

  Update the VERSION argument <min> value.  Or, use the <min>...<max> syntax
  to tell CMake that the project requires at least <min> but has been updated
  to work with policies introduced by <max> or earlier.
Call Stack (most recent call first):
  /opt/hostedtoolcache/ndk/r27c/x64/build/cmake/android.toolchain.cmake:55 (include)
  /home/runner/vcpkg/scripts/buildsystems/vcpkg.cmake:210 (include)
  /home/runner/work/zh-mobile/zh-mobile/build/android-arm64/CMakeFiles/3.31.6/CMakeSystem.cmake:6 (include)
  /home/runner/work/zh-mobile/zh-mobile/build/android-arm64/CMakeFiles/CMakeScratch/TryCompile-oaUqTB/CMakeLists.txt:5 (project)


CMake Deprecation Warning at /opt/hostedtoolcache/ndk/r27c/x64/build/cmake/flags.cmake:18 (cmake_minimum_required):
  Compatibility with CMake < 3.10 will be removed from a future version of
  CMake.

  Update the VERSION argument <min> value.  Or, use the <min>...<max> syntax
  to tell CMake that the project requires at least <min> but has been updated
  to work with policies introduced by <max> or earlier.
Call Stack (most recent call first):
  /usr/local/share/cmake-3.31/Modules/Platform/Android-Clang.cmake:23 (include)
  /usr/local/share/cmake-3.31/Modules/Platform/Android-Clang-C.cmake:1 (include)
  /usr/local/share/cmake-3.31/Modules/CMakeCInformation.cmake:48 (include)
  /home/runner/work/zh-mobile/zh-mobile/build/android-arm64/CMakeFiles/CMakeScratch/TryCompile-oaUqTB/CMakeLists.txt:5 (project)


-- Looking for powf - found
-- Looking for putenv
CMake Deprecation Warning at /opt/hostedtoolcache/ndk/r27c/x64/build/cmake/android.toolchain.cmake:35 (cmake_minimum_required):
  Compatibility with CMake < 3.10 will be removed from a future version of
  CMake.

  Update the VERSION argument <min> value.  Or, use the <min>...<max> syntax
  to tell CMake that the project requires at least <min> but has been updated
  to work with policies introduced by <max> or earlier.
Call Stack (most recent call first):
  /home/runner/vcpkg/scripts/buildsystems/vcpkg.cmake:210 (include)
  /home/runner/work/zh-mobile/zh-mobile/build/android-arm64/CMakeFiles/3.31.6/CMakeSystem.cmake:6 (include)
  /home/runner/work/zh-mobile/zh-mobile/build/android-arm64/CMakeFiles/CMakeScratch/TryCompile-beQ3Hr/CMakeLists.txt:5 (project)


CMake Deprecation Warning at /opt/hostedtoolcache/ndk/r27c/x64/build/cmake/android-legacy.toolchain.cmake:35 (cmake_minimum_required):
  Compatibility with CMake < 3.10 will be removed from a future version of
  CMake.

  Update the VERSION argument <min> value.  Or, use the <min>...<max> syntax
  to tell CMake that the project requires at least <min> but has been updated
  to work with policies introduced by <max> or earlier.
Call Stack (most recent call first):
  /opt/hostedtoolcache/ndk/r27c/x64/build/cmake/android.toolchain.cmake:55 (include)
  /home/runner/vcpkg/scripts/buildsystems/vcpkg.cmake:210 (include)
  /home/runner/work/zh-mobile/zh-mobile/build/android-arm64/CMakeFiles/3.31.6/CMakeSystem.cmake:6 (include)
  /home/runner/work/zh-mobile/zh-mobile/build/android-arm64/CMakeFiles/CMakeScratch/TryCompile-beQ3Hr/CMakeLists.txt:5 (project)


CMake Deprecation Warning at /opt/hostedtoolcache/ndk/r27c/x64/build/cmake/flags.cmake:18 (cmake_minimum_required):
  Compatibility with CMake < 3.10 will be removed from a future version of
  CMake.

  Update the VERSION argument <min> value.  Or, use the <min>...<max> syntax
  to tell CMake that the project requires at least <min> but has been updated
  to work with policies introduced by <max> or earlier.
Call Stack (most recent call first):
  /usr/local/share/cmake-3.31/Modules/Platform/Android-Clang.cmake:23 (include)
  /usr/local/share/cmake-3.31/Modules/Platform/Android-Clang-C.cmake:1 (include)
  /usr/local/share/cmake-3.31/Modules/CMakeCInformation.cmake:48 (include)
  /home/runner/work/zh-mobile/zh-mobile/build/android-arm64/CMakeFiles/CMakeScratch/TryCompile-beQ3Hr/CMakeLists.txt:5 (project)


-- Looking for putenv - found
-- Looking for rindex
CMake Deprecation Warning at /opt/hostedtoolcache/ndk/r27c/x64/build/cmake/android.toolchain.cmake:35 (cmake_minimum_required):
  Compatibility with CMake < 3.10 will be removed from a future version of
  CMake.

  Update the VERSION argument <min> value.  Or, use the <min>...<max> syntax
  to tell CMake that the project requires at least <min> but has been updated
  to work with policies introduced by <max> or earlier.
Call Stack (most recent call first):
  /home/runner/vcpkg/scripts/buildsystems/vcpkg.cmake:210 (include)
  /home/runner/work/zh-mobile/zh-mobile/build/android-arm64/CMakeFiles/3.31.6/CMakeSystem.cmake:6 (include)
  /home/runner/work/zh-mobile/zh-mobile/build/android-arm64/CMakeFiles/CMakeScratch/TryCompile-hf8LGQ/CMakeLists.txt:5 (project)


CMake Deprecation Warning at /opt/hostedtoolcache/ndk/r27c/x64/build/cmake/android-legacy.toolchain.cmake:35 (cmake_minimum_required):
  Compatibility with CMake < 3.10 will be removed from a future version of
  CMake.

  Update the VERSION argument <min> value.  Or, use the <min>...<max> syntax
  to tell CMake that the project requires at least <min> but has been updated
  to work with policies introduced by <max> or earlier.
Call Stack (most recent call first):
  /opt/hostedtoolcache/ndk/r27c/x64/build/cmake/android.toolchain.cmake:55 (include)
  /home/runner/vcpkg/scripts/buildsystems/vcpkg.cmake:210 (include)
  /home/runner/work/zh-mobile/zh-mobile/build/android-arm64/CMakeFiles/3.31.6/CMakeSystem.cmake:6 (include)
  /home/runner/work/zh-mobile/zh-mobile/build/android-arm64/CMakeFiles/CMakeScratch/TryCompile-hf8LGQ/CMakeLists.txt:5 (project)


CMake Deprecation Warning at /opt/hostedtoolcache/ndk/r27c/x64/build/cmake/flags.cmake:18 (cmake_minimum_required):
  Compatibility with CMake < 3.10 will be removed from a future version of
  CMake.

  Update the VERSION argument <min> value.  Or, use the <min>...<max> syntax
  to tell CMake that the project requires at least <min> but has been updated
  to work with policies introduced by <max> or earlier.
Call Stack (most recent call first):
  /usr/local/share/cmake-3.31/Modules/Platform/Android-Clang.cmake:23 (include)
  /usr/local/share/cmake-3.31/Modules/Platform/Android-Clang-C.cmake:1 (include)
  /usr/local/share/cmake-3.31/Modules/CMakeCInformation.cmake:48 (include)
  /home/runner/work/zh-mobile/zh-mobile/build/android-arm64/CMakeFiles/CMakeScratch/TryCompile-hf8LGQ/CMakeLists.txt:5 (project)


-- Looking for rindex - not found
-- Looking for round
CMake Deprecation Warning at /opt/hostedtoolcache/ndk/r27c/x64/build/cmake/android.toolchain.cmake:35 (cmake_minimum_required):
  Compatibility with CMake < 3.10 will be removed from a future version of
  CMake.

  Update the VERSION argument <min> value.  Or, use the <min>...<max> syntax
  to tell CMake that the project requires at least <min> but has been updated
  to work with policies introduced by <max> or earlier.
Call Stack (most recent call first):
  /home/runner/vcpkg/scripts/buildsystems/vcpkg.cmake:210 (include)
  /home/runner/work/zh-mobile/zh-mobile/build/android-arm64/CMakeFiles/3.31.6/CMakeSystem.cmake:6 (include)
  /home/runner/work/zh-mobile/zh-mobile/build/android-arm64/CMakeFiles/CMakeScratch/TryCompile-wQagKZ/CMakeLists.txt:5 (project)


CMake Deprecation Warning at /opt/hostedtoolcache/ndk/r27c/x64/build/cmake/android-legacy.toolchain.cmake:35 (cmake_minimum_required):
  Compatibility with CMake < 3.10 will be removed from a future version of
  CMake.

  Update the VERSION argument <min> value.  Or, use the <min>...<max> syntax
  to tell CMake that the project requires at least <min> but has been updated
  to work with policies introduced by <max> or earlier.
Call Stack (most recent call first):
  /opt/hostedtoolcache/ndk/r27c/x64/build/cmake/android.toolchain.cmake:55 (include)
  /home/runner/vcpkg/scripts/buildsystems/vcpkg.cmake:210 (include)
  /home/runner/work/zh-mobile/zh-mobile/build/android-arm64/CMakeFiles/3.31.6/CMakeSystem.cmake:6 (include)
  /home/runner/work/zh-mobile/zh-mobile/build/android-arm64/CMakeFiles/CMakeScratch/TryCompile-wQagKZ/CMakeLists.txt:5 (project)


CMake Deprecation Warning at /opt/hostedtoolcache/ndk/r27c/x64/build/cmake/flags.cmake:18 (cmake_minimum_required):
  Compatibility with CMake < 3.10 will be removed from a future version of
  CMake.

  Update the VERSION argument <min> value.  Or, use the <min>...<max> syntax
  to tell CMake that the project requires at least <min> but has been updated
  to work with policies introduced by <max> or earlier.
Call Stack (most recent call first):
  /usr/local/share/cmake-3.31/Modules/Platform/Android-Clang.cmake:23 (include)
  /usr/local/share/cmake-3.31/Modules/Platform/Android-Clang-C.cmake:1 (include)
  /usr/local/share/cmake-3.31/Modules/CMakeCInformation.cmake:48 (include)
  /home/runner/work/zh-mobile/zh-mobile/build/android-arm64/CMakeFiles/CMakeScratch/TryCompile-wQagKZ/CMakeLists.txt:5 (project)


-- Looking for round - found
-- Looking for roundf
CMake Deprecation Warning at /opt/hostedtoolcache/ndk/r27c/x64/build/cmake/android.toolchain.cmake:35 (cmake_minimum_required):
  Compatibility with CMake < 3.10 will be removed from a future version of
  CMake.

  Update the VERSION argument <min> value.  Or, use the <min>...<max> syntax
  to tell CMake that the project requires at least <min> but has been updated
  to work with policies introduced by <max> or earlier.
Call Stack (most recent call first):
  /home/runner/vcpkg/scripts/buildsystems/vcpkg.cmake:210 (include)
  /home/runner/work/zh-mobile/zh-mobile/build/android-arm64/CMakeFiles/3.31.6/CMakeSystem.cmake:6 (include)
  /home/runner/work/zh-mobile/zh-mobile/build/android-arm64/CMakeFiles/CMakeScratch/TryCompile-lgUsqI/CMakeLists.txt:5 (project)


CMake Deprecation Warning at /opt/hostedtoolcache/ndk/r27c/x64/build/cmake/android-legacy.toolchain.cmake:35 (cmake_minimum_required):
  Compatibility with CMake < 3.10 will be removed from a future version of
  CMake.

  Update the VERSION argument <min> value.  Or, use the <min>...<max> syntax
  to tell CMake that the project requires at least <min> but has been updated
  to work with policies introduced by <max> or earlier.
Call Stack (most recent call first):
  /opt/hostedtoolcache/ndk/r27c/x64/build/cmake/android.toolchain.cmake:55 (include)
  /home/runner/vcpkg/scripts/buildsystems/vcpkg.cmake:210 (include)
  /home/runner/work/zh-mobile/zh-mobile/build/android-arm64/CMakeFiles/3.31.6/CMakeSystem.cmake:6 (include)
  /home/runner/work/zh-mobile/zh-mobile/build/android-arm64/CMakeFiles/CMakeScratch/TryCompile-lgUsqI/CMakeLists.txt:5 (project)


CMake Deprecation Warning at /opt/hostedtoolcache/ndk/r27c/x64/build/cmake/flags.cmake:18 (cmake_minimum_required):
  Compatibility with CMake < 3.10 will be removed from a future version of
  CMake.

  Update the VERSION argument <min> value.  Or, use the <min>...<max> syntax
  to tell CMake that the project requires at least <min> but has been updated
  to work with policies introduced by <max> or earlier.
Call Stack (most recent call first):
  /usr/local/share/cmake-3.31/Modules/Platform/Android-Clang.cmake:23 (include)
  /usr/local/share/cmake-3.31/Modules/Platform/Android-Clang-C.cmake:1 (include)
  /usr/local/share/cmake-3.31/Modules/CMakeCInformation.cmake:48 (include)
  /home/runner/work/zh-mobile/zh-mobile/build/android-arm64/CMakeFiles/CMakeScratch/TryCompile-lgUsqI/CMakeLists.txt:5 (project)


-- Looking for roundf - found
-- Looking for scalbn
CMake Deprecation Warning at /opt/hostedtoolcache/ndk/r27c/x64/build/cmake/android.toolchain.cmake:35 (cmake_minimum_required):
  Compatibility with CMake < 3.10 will be removed from a future version of
  CMake.

  Update the VERSION argument <min> value.  Or, use the <min>...<max> syntax
  to tell CMake that the project requires at least <min> but has been updated
  to work with policies introduced by <max> or earlier.
Call Stack (most recent call first):
  /home/runner/vcpkg/scripts/buildsystems/vcpkg.cmake:210 (include)
  /home/runner/work/zh-mobile/zh-mobile/build/android-arm64/CMakeFiles/3.31.6/CMakeSystem.cmake:6 (include)
  /home/runner/work/zh-mobile/zh-mobile/build/android-arm64/CMakeFiles/CMakeScratch/TryCompile-dNaYma/CMakeLists.txt:5 (project)


CMake Deprecation Warning at /opt/hostedtoolcache/ndk/r27c/x64/build/cmake/android-legacy.toolchain.cmake:35 (cmake_minimum_required):
  Compatibility with CMake < 3.10 will be removed from a future version of
  CMake.

  Update the VERSION argument <min> value.  Or, use the <min>...<max> syntax
  to tell CMake that the project requires at least <min> but has been updated
  to work with policies introduced by <max> or earlier.
Call Stack (most recent call first):
  /opt/hostedtoolcache/ndk/r27c/x64/build/cmake/android.toolchain.cmake:55 (include)
  /home/runner/vcpkg/scripts/buildsystems/vcpkg.cmake:210 (include)
  /home/runner/work/zh-mobile/zh-mobile/build/android-arm64/CMakeFiles/3.31.6/CMakeSystem.cmake:6 (include)
  /home/runner/work/zh-mobile/zh-mobile/build/android-arm64/CMakeFiles/CMakeScratch/TryCompile-dNaYma/CMakeLists.txt:5 (project)


CMake Deprecation Warning at /opt/hostedtoolcache/ndk/r27c/x64/build/cmake/flags.cmake:18 (cmake_minimum_required):
  Compatibility with CMake < 3.10 will be removed from a future version of
  CMake.

  Update the VERSION argument <min> value.  Or, use the <min>...<max> syntax
  to tell CMake that the project requires at least <min> but has been updated
  to work with policies introduced by <max> or earlier.
Call Stack (most recent call first):
  /usr/local/share/cmake-3.31/Modules/Platform/Android-Clang.cmake:23 (include)
  /usr/local/share/cmake-3.31/Modules/Platform/Android-Clang-C.cmake:1 (include)
  /usr/local/share/cmake-3.31/Modules/CMakeCInformation.cmake:48 (include)
  /home/runner/work/zh-mobile/zh-mobile/build/android-arm64/CMakeFiles/CMakeScratch/TryCompile-dNaYma/CMakeLists.txt:5 (project)


-- Looking for scalbn - found
-- Looking for scalbnf
CMake Deprecation Warning at /opt/hostedtoolcache/ndk/r27c/x64/build/cmake/android.toolchain.cmake:35 (cmake_minimum_required):
  Compatibility with CMake < 3.10 will be removed from a future version of
  CMake.

  Update the VERSION argument <min> value.  Or, use the <min>...<max> syntax
  to tell CMake that the project requires at least <min> but has been updated
  to work with policies introduced by <max> or earlier.
Call Stack (most recent call first):
  /home/runner/vcpkg/scripts/buildsystems/vcpkg.cmake:210 (include)
  /home/runner/work/zh-mobile/zh-mobile/build/android-arm64/CMakeFiles/3.31.6/CMakeSystem.cmake:6 (include)
  /home/runner/work/zh-mobile/zh-mobile/build/android-arm64/CMakeFiles/CMakeScratch/TryCompile-ejGWqq/CMakeLists.txt:5 (project)


CMake Deprecation Warning at /opt/hostedtoolcache/ndk/r27c/x64/build/cmake/android-legacy.toolchain.cmake:35 (cmake_minimum_required):
  Compatibility with CMake < 3.10 will be removed from a future version of
  CMake.

  Update the VERSION argument <min> value.  Or, use the <min>...<max> syntax
  to tell CMake that the project requires at least <min> but has been updated
  to work with policies introduced by <max> or earlier.
Call Stack (most recent call first):
  /opt/hostedtoolcache/ndk/r27c/x64/build/cmake/android.toolchain.cmake:55 (include)
  /home/runner/vcpkg/scripts/buildsystems/vcpkg.cmake:210 (include)
  /home/runner/work/zh-mobile/zh-mobile/build/android-arm64/CMakeFiles/3.31.6/CMakeSystem.cmake:6 (include)
  /home/runner/work/zh-mobile/zh-mobile/build/android-arm64/CMakeFiles/CMakeScratch/TryCompile-ejGWqq/CMakeLists.txt:5 (project)


CMake Deprecation Warning at /opt/hostedtoolcache/ndk/r27c/x64/build/cmake/flags.cmake:18 (cmake_minimum_required):
  Compatibility with CMake < 3.10 will be removed from a future version of
  CMake.

  Update the VERSION argument <min> value.  Or, use the <min>...<max> syntax
  to tell CMake that the project requires at least <min> but has been updated
  to work with policies introduced by <max> or earlier.
Call Stack (most recent call first):
  /usr/local/share/cmake-3.31/Modules/Platform/Android-Clang.cmake:23 (include)
  /usr/local/share/cmake-3.31/Modules/Platform/Android-Clang-C.cmake:1 (include)
  /usr/local/share/cmake-3.31/Modules/CMakeCInformation.cmake:48 (include)
  /home/runner/work/zh-mobile/zh-mobile/build/android-arm64/CMakeFiles/CMakeScratch/TryCompile-ejGWqq/CMakeLists.txt:5 (project)


-- Looking for scalbnf - found
-- Looking for setenv
CMake Deprecation Warning at /opt/hostedtoolcache/ndk/r27c/x64/build/cmake/android.toolchain.cmake:35 (cmake_minimum_required):
  Compatibility with CMake < 3.10 will be removed from a future version of
  CMake.

  Update the VERSION argument <min> value.  Or, use the <min>...<max> syntax
  to tell CMake that the project requires at least <min> but has been updated
  to work with policies introduced by <max> or earlier.
Call Stack (most recent call first):
  /home/runner/vcpkg/scripts/buildsystems/vcpkg.cmake:210 (include)
  /home/runner/work/zh-mobile/zh-mobile/build/android-arm64/CMakeFiles/3.31.6/CMakeSystem.cmake:6 (include)
  /home/runner/work/zh-mobile/zh-mobile/build/android-arm64/CMakeFiles/CMakeScratch/TryCompile-QG2GBP/CMakeLists.txt:5 (project)


CMake Deprecation Warning at /opt/hostedtoolcache/ndk/r27c/x64/build/cmake/android-legacy.toolchain.cmake:35 (cmake_minimum_required):
  Compatibility with CMake < 3.10 will be removed from a future version of
  CMake.

  Update the VERSION argument <min> value.  Or, use the <min>...<max> syntax
  to tell CMake that the project requires at least <min> but has been updated
  to work with policies introduced by <max> or earlier.
Call Stack (most recent call first):
  /opt/hostedtoolcache/ndk/r27c/x64/build/cmake/android.toolchain.cmake:55 (include)
  /home/runner/vcpkg/scripts/buildsystems/vcpkg.cmake:210 (include)
  /home/runner/work/zh-mobile/zh-mobile/build/android-arm64/CMakeFiles/3.31.6/CMakeSystem.cmake:6 (include)
  /home/runner/work/zh-mobile/zh-mobile/build/android-arm64/CMakeFiles/CMakeScratch/TryCompile-QG2GBP/CMakeLists.txt:5 (project)


CMake Deprecation Warning at /opt/hostedtoolcache/ndk/r27c/x64/build/cmake/flags.cmake:18 (cmake_minimum_required):
  Compatibility with CMake < 3.10 will be removed from a future version of
  CMake.

  Update the VERSION argument <min> value.  Or, use the <min>...<max> syntax
  to tell CMake that the project requires at least <min> but has been updated
  to work with policies introduced by <max> or earlier.
Call Stack (most recent call first):
  /usr/local/share/cmake-3.31/Modules/Platform/Android-Clang.cmake:23 (include)
  /usr/local/share/cmake-3.31/Modules/Platform/Android-Clang-C.cmake:1 (include)
  /usr/local/share/cmake-3.31/Modules/CMakeCInformation.cmake:48 (include)
  /home/runner/work/zh-mobile/zh-mobile/build/android-arm64/CMakeFiles/CMakeScratch/TryCompile-QG2GBP/CMakeLists.txt:5 (project)


-- Looking for setenv - found
-- Looking for sin
CMake Deprecation Warning at /opt/hostedtoolcache/ndk/r27c/x64/build/cmake/android.toolchain.cmake:35 (cmake_minimum_required):
  Compatibility with CMake < 3.10 will be removed from a future version of
  CMake.

  Update the VERSION argument <min> value.  Or, use the <min>...<max> syntax
  to tell CMake that the project requires at least <min> but has been updated
  to work with policies introduced by <max> or earlier.
Call Stack (most recent call first):
  /home/runner/vcpkg/scripts/buildsystems/vcpkg.cmake:210 (include)
  /home/runner/work/zh-mobile/zh-mobile/build/android-arm64/CMakeFiles/3.31.6/CMakeSystem.cmake:6 (include)
  /home/runner/work/zh-mobile/zh-mobile/build/android-arm64/CMakeFiles/CMakeScratch/TryCompile-u1SJLE/CMakeLists.txt:5 (project)


CMake Deprecation Warning at /opt/hostedtoolcache/ndk/r27c/x64/build/cmake/android-legacy.toolchain.cmake:35 (cmake_minimum_required):
  Compatibility with CMake < 3.10 will be removed from a future version of
  CMake.

  Update the VERSION argument <min> value.  Or, use the <min>...<max> syntax
  to tell CMake that the project requires at least <min> but has been updated
  to work with policies introduced by <max> or earlier.
Call Stack (most recent call first):
  /opt/hostedtoolcache/ndk/r27c/x64/build/cmake/android.toolchain.cmake:55 (include)
  /home/runner/vcpkg/scripts/buildsystems/vcpkg.cmake:210 (include)
  /home/runner/work/zh-mobile/zh-mobile/build/android-arm64/CMakeFiles/3.31.6/CMakeSystem.cmake:6 (include)
  /home/runner/work/zh-mobile/zh-mobile/build/android-arm64/CMakeFiles/CMakeScratch/TryCompile-u1SJLE/CMakeLists.txt:5 (project)


CMake Deprecation Warning at /opt/hostedtoolcache/ndk/r27c/x64/build/cmake/flags.cmake:18 (cmake_minimum_required):
  Compatibility with CMake < 3.10 will be removed from a future version of
  CMake.

  Update the VERSION argument <min> value.  Or, use the <min>...<max> syntax
  to tell CMake that the project requires at least <min> but has been updated
  to work with policies introduced by <max> or earlier.
Call Stack (most recent call first):
  /usr/local/share/cmake-3.31/Modules/Platform/Android-Clang.cmake:23 (include)
  /usr/local/share/cmake-3.31/Modules/Platform/Android-Clang-C.cmake:1 (include)
  /usr/local/share/cmake-3.31/Modules/CMakeCInformation.cmake:48 (include)
  /home/runner/work/zh-mobile/zh-mobile/build/android-arm64/CMakeFiles/CMakeScratch/TryCompile-u1SJLE/CMakeLists.txt:5 (project)


-- Looking for sin - found
-- Looking for sinf
CMake Deprecation Warning at /opt/hostedtoolcache/ndk/r27c/x64/build/cmake/android.toolchain.cmake:35 (cmake_minimum_required):
  Compatibility with CMake < 3.10 will be removed from a future version of
  CMake.

  Update the VERSION argument <min> value.  Or, use the <min>...<max> syntax
  to tell CMake that the project requires at least <min> but has been updated
  to work with policies introduced by <max> or earlier.
Call Stack (most recent call first):
  /home/runner/vcpkg/scripts/buildsystems/vcpkg.cmake:210 (include)
  /home/runner/work/zh-mobile/zh-mobile/build/android-arm64/CMakeFiles/3.31.6/CMakeSystem.cmake:6 (include)
  /home/runner/work/zh-mobile/zh-mobile/build/android-arm64/CMakeFiles/CMakeScratch/TryCompile-ONGz6p/CMakeLists.txt:5 (project)


CMake Deprecation Warning at /opt/hostedtoolcache/ndk/r27c/x64/build/cmake/android-legacy.toolchain.cmake:35 (cmake_minimum_required):
  Compatibility with CMake < 3.10 will be removed from a future version of
  CMake.

  Update the VERSION argument <min> value.  Or, use the <min>...<max> syntax
  to tell CMake that the project requires at least <min> but has been updated
  to work with policies introduced by <max> or earlier.
Call Stack (most recent call first):
  /opt/hostedtoolcache/ndk/r27c/x64/build/cmake/android.toolchain.cmake:55 (include)
  /home/runner/vcpkg/scripts/buildsystems/vcpkg.cmake:210 (include)
  /home/runner/work/zh-mobile/zh-mobile/build/android-arm64/CMakeFiles/3.31.6/CMakeSystem.cmake:6 (include)
  /home/runner/work/zh-mobile/zh-mobile/build/android-arm64/CMakeFiles/CMakeScratch/TryCompile-ONGz6p/CMakeLists.txt:5 (project)


CMake Deprecation Warning at /opt/hostedtoolcache/ndk/r27c/x64/build/cmake/flags.cmake:18 (cmake_minimum_required):
  Compatibility with CMake < 3.10 will be removed from a future version of
  CMake.

  Update the VERSION argument <min> value.  Or, use the <min>...<max> syntax
  to tell CMake that the project requires at least <min> but has been updated
  to work with policies introduced by <max> or earlier.
Call Stack (most recent call first):
  /usr/local/share/cmake-3.31/Modules/Platform/Android-Clang.cmake:23 (include)
  /usr/local/share/cmake-3.31/Modules/Platform/Android-Clang-C.cmake:1 (include)
  /usr/local/share/cmake-3.31/Modules/CMakeCInformation.cmake:48 (include)
  /home/runner/work/zh-mobile/zh-mobile/build/android-arm64/CMakeFiles/CMakeScratch/TryCompile-ONGz6p/CMakeLists.txt:5 (project)


-- Looking for sinf - found
-- Looking for sqr
CMake Deprecation Warning at /opt/hostedtoolcache/ndk/r27c/x64/build/cmake/android.toolchain.cmake:35 (cmake_minimum_required):
  Compatibility with CMake < 3.10 will be removed from a future version of
  CMake.

  Update the VERSION argument <min> value.  Or, use the <min>...<max> syntax
  to tell CMake that the project requires at least <min> but has been updated
  to work with policies introduced by <max> or earlier.
Call Stack (most recent call first):
  /home/runner/vcpkg/scripts/buildsystems/vcpkg.cmake:210 (include)
  /home/runner/work/zh-mobile/zh-mobile/build/android-arm64/CMakeFiles/3.31.6/CMakeSystem.cmake:6 (include)
  /home/runner/work/zh-mobile/zh-mobile/build/android-arm64/CMakeFiles/CMakeScratch/TryCompile-7aoLp4/CMakeLists.txt:5 (project)


CMake Deprecation Warning at /opt/hostedtoolcache/ndk/r27c/x64/build/cmake/android-legacy.toolchain.cmake:35 (cmake_minimum_required):
  Compatibility with CMake < 3.10 will be removed from a future version of
  CMake.

  Update the VERSION argument <min> value.  Or, use the <min>...<max> syntax
  to tell CMake that the project requires at least <min> but has been updated
  to work with policies introduced by <max> or earlier.
Call Stack (most recent call first):
  /opt/hostedtoolcache/ndk/r27c/x64/build/cmake/android.toolchain.cmake:55 (include)
  /home/runner/vcpkg/scripts/buildsystems/vcpkg.cmake:210 (include)
  /home/runner/work/zh-mobile/zh-mobile/build/android-arm64/CMakeFiles/3.31.6/CMakeSystem.cmake:6 (include)
  /home/runner/work/zh-mobile/zh-mobile/build/android-arm64/CMakeFiles/CMakeScratch/TryCompile-7aoLp4/CMakeLists.txt:5 (project)


CMake Deprecation Warning at /opt/hostedtoolcache/ndk/r27c/x64/build/cmake/flags.cmake:18 (cmake_minimum_required):
  Compatibility with CMake < 3.10 will be removed from a future version of
  CMake.

  Update the VERSION argument <min> value.  Or, use the <min>...<max> syntax
  to tell CMake that the project requires at least <min> but has been updated
  to work with policies introduced by <max> or earlier.
Call Stack (most recent call first):
  /usr/local/share/cmake-3.31/Modules/Platform/Android-Clang.cmake:23 (include)
  /usr/local/share/cmake-3.31/Modules/Platform/Android-Clang-C.cmake:1 (include)
  /usr/local/share/cmake-3.31/Modules/CMakeCInformation.cmake:48 (include)
  /home/runner/work/zh-mobile/zh-mobile/build/android-arm64/CMakeFiles/CMakeScratch/TryCompile-7aoLp4/CMakeLists.txt:5 (project)


-- Looking for sqr - not found
-- Looking for sqrt
CMake Deprecation Warning at /opt/hostedtoolcache/ndk/r27c/x64/build/cmake/android.toolchain.cmake:35 (cmake_minimum_required):
  Compatibility with CMake < 3.10 will be removed from a future version of
  CMake.

  Update the VERSION argument <min> value.  Or, use the <min>...<max> syntax
  to tell CMake that the project requires at least <min> but has been updated
  to work with policies introduced by <max> or earlier.
Call Stack (most recent call first):
  /home/runner/vcpkg/scripts/buildsystems/vcpkg.cmake:210 (include)
  /home/runner/work/zh-mobile/zh-mobile/build/android-arm64/CMakeFiles/3.31.6/CMakeSystem.cmake:6 (include)
  /home/runner/work/zh-mobile/zh-mobile/build/android-arm64/CMakeFiles/CMakeScratch/TryCompile-Ang85S/CMakeLists.txt:5 (project)


CMake Deprecation Warning at /opt/hostedtoolcache/ndk/r27c/x64/build/cmake/android-legacy.toolchain.cmake:35 (cmake_minimum_required):
  Compatibility with CMake < 3.10 will be removed from a future version of
  CMake.

  Update the VERSION argument <min> value.  Or, use the <min>...<max> syntax
  to tell CMake that the project requires at least <min> but has been updated
  to work with policies introduced by <max> or earlier.
Call Stack (most recent call first):
  /opt/hostedtoolcache/ndk/r27c/x64/build/cmake/android.toolchain.cmake:55 (include)
  /home/runner/vcpkg/scripts/buildsystems/vcpkg.cmake:210 (include)
  /home/runner/work/zh-mobile/zh-mobile/build/android-arm64/CMakeFiles/3.31.6/CMakeSystem.cmake:6 (include)
  /home/runner/work/zh-mobile/zh-mobile/build/android-arm64/CMakeFiles/CMakeScratch/TryCompile-Ang85S/CMakeLists.txt:5 (project)


CMake Deprecation Warning at /opt/hostedtoolcache/ndk/r27c/x64/build/cmake/flags.cmake:18 (cmake_minimum_required):
  Compatibility with CMake < 3.10 will be removed from a future version of
  CMake.

  Update the VERSION argument <min> value.  Or, use the <min>...<max> syntax
  to tell CMake that the project requires at least <min> but has been updated
  to work with policies introduced by <max> or earlier.
Call Stack (most recent call first):
  /usr/local/share/cmake-3.31/Modules/Platform/Android-Clang.cmake:23 (include)
  /usr/local/share/cmake-3.31/Modules/Platform/Android-Clang-C.cmake:1 (include)
  /usr/local/share/cmake-3.31/Modules/CMakeCInformation.cmake:48 (include)
  /home/runner/work/zh-mobile/zh-mobile/build/android-arm64/CMakeFiles/CMakeScratch/TryCompile-Ang85S/CMakeLists.txt:5 (project)


-- Looking for sqrt - found
-- Looking for sqrtf
CMake Deprecation Warning at /opt/hostedtoolcache/ndk/r27c/x64/build/cmake/android.toolchain.cmake:35 (cmake_minimum_required):
  Compatibility with CMake < 3.10 will be removed from a future version of
  CMake.

  Update the VERSION argument <min> value.  Or, use the <min>...<max> syntax
  to tell CMake that the project requires at least <min> but has been updated
  to work with policies introduced by <max> or earlier.
Call Stack (most recent call first):
  /home/runner/vcpkg/scripts/buildsystems/vcpkg.cmake:210 (include)
  /home/runner/work/zh-mobile/zh-mobile/build/android-arm64/CMakeFiles/3.31.6/CMakeSystem.cmake:6 (include)
  /home/runner/work/zh-mobile/zh-mobile/build/android-arm64/CMakeFiles/CMakeScratch/TryCompile-krPszJ/CMakeLists.txt:5 (project)


CMake Deprecation Warning at /opt/hostedtoolcache/ndk/r27c/x64/build/cmake/android-legacy.toolchain.cmake:35 (cmake_minimum_required):
  Compatibility with CMake < 3.10 will be removed from a future version of
  CMake.

  Update the VERSION argument <min> value.  Or, use the <min>...<max> syntax
  to tell CMake that the project requires at least <min> but has been updated
  to work with policies introduced by <max> or earlier.
Call Stack (most recent call first):
  /opt/hostedtoolcache/ndk/r27c/x64/build/cmake/android.toolchain.cmake:55 (include)
  /home/runner/vcpkg/scripts/buildsystems/vcpkg.cmake:210 (include)
  /home/runner/work/zh-mobile/zh-mobile/build/android-arm64/CMakeFiles/3.31.6/CMakeSystem.cmake:6 (include)
  /home/runner/work/zh-mobile/zh-mobile/build/android-arm64/CMakeFiles/CMakeScratch/TryCompile-krPszJ/CMakeLists.txt:5 (project)


CMake Deprecation Warning at /opt/hostedtoolcache/ndk/r27c/x64/build/cmake/flags.cmake:18 (cmake_minimum_required):
  Compatibility with CMake < 3.10 will be removed from a future version of
  CMake.

  Update the VERSION argument <min> value.  Or, use the <min>...<max> syntax
  to tell CMake that the project requires at least <min> but has been updated
  to work with policies introduced by <max> or earlier.
Call Stack (most recent call first):
  /usr/local/share/cmake-3.31/Modules/Platform/Android-Clang.cmake:23 (include)
  /usr/local/share/cmake-3.31/Modules/Platform/Android-Clang-C.cmake:1 (include)
  /usr/local/share/cmake-3.31/Modules/CMakeCInformation.cmake:48 (include)
  /home/runner/work/zh-mobile/zh-mobile/build/android-arm64/CMakeFiles/CMakeScratch/TryCompile-krPszJ/CMakeLists.txt:5 (project)


-- Looking for sqrtf - found
-- Looking for sscanf
CMake Deprecation Warning at /opt/hostedtoolcache/ndk/r27c/x64/build/cmake/android.toolchain.cmake:35 (cmake_minimum_required):
  Compatibility with CMake < 3.10 will be removed from a future version of
  CMake.

  Update the VERSION argument <min> value.  Or, use the <min>...<max> syntax
  to tell CMake that the project requires at least <min> but has been updated
  to work with policies introduced by <max> or earlier.
Call Stack (most recent call first):
  /home/runner/vcpkg/scripts/buildsystems/vcpkg.cmake:210 (include)
  /home/runner/work/zh-mobile/zh-mobile/build/android-arm64/CMakeFiles/3.31.6/CMakeSystem.cmake:6 (include)
  /home/runner/work/zh-mobile/zh-mobile/build/android-arm64/CMakeFiles/CMakeScratch/TryCompile-qQASxG/CMakeLists.txt:5 (project)


CMake Deprecation Warning at /opt/hostedtoolcache/ndk/r27c/x64/build/cmake/android-legacy.toolchain.cmake:35 (cmake_minimum_required):
  Compatibility with CMake < 3.10 will be removed from a future version of
  CMake.

  Update the VERSION argument <min> value.  Or, use the <min>...<max> syntax
  to tell CMake that the project requires at least <min> but has been updated
  to work with policies introduced by <max> or earlier.
Call Stack (most recent call first):
  /opt/hostedtoolcache/ndk/r27c/x64/build/cmake/android.toolchain.cmake:55 (include)
  /home/runner/vcpkg/scripts/buildsystems/vcpkg.cmake:210 (include)
  /home/runner/work/zh-mobile/zh-mobile/build/android-arm64/CMakeFiles/3.31.6/CMakeSystem.cmake:6 (include)
  /home/runner/work/zh-mobile/zh-mobile/build/android-arm64/CMakeFiles/CMakeScratch/TryCompile-qQASxG/CMakeLists.txt:5 (project)


CMake Deprecation Warning at /opt/hostedtoolcache/ndk/r27c/x64/build/cmake/flags.cmake:18 (cmake_minimum_required):
  Compatibility with CMake < 3.10 will be removed from a future version of
  CMake.

  Update the VERSION argument <min> value.  Or, use the <min>...<max> syntax
  to tell CMake that the project requires at least <min> but has been updated
  to work with policies introduced by <max> or earlier.
Call Stack (most recent call first):
  /usr/local/share/cmake-3.31/Modules/Platform/Android-Clang.cmake:23 (include)
  /usr/local/share/cmake-3.31/Modules/Platform/Android-Clang-C.cmake:1 (include)
  /usr/local/share/cmake-3.31/Modules/CMakeCInformation.cmake:48 (include)
  /home/runner/work/zh-mobile/zh-mobile/build/android-arm64/CMakeFiles/CMakeScratch/TryCompile-qQASxG/CMakeLists.txt:5 (project)


-- Looking for sscanf - found
-- Looking for strchr
CMake Deprecation Warning at /opt/hostedtoolcache/ndk/r27c/x64/build/cmake/android.toolchain.cmake:35 (cmake_minimum_required):
  Compatibility with CMake < 3.10 will be removed from a future version of
  CMake.

  Update the VERSION argument <min> value.  Or, use the <min>...<max> syntax
  to tell CMake that the project requires at least <min> but has been updated
  to work with policies introduced by <max> or earlier.
Call Stack (most recent call first):
  /home/runner/vcpkg/scripts/buildsystems/vcpkg.cmake:210 (include)
  /home/runner/work/zh-mobile/zh-mobile/build/android-arm64/CMakeFiles/3.31.6/CMakeSystem.cmake:6 (include)
  /home/runner/work/zh-mobile/zh-mobile/build/android-arm64/CMakeFiles/CMakeScratch/TryCompile-22wVHq/CMakeLists.txt:5 (project)


CMake Deprecation Warning at /opt/hostedtoolcache/ndk/r27c/x64/build/cmake/android-legacy.toolchain.cmake:35 (cmake_minimum_required):
  Compatibility with CMake < 3.10 will be removed from a future version of
  CMake.

  Update the VERSION argument <min> value.  Or, use the <min>...<max> syntax
  to tell CMake that the project requires at least <min> but has been updated
  to work with policies introduced by <max> or earlier.
Call Stack (most recent call first):
  /opt/hostedtoolcache/ndk/r27c/x64/build/cmake/android.toolchain.cmake:55 (include)
  /home/runner/vcpkg/scripts/buildsystems/vcpkg.cmake:210 (include)
  /home/runner/work/zh-mobile/zh-mobile/build/android-arm64/CMakeFiles/3.31.6/CMakeSystem.cmake:6 (include)
  /home/runner/work/zh-mobile/zh-mobile/build/android-arm64/CMakeFiles/CMakeScratch/TryCompile-22wVHq/CMakeLists.txt:5 (project)


CMake Deprecation Warning at /opt/hostedtoolcache/ndk/r27c/x64/build/cmake/flags.cmake:18 (cmake_minimum_required):
  Compatibility with CMake < 3.10 will be removed from a future version of
  CMake.

  Update the VERSION argument <min> value.  Or, use the <min>...<max> syntax
  to tell CMake that the project requires at least <min> but has been updated
  to work with policies introduced by <max> or earlier.
Call Stack (most recent call first):
  /usr/local/share/cmake-3.31/Modules/Platform/Android-Clang.cmake:23 (include)
  /usr/local/share/cmake-3.31/Modules/Platform/Android-Clang-C.cmake:1 (include)
  /usr/local/share/cmake-3.31/Modules/CMakeCInformation.cmake:48 (include)
  /home/runner/work/zh-mobile/zh-mobile/build/android-arm64/CMakeFiles/CMakeScratch/TryCompile-22wVHq/CMakeLists.txt:5 (project)


-- Looking for strchr - found
-- Looking for strcmp
CMake Deprecation Warning at /opt/hostedtoolcache/ndk/r27c/x64/build/cmake/android.toolchain.cmake:35 (cmake_minimum_required):
  Compatibility with CMake < 3.10 will be removed from a future version of
  CMake.

  Update the VERSION argument <min> value.  Or, use the <min>...<max> syntax
  to tell CMake that the project requires at least <min> but has been updated
  to work with policies introduced by <max> or earlier.
Call Stack (most recent call first):
  /home/runner/vcpkg/scripts/buildsystems/vcpkg.cmake:210 (include)
  /home/runner/work/zh-mobile/zh-mobile/build/android-arm64/CMakeFiles/3.31.6/CMakeSystem.cmake:6 (include)
  /home/runner/work/zh-mobile/zh-mobile/build/android-arm64/CMakeFiles/CMakeScratch/TryCompile-oaQJBN/CMakeLists.txt:5 (project)


CMake Deprecation Warning at /opt/hostedtoolcache/ndk/r27c/x64/build/cmake/android-legacy.toolchain.cmake:35 (cmake_minimum_required):
  Compatibility with CMake < 3.10 will be removed from a future version of
  CMake.

  Update the VERSION argument <min> value.  Or, use the <min>...<max> syntax
  to tell CMake that the project requires at least <min> but has been updated
  to work with policies introduced by <max> or earlier.
Call Stack (most recent call first):
  /opt/hostedtoolcache/ndk/r27c/x64/build/cmake/android.toolchain.cmake:55 (include)
  /home/runner/vcpkg/scripts/buildsystems/vcpkg.cmake:210 (include)
  /home/runner/work/zh-mobile/zh-mobile/build/android-arm64/CMakeFiles/3.31.6/CMakeSystem.cmake:6 (include)
  /home/runner/work/zh-mobile/zh-mobile/build/android-arm64/CMakeFiles/CMakeScratch/TryCompile-oaQJBN/CMakeLists.txt:5 (project)


CMake Deprecation Warning at /opt/hostedtoolcache/ndk/r27c/x64/build/cmake/flags.cmake:18 (cmake_minimum_required):
  Compatibility with CMake < 3.10 will be removed from a future version of
  CMake.

  Update the VERSION argument <min> value.  Or, use the <min>...<max> syntax
  to tell CMake that the project requires at least <min> but has been updated
  to work with policies introduced by <max> or earlier.
Call Stack (most recent call first):
  /usr/local/share/cmake-3.31/Modules/Platform/Android-Clang.cmake:23 (include)
  /usr/local/share/cmake-3.31/Modules/Platform/Android-Clang-C.cmake:1 (include)
  /usr/local/share/cmake-3.31/Modules/CMakeCInformation.cmake:48 (include)
  /home/runner/work/zh-mobile/zh-mobile/build/android-arm64/CMakeFiles/CMakeScratch/TryCompile-oaQJBN/CMakeLists.txt:5 (project)


-- Looking for strcmp - found
-- Looking for strlcat
CMake Deprecation Warning at /opt/hostedtoolcache/ndk/r27c/x64/build/cmake/android.toolchain.cmake:35 (cmake_minimum_required):
  Compatibility with CMake < 3.10 will be removed from a future version of
  CMake.

  Update the VERSION argument <min> value.  Or, use the <min>...<max> syntax
  to tell CMake that the project requires at least <min> but has been updated
  to work with policies introduced by <max> or earlier.
Call Stack (most recent call first):
  /home/runner/vcpkg/scripts/buildsystems/vcpkg.cmake:210 (include)
  /home/runner/work/zh-mobile/zh-mobile/build/android-arm64/CMakeFiles/3.31.6/CMakeSystem.cmake:6 (include)
  /home/runner/work/zh-mobile/zh-mobile/build/android-arm64/CMakeFiles/CMakeScratch/TryCompile-HoqDAH/CMakeLists.txt:5 (project)


CMake Deprecation Warning at /opt/hostedtoolcache/ndk/r27c/x64/build/cmake/android-legacy.toolchain.cmake:35 (cmake_minimum_required):
  Compatibility with CMake < 3.10 will be removed from a future version of
  CMake.

  Update the VERSION argument <min> value.  Or, use the <min>...<max> syntax
  to tell CMake that the project requires at least <min> but has been updated
  to work with policies introduced by <max> or earlier.
Call Stack (most recent call first):
  /opt/hostedtoolcache/ndk/r27c/x64/build/cmake/android.toolchain.cmake:55 (include)
  /home/runner/vcpkg/scripts/buildsystems/vcpkg.cmake:210 (include)
  /home/runner/work/zh-mobile/zh-mobile/build/android-arm64/CMakeFiles/3.31.6/CMakeSystem.cmake:6 (include)
  /home/runner/work/zh-mobile/zh-mobile/build/android-arm64/CMakeFiles/CMakeScratch/TryCompile-HoqDAH/CMakeLists.txt:5 (project)


CMake Deprecation Warning at /opt/hostedtoolcache/ndk/r27c/x64/build/cmake/flags.cmake:18 (cmake_minimum_required):
  Compatibility with CMake < 3.10 will be removed from a future version of
  CMake.

  Update the VERSION argument <min> value.  Or, use the <min>...<max> syntax
  to tell CMake that the project requires at least <min> but has been updated
  to work with policies introduced by <max> or earlier.
Call Stack (most recent call first):
  /usr/local/share/cmake-3.31/Modules/Platform/Android-Clang.cmake:23 (include)
  /usr/local/share/cmake-3.31/Modules/Platform/Android-Clang-C.cmake:1 (include)
  /usr/local/share/cmake-3.31/Modules/CMakeCInformation.cmake:48 (include)
  /home/runner/work/zh-mobile/zh-mobile/build/android-arm64/CMakeFiles/CMakeScratch/TryCompile-HoqDAH/CMakeLists.txt:5 (project)


-- Looking for strlcat - found
-- Looking for strlcpy
CMake Deprecation Warning at /opt/hostedtoolcache/ndk/r27c/x64/build/cmake/android.toolchain.cmake:35 (cmake_minimum_required):
  Compatibility with CMake < 3.10 will be removed from a future version of
  CMake.

  Update the VERSION argument <min> value.  Or, use the <min>...<max> syntax
  to tell CMake that the project requires at least <min> but has been updated
  to work with policies introduced by <max> or earlier.
Call Stack (most recent call first):
  /home/runner/vcpkg/scripts/buildsystems/vcpkg.cmake:210 (include)
  /home/runner/work/zh-mobile/zh-mobile/build/android-arm64/CMakeFiles/3.31.6/CMakeSystem.cmake:6 (include)
  /home/runner/work/zh-mobile/zh-mobile/build/android-arm64/CMakeFiles/CMakeScratch/TryCompile-1SliIE/CMakeLists.txt:5 (project)


CMake Deprecation Warning at /opt/hostedtoolcache/ndk/r27c/x64/build/cmake/android-legacy.toolchain.cmake:35 (cmake_minimum_required):
  Compatibility with CMake < 3.10 will be removed from a future version of
  CMake.

  Update the VERSION argument <min> value.  Or, use the <min>...<max> syntax
  to tell CMake that the project requires at least <min> but has been updated
  to work with policies introduced by <max> or earlier.
Call Stack (most recent call first):
  /opt/hostedtoolcache/ndk/r27c/x64/build/cmake/android.toolchain.cmake:55 (include)
  /home/runner/vcpkg/scripts/buildsystems/vcpkg.cmake:210 (include)
  /home/runner/work/zh-mobile/zh-mobile/build/android-arm64/CMakeFiles/3.31.6/CMakeSystem.cmake:6 (include)
  /home/runner/work/zh-mobile/zh-mobile/build/android-arm64/CMakeFiles/CMakeScratch/TryCompile-1SliIE/CMakeLists.txt:5 (project)


CMake Deprecation Warning at /opt/hostedtoolcache/ndk/r27c/x64/build/cmake/flags.cmake:18 (cmake_minimum_required):
  Compatibility with CMake < 3.10 will be removed from a future version of
  CMake.

  Update the VERSION argument <min> value.  Or, use the <min>...<max> syntax
  to tell CMake that the project requires at least <min> but has been updated
  to work with policies introduced by <max> or earlier.
Call Stack (most recent call first):
  /usr/local/share/cmake-3.31/Modules/Platform/Android-Clang.cmake:23 (include)
  /usr/local/share/cmake-3.31/Modules/Platform/Android-Clang-C.cmake:1 (include)
  /usr/local/share/cmake-3.31/Modules/CMakeCInformation.cmake:48 (include)
  /home/runner/work/zh-mobile/zh-mobile/build/android-arm64/CMakeFiles/CMakeScratch/TryCompile-1SliIE/CMakeLists.txt:5 (project)


-- Looking for strlcpy - found
-- Looking for strlen
CMake Deprecation Warning at /opt/hostedtoolcache/ndk/r27c/x64/build/cmake/android.toolchain.cmake:35 (cmake_minimum_required):
  Compatibility with CMake < 3.10 will be removed from a future version of
  CMake.

  Update the VERSION argument <min> value.  Or, use the <min>...<max> syntax
  to tell CMake that the project requires at least <min> but has been updated
  to work with policies introduced by <max> or earlier.
Call Stack (most recent call first):
  /home/runner/vcpkg/scripts/buildsystems/vcpkg.cmake:210 (include)
  /home/runner/work/zh-mobile/zh-mobile/build/android-arm64/CMakeFiles/3.31.6/CMakeSystem.cmake:6 (include)
  /home/runner/work/zh-mobile/zh-mobile/build/android-arm64/CMakeFiles/CMakeScratch/TryCompile-Y57G1h/CMakeLists.txt:5 (project)


CMake Deprecation Warning at /opt/hostedtoolcache/ndk/r27c/x64/build/cmake/android-legacy.toolchain.cmake:35 (cmake_minimum_required):
  Compatibility with CMake < 3.10 will be removed from a future version of
  CMake.

  Update the VERSION argument <min> value.  Or, use the <min>...<max> syntax
  to tell CMake that the project requires at least <min> but has been updated
  to work with policies introduced by <max> or earlier.
Call Stack (most recent call first):
  /opt/hostedtoolcache/ndk/r27c/x64/build/cmake/android.toolchain.cmake:55 (include)
  /home/runner/vcpkg/scripts/buildsystems/vcpkg.cmake:210 (include)
  /home/runner/work/zh-mobile/zh-mobile/build/android-arm64/CMakeFiles/3.31.6/CMakeSystem.cmake:6 (include)
  /home/runner/work/zh-mobile/zh-mobile/build/android-arm64/CMakeFiles/CMakeScratch/TryCompile-Y57G1h/CMakeLists.txt:5 (project)


CMake Deprecation Warning at /opt/hostedtoolcache/ndk/r27c/x64/build/cmake/flags.cmake:18 (cmake_minimum_required):
  Compatibility with CMake < 3.10 will be removed from a future version of
  CMake.

  Update the VERSION argument <min> value.  Or, use the <min>...<max> syntax
  to tell CMake that the project requires at least <min> but has been updated
  to work with policies introduced by <max> or earlier.
Call Stack (most recent call first):
  /usr/local/share/cmake-3.31/Modules/Platform/Android-Clang.cmake:23 (include)
  /usr/local/share/cmake-3.31/Modules/Platform/Android-Clang-C.cmake:1 (include)
  /usr/local/share/cmake-3.31/Modules/CMakeCInformation.cmake:48 (include)
  /home/runner/work/zh-mobile/zh-mobile/build/android-arm64/CMakeFiles/CMakeScratch/TryCompile-Y57G1h/CMakeLists.txt:5 (project)


-- Looking for strlen - found
-- Looking for strncmp
CMake Deprecation Warning at /opt/hostedtoolcache/ndk/r27c/x64/build/cmake/android.toolchain.cmake:35 (cmake_minimum_required):
  Compatibility with CMake < 3.10 will be removed from a future version of
  CMake.

  Update the VERSION argument <min> value.  Or, use the <min>...<max> syntax
  to tell CMake that the project requires at least <min> but has been updated
  to work with policies introduced by <max> or earlier.
Call Stack (most recent call first):
  /home/runner/vcpkg/scripts/buildsystems/vcpkg.cmake:210 (include)
  /home/runner/work/zh-mobile/zh-mobile/build/android-arm64/CMakeFiles/3.31.6/CMakeSystem.cmake:6 (include)
  /home/runner/work/zh-mobile/zh-mobile/build/android-arm64/CMakeFiles/CMakeScratch/TryCompile-i3XY3y/CMakeLists.txt:5 (project)


CMake Deprecation Warning at /opt/hostedtoolcache/ndk/r27c/x64/build/cmake/android-legacy.toolchain.cmake:35 (cmake_minimum_required):
  Compatibility with CMake < 3.10 will be removed from a future version of
  CMake.

  Update the VERSION argument <min> value.  Or, use the <min>...<max> syntax
  to tell CMake that the project requires at least <min> but has been updated
  to work with policies introduced by <max> or earlier.
Call Stack (most recent call first):
  /opt/hostedtoolcache/ndk/r27c/x64/build/cmake/android.toolchain.cmake:55 (include)
  /home/runner/vcpkg/scripts/buildsystems/vcpkg.cmake:210 (include)
  /home/runner/work/zh-mobile/zh-mobile/build/android-arm64/CMakeFiles/3.31.6/CMakeSystem.cmake:6 (include)
  /home/runner/work/zh-mobile/zh-mobile/build/android-arm64/CMakeFiles/CMakeScratch/TryCompile-i3XY3y/CMakeLists.txt:5 (project)


CMake Deprecation Warning at /opt/hostedtoolcache/ndk/r27c/x64/build/cmake/flags.cmake:18 (cmake_minimum_required):
  Compatibility with CMake < 3.10 will be removed from a future version of
  CMake.

  Update the VERSION argument <min> value.  Or, use the <min>...<max> syntax
  to tell CMake that the project requires at least <min> but has been updated
  to work with policies introduced by <max> or earlier.
Call Stack (most recent call first):
  /usr/local/share/cmake-3.31/Modules/Platform/Android-Clang.cmake:23 (include)
  /usr/local/share/cmake-3.31/Modules/Platform/Android-Clang-C.cmake:1 (include)
  /usr/local/share/cmake-3.31/Modules/CMakeCInformation.cmake:48 (include)
  /home/runner/work/zh-mobile/zh-mobile/build/android-arm64/CMakeFiles/CMakeScratch/TryCompile-i3XY3y/CMakeLists.txt:5 (project)


-- Looking for strncmp - found
-- Looking for strnlen
CMake Deprecation Warning at /opt/hostedtoolcache/ndk/r27c/x64/build/cmake/android.toolchain.cmake:35 (cmake_minimum_required):
  Compatibility with CMake < 3.10 will be removed from a future version of
  CMake.

  Update the VERSION argument <min> value.  Or, use the <min>...<max> syntax
  to tell CMake that the project requires at least <min> but has been updated
  to work with policies introduced by <max> or earlier.
Call Stack (most recent call first):
  /home/runner/vcpkg/scripts/buildsystems/vcpkg.cmake:210 (include)
  /home/runner/work/zh-mobile/zh-mobile/build/android-arm64/CMakeFiles/3.31.6/CMakeSystem.cmake:6 (include)
  /home/runner/work/zh-mobile/zh-mobile/build/android-arm64/CMakeFiles/CMakeScratch/TryCompile-qofVBD/CMakeLists.txt:5 (project)


CMake Deprecation Warning at /opt/hostedtoolcache/ndk/r27c/x64/build/cmake/android-legacy.toolchain.cmake:35 (cmake_minimum_required):
  Compatibility with CMake < 3.10 will be removed from a future version of
  CMake.

  Update the VERSION argument <min> value.  Or, use the <min>...<max> syntax
  to tell CMake that the project requires at least <min> but has been updated
  to work with policies introduced by <max> or earlier.
Call Stack (most recent call first):
  /opt/hostedtoolcache/ndk/r27c/x64/build/cmake/android.toolchain.cmake:55 (include)
  /home/runner/vcpkg/scripts/buildsystems/vcpkg.cmake:210 (include)
  /home/runner/work/zh-mobile/zh-mobile/build/android-arm64/CMakeFiles/3.31.6/CMakeSystem.cmake:6 (include)
  /home/runner/work/zh-mobile/zh-mobile/build/android-arm64/CMakeFiles/CMakeScratch/TryCompile-qofVBD/CMakeLists.txt:5 (project)


CMake Deprecation Warning at /opt/hostedtoolcache/ndk/r27c/x64/build/cmake/flags.cmake:18 (cmake_minimum_required):
  Compatibility with CMake < 3.10 will be removed from a future version of
  CMake.

  Update the VERSION argument <min> value.  Or, use the <min>...<max> syntax
  to tell CMake that the project requires at least <min> but has been updated
  to work with policies introduced by <max> or earlier.
Call Stack (most recent call first):
  /usr/local/share/cmake-3.31/Modules/Platform/Android-Clang.cmake:23 (include)
  /usr/local/share/cmake-3.31/Modules/Platform/Android-Clang-C.cmake:1 (include)
  /usr/local/share/cmake-3.31/Modules/CMakeCInformation.cmake:48 (include)
  /home/runner/work/zh-mobile/zh-mobile/build/android-arm64/CMakeFiles/CMakeScratch/TryCompile-qofVBD/CMakeLists.txt:5 (project)


-- Looking for strnlen - found
-- Looking for strpbrk
CMake Deprecation Warning at /opt/hostedtoolcache/ndk/r27c/x64/build/cmake/android.toolchain.cmake:35 (cmake_minimum_required):
  Compatibility with CMake < 3.10 will be removed from a future version of
  CMake.

  Update the VERSION argument <min> value.  Or, use the <min>...<max> syntax
  to tell CMake that the project requires at least <min> but has been updated
  to work with policies introduced by <max> or earlier.
Call Stack (most recent call first):
  /home/runner/vcpkg/scripts/buildsystems/vcpkg.cmake:210 (include)
  /home/runner/work/zh-mobile/zh-mobile/build/android-arm64/CMakeFiles/3.31.6/CMakeSystem.cmake:6 (include)
  /home/runner/work/zh-mobile/zh-mobile/build/android-arm64/CMakeFiles/CMakeScratch/TryCompile-2fSn5k/CMakeLists.txt:5 (project)


CMake Deprecation Warning at /opt/hostedtoolcache/ndk/r27c/x64/build/cmake/android-legacy.toolchain.cmake:35 (cmake_minimum_required):
  Compatibility with CMake < 3.10 will be removed from a future version of
  CMake.

  Update the VERSION argument <min> value.  Or, use the <min>...<max> syntax
  to tell CMake that the project requires at least <min> but has been updated
  to work with policies introduced by <max> or earlier.
Call Stack (most recent call first):
  /opt/hostedtoolcache/ndk/r27c/x64/build/cmake/android.toolchain.cmake:55 (include)
  /home/runner/vcpkg/scripts/buildsystems/vcpkg.cmake:210 (include)
  /home/runner/work/zh-mobile/zh-mobile/build/android-arm64/CMakeFiles/3.31.6/CMakeSystem.cmake:6 (include)
  /home/runner/work/zh-mobile/zh-mobile/build/android-arm64/CMakeFiles/CMakeScratch/TryCompile-2fSn5k/CMakeLists.txt:5 (project)


CMake Deprecation Warning at /opt/hostedtoolcache/ndk/r27c/x64/build/cmake/flags.cmake:18 (cmake_minimum_required):
  Compatibility with CMake < 3.10 will be removed from a future version of
  CMake.

  Update the VERSION argument <min> value.  Or, use the <min>...<max> syntax
  to tell CMake that the project requires at least <min> but has been updated
  to work with policies introduced by <max> or earlier.
Call Stack (most recent call first):
  /usr/local/share/cmake-3.31/Modules/Platform/Android-Clang.cmake:23 (include)
  /usr/local/share/cmake-3.31/Modules/Platform/Android-Clang-C.cmake:1 (include)
  /usr/local/share/cmake-3.31/Modules/CMakeCInformation.cmake:48 (include)
  /home/runner/work/zh-mobile/zh-mobile/build/android-arm64/CMakeFiles/CMakeScratch/TryCompile-2fSn5k/CMakeLists.txt:5 (project)


-- Looking for strpbrk - found
-- Looking for strrchr
CMake Deprecation Warning at /opt/hostedtoolcache/ndk/r27c/x64/build/cmake/android.toolchain.cmake:35 (cmake_minimum_required):
  Compatibility with CMake < 3.10 will be removed from a future version of
  CMake.

  Update the VERSION argument <min> value.  Or, use the <min>...<max> syntax
  to tell CMake that the project requires at least <min> but has been updated
  to work with policies introduced by <max> or earlier.
Call Stack (most recent call first):
  /home/runner/vcpkg/scripts/buildsystems/vcpkg.cmake:210 (include)
  /home/runner/work/zh-mobile/zh-mobile/build/android-arm64/CMakeFiles/3.31.6/CMakeSystem.cmake:6 (include)
  /home/runner/work/zh-mobile/zh-mobile/build/android-arm64/CMakeFiles/CMakeScratch/TryCompile-vBeV8Y/CMakeLists.txt:5 (project)


CMake Deprecation Warning at /opt/hostedtoolcache/ndk/r27c/x64/build/cmake/android-legacy.toolchain.cmake:35 (cmake_minimum_required):
  Compatibility with CMake < 3.10 will be removed from a future version of
  CMake.

  Update the VERSION argument <min> value.  Or, use the <min>...<max> syntax
  to tell CMake that the project requires at least <min> but has been updated
  to work with policies introduced by <max> or earlier.
Call Stack (most recent call first):
  /opt/hostedtoolcache/ndk/r27c/x64/build/cmake/android.toolchain.cmake:55 (include)
  /home/runner/vcpkg/scripts/buildsystems/vcpkg.cmake:210 (include)
  /home/runner/work/zh-mobile/zh-mobile/build/android-arm64/CMakeFiles/3.31.6/CMakeSystem.cmake:6 (include)
  /home/runner/work/zh-mobile/zh-mobile/build/android-arm64/CMakeFiles/CMakeScratch/TryCompile-vBeV8Y/CMakeLists.txt:5 (project)


CMake Deprecation Warning at /opt/hostedtoolcache/ndk/r27c/x64/build/cmake/flags.cmake:18 (cmake_minimum_required):
  Compatibility with CMake < 3.10 will be removed from a future version of
  CMake.

  Update the VERSION argument <min> value.  Or, use the <min>...<max> syntax
  to tell CMake that the project requires at least <min> but has been updated
  to work with policies introduced by <max> or earlier.
Call Stack (most recent call first):
  /usr/local/share/cmake-3.31/Modules/Platform/Android-Clang.cmake:23 (include)
  /usr/local/share/cmake-3.31/Modules/Platform/Android-Clang-C.cmake:1 (include)
  /usr/local/share/cmake-3.31/Modules/CMakeCInformation.cmake:48 (include)
  /home/runner/work/zh-mobile/zh-mobile/build/android-arm64/CMakeFiles/CMakeScratch/TryCompile-vBeV8Y/CMakeLists.txt:5 (project)


-- Looking for strrchr - found
-- Looking for strstr
CMake Deprecation Warning at /opt/hostedtoolcache/ndk/r27c/x64/build/cmake/android.toolchain.cmake:35 (cmake_minimum_required):
  Compatibility with CMake < 3.10 will be removed from a future version of
  CMake.

  Update the VERSION argument <min> value.  Or, use the <min>...<max> syntax
  to tell CMake that the project requires at least <min> but has been updated
  to work with policies introduced by <max> or earlier.
Call Stack (most recent call first):
  /home/runner/vcpkg/scripts/buildsystems/vcpkg.cmake:210 (include)
  /home/runner/work/zh-mobile/zh-mobile/build/android-arm64/CMakeFiles/3.31.6/CMakeSystem.cmake:6 (include)
  /home/runner/work/zh-mobile/zh-mobile/build/android-arm64/CMakeFiles/CMakeScratch/TryCompile-Xeu2nU/CMakeLists.txt:5 (project)


CMake Deprecation Warning at /opt/hostedtoolcache/ndk/r27c/x64/build/cmake/android-legacy.toolchain.cmake:35 (cmake_minimum_required):
  Compatibility with CMake < 3.10 will be removed from a future version of
  CMake.

  Update the VERSION argument <min> value.  Or, use the <min>...<max> syntax
  to tell CMake that the project requires at least <min> but has been updated
  to work with policies introduced by <max> or earlier.
Call Stack (most recent call first):
  /opt/hostedtoolcache/ndk/r27c/x64/build/cmake/android.toolchain.cmake:55 (include)
  /home/runner/vcpkg/scripts/buildsystems/vcpkg.cmake:210 (include)
  /home/runner/work/zh-mobile/zh-mobile/build/android-arm64/CMakeFiles/3.31.6/CMakeSystem.cmake:6 (include)
  /home/runner/work/zh-mobile/zh-mobile/build/android-arm64/CMakeFiles/CMakeScratch/TryCompile-Xeu2nU/CMakeLists.txt:5 (project)


CMake Deprecation Warning at /opt/hostedtoolcache/ndk/r27c/x64/build/cmake/flags.cmake:18 (cmake_minimum_required):
  Compatibility with CMake < 3.10 will be removed from a future version of
  CMake.

  Update the VERSION argument <min> value.  Or, use the <min>...<max> syntax
  to tell CMake that the project requires at least <min> but has been updated
  to work with policies introduced by <max> or earlier.
Call Stack (most recent call first):
  /usr/local/share/cmake-3.31/Modules/Platform/Android-Clang.cmake:23 (include)
  /usr/local/share/cmake-3.31/Modules/Platform/Android-Clang-C.cmake:1 (include)
  /usr/local/share/cmake-3.31/Modules/CMakeCInformation.cmake:48 (include)
  /home/runner/work/zh-mobile/zh-mobile/build/android-arm64/CMakeFiles/CMakeScratch/TryCompile-Xeu2nU/CMakeLists.txt:5 (project)


-- Looking for strstr - found
-- Looking for strnstr
CMake Deprecation Warning at /opt/hostedtoolcache/ndk/r27c/x64/build/cmake/android.toolchain.cmake:35 (cmake_minimum_required):
  Compatibility with CMake < 3.10 will be removed from a future version of
  CMake.

  Update the VERSION argument <min> value.  Or, use the <min>...<max> syntax
  to tell CMake that the project requires at least <min> but has been updated
  to work with policies introduced by <max> or earlier.
Call Stack (most recent call first):
  /home/runner/vcpkg/scripts/buildsystems/vcpkg.cmake:210 (include)
  /home/runner/work/zh-mobile/zh-mobile/build/android-arm64/CMakeFiles/3.31.6/CMakeSystem.cmake:6 (include)
  /home/runner/work/zh-mobile/zh-mobile/build/android-arm64/CMakeFiles/CMakeScratch/TryCompile-Wpgfgl/CMakeLists.txt:5 (project)


CMake Deprecation Warning at /opt/hostedtoolcache/ndk/r27c/x64/build/cmake/android-legacy.toolchain.cmake:35 (cmake_minimum_required):
  Compatibility with CMake < 3.10 will be removed from a future version of
  CMake.

  Update the VERSION argument <min> value.  Or, use the <min>...<max> syntax
  to tell CMake that the project requires at least <min> but has been updated
  to work with policies introduced by <max> or earlier.
Call Stack (most recent call first):
  /opt/hostedtoolcache/ndk/r27c/x64/build/cmake/android.toolchain.cmake:55 (include)
  /home/runner/vcpkg/scripts/buildsystems/vcpkg.cmake:210 (include)
  /home/runner/work/zh-mobile/zh-mobile/build/android-arm64/CMakeFiles/3.31.6/CMakeSystem.cmake:6 (include)
  /home/runner/work/zh-mobile/zh-mobile/build/android-arm64/CMakeFiles/CMakeScratch/TryCompile-Wpgfgl/CMakeLists.txt:5 (project)


CMake Deprecation Warning at /opt/hostedtoolcache/ndk/r27c/x64/build/cmake/flags.cmake:18 (cmake_minimum_required):
  Compatibility with CMake < 3.10 will be removed from a future version of
  CMake.

  Update the VERSION argument <min> value.  Or, use the <min>...<max> syntax
  to tell CMake that the project requires at least <min> but has been updated
  to work with policies introduced by <max> or earlier.
Call Stack (most recent call first):
  /usr/local/share/cmake-3.31/Modules/Platform/Android-Clang.cmake:23 (include)
  /usr/local/share/cmake-3.31/Modules/Platform/Android-Clang-C.cmake:1 (include)
  /usr/local/share/cmake-3.31/Modules/CMakeCInformation.cmake:48 (include)
  /home/runner/work/zh-mobile/zh-mobile/build/android-arm64/CMakeFiles/CMakeScratch/TryCompile-Wpgfgl/CMakeLists.txt:5 (project)


-- Looking for strnstr - not found
-- Looking for strtod
CMake Deprecation Warning at /opt/hostedtoolcache/ndk/r27c/x64/build/cmake/android.toolchain.cmake:35 (cmake_minimum_required):
  Compatibility with CMake < 3.10 will be removed from a future version of
  CMake.

  Update the VERSION argument <min> value.  Or, use the <min>...<max> syntax
  to tell CMake that the project requires at least <min> but has been updated
  to work with policies introduced by <max> or earlier.
Call Stack (most recent call first):
  /home/runner/vcpkg/scripts/buildsystems/vcpkg.cmake:210 (include)
  /home/runner/work/zh-mobile/zh-mobile/build/android-arm64/CMakeFiles/3.31.6/CMakeSystem.cmake:6 (include)
  /home/runner/work/zh-mobile/zh-mobile/build/android-arm64/CMakeFiles/CMakeScratch/TryCompile-BcLZoT/CMakeLists.txt:5 (project)


CMake Deprecation Warning at /opt/hostedtoolcache/ndk/r27c/x64/build/cmake/android-legacy.toolchain.cmake:35 (cmake_minimum_required):
  Compatibility with CMake < 3.10 will be removed from a future version of
  CMake.

  Update the VERSION argument <min> value.  Or, use the <min>...<max> syntax
  to tell CMake that the project requires at least <min> but has been updated
  to work with policies introduced by <max> or earlier.
Call Stack (most recent call first):
  /opt/hostedtoolcache/ndk/r27c/x64/build/cmake/android.toolchain.cmake:55 (include)
  /home/runner/vcpkg/scripts/buildsystems/vcpkg.cmake:210 (include)
  /home/runner/work/zh-mobile/zh-mobile/build/android-arm64/CMakeFiles/3.31.6/CMakeSystem.cmake:6 (include)
  /home/runner/work/zh-mobile/zh-mobile/build/android-arm64/CMakeFiles/CMakeScratch/TryCompile-BcLZoT/CMakeLists.txt:5 (project)


CMake Deprecation Warning at /opt/hostedtoolcache/ndk/r27c/x64/build/cmake/flags.cmake:18 (cmake_minimum_required):
  Compatibility with CMake < 3.10 will be removed from a future version of
  CMake.

  Update the VERSION argument <min> value.  Or, use the <min>...<max> syntax
  to tell CMake that the project requires at least <min> but has been updated
  to work with policies introduced by <max> or earlier.
Call Stack (most recent call first):
  /usr/local/share/cmake-3.31/Modules/Platform/Android-Clang.cmake:23 (include)
  /usr/local/share/cmake-3.31/Modules/Platform/Android-Clang-C.cmake:1 (include)
  /usr/local/share/cmake-3.31/Modules/CMakeCInformation.cmake:48 (include)
  /home/runner/work/zh-mobile/zh-mobile/build/android-arm64/CMakeFiles/CMakeScratch/TryCompile-BcLZoT/CMakeLists.txt:5 (project)


-- Looking for strtod - found
-- Looking for strtok_r
CMake Deprecation Warning at /opt/hostedtoolcache/ndk/r27c/x64/build/cmake/android.toolchain.cmake:35 (cmake_minimum_required):
  Compatibility with CMake < 3.10 will be removed from a future version of
  CMake.

  Update the VERSION argument <min> value.  Or, use the <min>...<max> syntax
  to tell CMake that the project requires at least <min> but has been updated
  to work with policies introduced by <max> or earlier.
Call Stack (most recent call first):
  /home/runner/vcpkg/scripts/buildsystems/vcpkg.cmake:210 (include)
  /home/runner/work/zh-mobile/zh-mobile/build/android-arm64/CMakeFiles/3.31.6/CMakeSystem.cmake:6 (include)
  /home/runner/work/zh-mobile/zh-mobile/build/android-arm64/CMakeFiles/CMakeScratch/TryCompile-obtTwF/CMakeLists.txt:5 (project)


CMake Deprecation Warning at /opt/hostedtoolcache/ndk/r27c/x64/build/cmake/android-legacy.toolchain.cmake:35 (cmake_minimum_required):
  Compatibility with CMake < 3.10 will be removed from a future version of
  CMake.

  Update the VERSION argument <min> value.  Or, use the <min>...<max> syntax
  to tell CMake that the project requires at least <min> but has been updated
  to work with policies introduced by <max> or earlier.
Call Stack (most recent call first):
  /opt/hostedtoolcache/ndk/r27c/x64/build/cmake/android.toolchain.cmake:55 (include)
  /home/runner/vcpkg/scripts/buildsystems/vcpkg.cmake:210 (include)
  /home/runner/work/zh-mobile/zh-mobile/build/android-arm64/CMakeFiles/3.31.6/CMakeSystem.cmake:6 (include)
  /home/runner/work/zh-mobile/zh-mobile/build/android-arm64/CMakeFiles/CMakeScratch/TryCompile-obtTwF/CMakeLists.txt:5 (project)


CMake Deprecation Warning at /opt/hostedtoolcache/ndk/r27c/x64/build/cmake/flags.cmake:18 (cmake_minimum_required):
  Compatibility with CMake < 3.10 will be removed from a future version of
  CMake.

  Update the VERSION argument <min> value.  Or, use the <min>...<max> syntax
  to tell CMake that the project requires at least <min> but has been updated
  to work with policies introduced by <max> or earlier.
Call Stack (most recent call first):
  /usr/local/share/cmake-3.31/Modules/Platform/Android-Clang.cmake:23 (include)
  /usr/local/share/cmake-3.31/Modules/Platform/Android-Clang-C.cmake:1 (include)
  /usr/local/share/cmake-3.31/Modules/CMakeCInformation.cmake:48 (include)
  /home/runner/work/zh-mobile/zh-mobile/build/android-arm64/CMakeFiles/CMakeScratch/TryCompile-obtTwF/CMakeLists.txt:5 (project)


-- Looking for strtok_r - found
-- Looking for strtol
CMake Deprecation Warning at /opt/hostedtoolcache/ndk/r27c/x64/build/cmake/android.toolchain.cmake:35 (cmake_minimum_required):
  Compatibility with CMake < 3.10 will be removed from a future version of
  CMake.

  Update the VERSION argument <min> value.  Or, use the <min>...<max> syntax
  to tell CMake that the project requires at least <min> but has been updated
  to work with policies introduced by <max> or earlier.
Call Stack (most recent call first):
  /home/runner/vcpkg/scripts/buildsystems/vcpkg.cmake:210 (include)
  /home/runner/work/zh-mobile/zh-mobile/build/android-arm64/CMakeFiles/3.31.6/CMakeSystem.cmake:6 (include)
  /home/runner/work/zh-mobile/zh-mobile/build/android-arm64/CMakeFiles/CMakeScratch/TryCompile-I24cdE/CMakeLists.txt:5 (project)


CMake Deprecation Warning at /opt/hostedtoolcache/ndk/r27c/x64/build/cmake/android-legacy.toolchain.cmake:35 (cmake_minimum_required):
  Compatibility with CMake < 3.10 will be removed from a future version of
  CMake.

  Update the VERSION argument <min> value.  Or, use the <min>...<max> syntax
  to tell CMake that the project requires at least <min> but has been updated
  to work with policies introduced by <max> or earlier.
Call Stack (most recent call first):
  /opt/hostedtoolcache/ndk/r27c/x64/build/cmake/android.toolchain.cmake:55 (include)
  /home/runner/vcpkg/scripts/buildsystems/vcpkg.cmake:210 (include)
  /home/runner/work/zh-mobile/zh-mobile/build/android-arm64/CMakeFiles/3.31.6/CMakeSystem.cmake:6 (include)
  /home/runner/work/zh-mobile/zh-mobile/build/android-arm64/CMakeFiles/CMakeScratch/TryCompile-I24cdE/CMakeLists.txt:5 (project)


CMake Deprecation Warning at /opt/hostedtoolcache/ndk/r27c/x64/build/cmake/flags.cmake:18 (cmake_minimum_required):
  Compatibility with CMake < 3.10 will be removed from a future version of
  CMake.

  Update the VERSION argument <min> value.  Or, use the <min>...<max> syntax
  to tell CMake that the project requires at least <min> but has been updated
  to work with policies introduced by <max> or earlier.
Call Stack (most recent call first):
  /usr/local/share/cmake-3.31/Modules/Platform/Android-Clang.cmake:23 (include)
  /usr/local/share/cmake-3.31/Modules/Platform/Android-Clang-C.cmake:1 (include)
  /usr/local/share/cmake-3.31/Modules/CMakeCInformation.cmake:48 (include)
  /home/runner/work/zh-mobile/zh-mobile/build/android-arm64/CMakeFiles/CMakeScratch/TryCompile-I24cdE/CMakeLists.txt:5 (project)


-- Looking for strtol - found
-- Looking for strtoll
CMake Deprecation Warning at /opt/hostedtoolcache/ndk/r27c/x64/build/cmake/android.toolchain.cmake:35 (cmake_minimum_required):
  Compatibility with CMake < 3.10 will be removed from a future version of
  CMake.

  Update the VERSION argument <min> value.  Or, use the <min>...<max> syntax
  to tell CMake that the project requires at least <min> but has been updated
  to work with policies introduced by <max> or earlier.
Call Stack (most recent call first):
  /home/runner/vcpkg/scripts/buildsystems/vcpkg.cmake:210 (include)
  /home/runner/work/zh-mobile/zh-mobile/build/android-arm64/CMakeFiles/3.31.6/CMakeSystem.cmake:6 (include)
  /home/runner/work/zh-mobile/zh-mobile/build/android-arm64/CMakeFiles/CMakeScratch/TryCompile-3zKeyh/CMakeLists.txt:5 (project)


CMake Deprecation Warning at /opt/hostedtoolcache/ndk/r27c/x64/build/cmake/android-legacy.toolchain.cmake:35 (cmake_minimum_required):
  Compatibility with CMake < 3.10 will be removed from a future version of
  CMake.

  Update the VERSION argument <min> value.  Or, use the <min>...<max> syntax
  to tell CMake that the project requires at least <min> but has been updated
  to work with policies introduced by <max> or earlier.
Call Stack (most recent call first):
  /opt/hostedtoolcache/ndk/r27c/x64/build/cmake/android.toolchain.cmake:55 (include)
  /home/runner/vcpkg/scripts/buildsystems/vcpkg.cmake:210 (include)
  /home/runner/work/zh-mobile/zh-mobile/build/android-arm64/CMakeFiles/3.31.6/CMakeSystem.cmake:6 (include)
  /home/runner/work/zh-mobile/zh-mobile/build/android-arm64/CMakeFiles/CMakeScratch/TryCompile-3zKeyh/CMakeLists.txt:5 (project)


CMake Deprecation Warning at /opt/hostedtoolcache/ndk/r27c/x64/build/cmake/flags.cmake:18 (cmake_minimum_required):
  Compatibility with CMake < 3.10 will be removed from a future version of
  CMake.

  Update the VERSION argument <min> value.  Or, use the <min>...<max> syntax
  to tell CMake that the project requires at least <min> but has been updated
  to work with policies introduced by <max> or earlier.
Call Stack (most recent call first):
  /usr/local/share/cmake-3.31/Modules/Platform/Android-Clang.cmake:23 (include)
  /usr/local/share/cmake-3.31/Modules/Platform/Android-Clang-C.cmake:1 (include)
  /usr/local/share/cmake-3.31/Modules/CMakeCInformation.cmake:48 (include)
  /home/runner/work/zh-mobile/zh-mobile/build/android-arm64/CMakeFiles/CMakeScratch/TryCompile-3zKeyh/CMakeLists.txt:5 (project)


-- Looking for strtoll - found
-- Looking for strtoul
CMake Deprecation Warning at /opt/hostedtoolcache/ndk/r27c/x64/build/cmake/android.toolchain.cmake:35 (cmake_minimum_required):
  Compatibility with CMake < 3.10 will be removed from a future version of
  CMake.

  Update the VERSION argument <min> value.  Or, use the <min>...<max> syntax
  to tell CMake that the project requires at least <min> but has been updated
  to work with policies introduced by <max> or earlier.
Call Stack (most recent call first):
  /home/runner/vcpkg/scripts/buildsystems/vcpkg.cmake:210 (include)
  /home/runner/work/zh-mobile/zh-mobile/build/android-arm64/CMakeFiles/3.31.6/CMakeSystem.cmake:6 (include)
  /home/runner/work/zh-mobile/zh-mobile/build/android-arm64/CMakeFiles/CMakeScratch/TryCompile-USE9tR/CMakeLists.txt:5 (project)


CMake Deprecation Warning at /opt/hostedtoolcache/ndk/r27c/x64/build/cmake/android-legacy.toolchain.cmake:35 (cmake_minimum_required):
  Compatibility with CMake < 3.10 will be removed from a future version of
  CMake.

  Update the VERSION argument <min> value.  Or, use the <min>...<max> syntax
  to tell CMake that the project requires at least <min> but has been updated
  to work with policies introduced by <max> or earlier.
Call Stack (most recent call first):
  /opt/hostedtoolcache/ndk/r27c/x64/build/cmake/android.toolchain.cmake:55 (include)
  /home/runner/vcpkg/scripts/buildsystems/vcpkg.cmake:210 (include)
  /home/runner/work/zh-mobile/zh-mobile/build/android-arm64/CMakeFiles/3.31.6/CMakeSystem.cmake:6 (include)
  /home/runner/work/zh-mobile/zh-mobile/build/android-arm64/CMakeFiles/CMakeScratch/TryCompile-USE9tR/CMakeLists.txt:5 (project)


CMake Deprecation Warning at /opt/hostedtoolcache/ndk/r27c/x64/build/cmake/flags.cmake:18 (cmake_minimum_required):
  Compatibility with CMake < 3.10 will be removed from a future version of
  CMake.

  Update the VERSION argument <min> value.  Or, use the <min>...<max> syntax
  to tell CMake that the project requires at least <min> but has been updated
  to work with policies introduced by <max> or earlier.
Call Stack (most recent call first):
  /usr/local/share/cmake-3.31/Modules/Platform/Android-Clang.cmake:23 (include)
  /usr/local/share/cmake-3.31/Modules/Platform/Android-Clang-C.cmake:1 (include)
  /usr/local/share/cmake-3.31/Modules/CMakeCInformation.cmake:48 (include)
  /home/runner/work/zh-mobile/zh-mobile/build/android-arm64/CMakeFiles/CMakeScratch/TryCompile-USE9tR/CMakeLists.txt:5 (project)


-- Looking for strtoul - found
-- Looking for strtoull
CMake Deprecation Warning at /opt/hostedtoolcache/ndk/r27c/x64/build/cmake/android.toolchain.cmake:35 (cmake_minimum_required):
  Compatibility with CMake < 3.10 will be removed from a future version of
  CMake.

  Update the VERSION argument <min> value.  Or, use the <min>...<max> syntax
  to tell CMake that the project requires at least <min> but has been updated
  to work with policies introduced by <max> or earlier.
Call Stack (most recent call first):
  /home/runner/vcpkg/scripts/buildsystems/vcpkg.cmake:210 (include)
  /home/runner/work/zh-mobile/zh-mobile/build/android-arm64/CMakeFiles/3.31.6/CMakeSystem.cmake:6 (include)
  /home/runner/work/zh-mobile/zh-mobile/build/android-arm64/CMakeFiles/CMakeScratch/TryCompile-ZcVbSl/CMakeLists.txt:5 (project)


CMake Deprecation Warning at /opt/hostedtoolcache/ndk/r27c/x64/build/cmake/android-legacy.toolchain.cmake:35 (cmake_minimum_required):
  Compatibility with CMake < 3.10 will be removed from a future version of
  CMake.

  Update the VERSION argument <min> value.  Or, use the <min>...<max> syntax
  to tell CMake that the project requires at least <min> but has been updated
  to work with policies introduced by <max> or earlier.
Call Stack (most recent call first):
  /opt/hostedtoolcache/ndk/r27c/x64/build/cmake/android.toolchain.cmake:55 (include)
  /home/runner/vcpkg/scripts/buildsystems/vcpkg.cmake:210 (include)
  /home/runner/work/zh-mobile/zh-mobile/build/android-arm64/CMakeFiles/3.31.6/CMakeSystem.cmake:6 (include)
  /home/runner/work/zh-mobile/zh-mobile/build/android-arm64/CMakeFiles/CMakeScratch/TryCompile-ZcVbSl/CMakeLists.txt:5 (project)


CMake Deprecation Warning at /opt/hostedtoolcache/ndk/r27c/x64/build/cmake/flags.cmake:18 (cmake_minimum_required):
  Compatibility with CMake < 3.10 will be removed from a future version of
  CMake.

  Update the VERSION argument <min> value.  Or, use the <min>...<max> syntax
  to tell CMake that the project requires at least <min> but has been updated
  to work with policies introduced by <max> or earlier.
Call Stack (most recent call first):
  /usr/local/share/cmake-3.31/Modules/Platform/Android-Clang.cmake:23 (include)
  /usr/local/share/cmake-3.31/Modules/Platform/Android-Clang-C.cmake:1 (include)
  /usr/local/share/cmake-3.31/Modules/CMakeCInformation.cmake:48 (include)
  /home/runner/work/zh-mobile/zh-mobile/build/android-arm64/CMakeFiles/CMakeScratch/TryCompile-ZcVbSl/CMakeLists.txt:5 (project)


-- Looking for strtoull - found
-- Looking for tan
CMake Deprecation Warning at /opt/hostedtoolcache/ndk/r27c/x64/build/cmake/android.toolchain.cmake:35 (cmake_minimum_required):
  Compatibility with CMake < 3.10 will be removed from a future version of
  CMake.

  Update the VERSION argument <min> value.  Or, use the <min>...<max> syntax
  to tell CMake that the project requires at least <min> but has been updated
  to work with policies introduced by <max> or earlier.
Call Stack (most recent call first):
  /home/runner/vcpkg/scripts/buildsystems/vcpkg.cmake:210 (include)
  /home/runner/work/zh-mobile/zh-mobile/build/android-arm64/CMakeFiles/3.31.6/CMakeSystem.cmake:6 (include)
  /home/runner/work/zh-mobile/zh-mobile/build/android-arm64/CMakeFiles/CMakeScratch/TryCompile-Gm89gK/CMakeLists.txt:5 (project)


CMake Deprecation Warning at /opt/hostedtoolcache/ndk/r27c/x64/build/cmake/android-legacy.toolchain.cmake:35 (cmake_minimum_required):
  Compatibility with CMake < 3.10 will be removed from a future version of
  CMake.

  Update the VERSION argument <min> value.  Or, use the <min>...<max> syntax
  to tell CMake that the project requires at least <min> but has been updated
  to work with policies introduced by <max> or earlier.
Call Stack (most recent call first):
  /opt/hostedtoolcache/ndk/r27c/x64/build/cmake/android.toolchain.cmake:55 (include)
  /home/runner/vcpkg/scripts/buildsystems/vcpkg.cmake:210 (include)
  /home/runner/work/zh-mobile/zh-mobile/build/android-arm64/CMakeFiles/3.31.6/CMakeSystem.cmake:6 (include)
  /home/runner/work/zh-mobile/zh-mobile/build/android-arm64/CMakeFiles/CMakeScratch/TryCompile-Gm89gK/CMakeLists.txt:5 (project)


CMake Deprecation Warning at /opt/hostedtoolcache/ndk/r27c/x64/build/cmake/flags.cmake:18 (cmake_minimum_required):
  Compatibility with CMake < 3.10 will be removed from a future version of
  CMake.

  Update the VERSION argument <min> value.  Or, use the <min>...<max> syntax
  to tell CMake that the project requires at least <min> but has been updated
  to work with policies introduced by <max> or earlier.
Call Stack (most recent call first):
  /usr/local/share/cmake-3.31/Modules/Platform/Android-Clang.cmake:23 (include)
  /usr/local/share/cmake-3.31/Modules/Platform/Android-Clang-C.cmake:1 (include)
  /usr/local/share/cmake-3.31/Modules/CMakeCInformation.cmake:48 (include)
  /home/runner/work/zh-mobile/zh-mobile/build/android-arm64/CMakeFiles/CMakeScratch/TryCompile-Gm89gK/CMakeLists.txt:5 (project)


-- Looking for tan - found
-- Looking for tanf
CMake Deprecation Warning at /opt/hostedtoolcache/ndk/r27c/x64/build/cmake/android.toolchain.cmake:35 (cmake_minimum_required):
  Compatibility with CMake < 3.10 will be removed from a future version of
  CMake.

  Update the VERSION argument <min> value.  Or, use the <min>...<max> syntax
  to tell CMake that the project requires at least <min> but has been updated
  to work with policies introduced by <max> or earlier.
Call Stack (most recent call first):
  /home/runner/vcpkg/scripts/buildsystems/vcpkg.cmake:210 (include)
  /home/runner/work/zh-mobile/zh-mobile/build/android-arm64/CMakeFiles/3.31.6/CMakeSystem.cmake:6 (include)
  /home/runner/work/zh-mobile/zh-mobile/build/android-arm64/CMakeFiles/CMakeScratch/TryCompile-nnowOv/CMakeLists.txt:5 (project)


CMake Deprecation Warning at /opt/hostedtoolcache/ndk/r27c/x64/build/cmake/android-legacy.toolchain.cmake:35 (cmake_minimum_required):
  Compatibility with CMake < 3.10 will be removed from a future version of
  CMake.

  Update the VERSION argument <min> value.  Or, use the <min>...<max> syntax
  to tell CMake that the project requires at least <min> but has been updated
  to work with policies introduced by <max> or earlier.
Call Stack (most recent call first):
  /opt/hostedtoolcache/ndk/r27c/x64/build/cmake/android.toolchain.cmake:55 (include)
  /home/runner/vcpkg/scripts/buildsystems/vcpkg.cmake:210 (include)
  /home/runner/work/zh-mobile/zh-mobile/build/android-arm64/CMakeFiles/3.31.6/CMakeSystem.cmake:6 (include)
  /home/runner/work/zh-mobile/zh-mobile/build/android-arm64/CMakeFiles/CMakeScratch/TryCompile-nnowOv/CMakeLists.txt:5 (project)


CMake Deprecation Warning at /opt/hostedtoolcache/ndk/r27c/x64/build/cmake/flags.cmake:18 (cmake_minimum_required):
  Compatibility with CMake < 3.10 will be removed from a future version of
  CMake.

  Update the VERSION argument <min> value.  Or, use the <min>...<max> syntax
  to tell CMake that the project requires at least <min> but has been updated
  to work with policies introduced by <max> or earlier.
Call Stack (most recent call first):
  /usr/local/share/cmake-3.31/Modules/Platform/Android-Clang.cmake:23 (include)
  /usr/local/share/cmake-3.31/Modules/Platform/Android-Clang-C.cmake:1 (include)
  /usr/local/share/cmake-3.31/Modules/CMakeCInformation.cmake:48 (include)
  /home/runner/work/zh-mobile/zh-mobile/build/android-arm64/CMakeFiles/CMakeScratch/TryCompile-nnowOv/CMakeLists.txt:5 (project)


-- Looking for tanf - found
-- Looking for trunc
CMake Deprecation Warning at /opt/hostedtoolcache/ndk/r27c/x64/build/cmake/android.toolchain.cmake:35 (cmake_minimum_required):
  Compatibility with CMake < 3.10 will be removed from a future version of
  CMake.

  Update the VERSION argument <min> value.  Or, use the <min>...<max> syntax
  to tell CMake that the project requires at least <min> but has been updated
  to work with policies introduced by <max> or earlier.
Call Stack (most recent call first):
  /home/runner/vcpkg/scripts/buildsystems/vcpkg.cmake:210 (include)
  /home/runner/work/zh-mobile/zh-mobile/build/android-arm64/CMakeFiles/3.31.6/CMakeSystem.cmake:6 (include)
  /home/runner/work/zh-mobile/zh-mobile/build/android-arm64/CMakeFiles/CMakeScratch/TryCompile-EfPo77/CMakeLists.txt:5 (project)


CMake Deprecation Warning at /opt/hostedtoolcache/ndk/r27c/x64/build/cmake/android-legacy.toolchain.cmake:35 (cmake_minimum_required):
  Compatibility with CMake < 3.10 will be removed from a future version of
  CMake.

  Update the VERSION argument <min> value.  Or, use the <min>...<max> syntax
  to tell CMake that the project requires at least <min> but has been updated
  to work with policies introduced by <max> or earlier.
Call Stack (most recent call first):
  /opt/hostedtoolcache/ndk/r27c/x64/build/cmake/android.toolchain.cmake:55 (include)
  /home/runner/vcpkg/scripts/buildsystems/vcpkg.cmake:210 (include)
  /home/runner/work/zh-mobile/zh-mobile/build/android-arm64/CMakeFiles/3.31.6/CMakeSystem.cmake:6 (include)
  /home/runner/work/zh-mobile/zh-mobile/build/android-arm64/CMakeFiles/CMakeScratch/TryCompile-EfPo77/CMakeLists.txt:5 (project)


CMake Deprecation Warning at /opt/hostedtoolcache/ndk/r27c/x64/build/cmake/flags.cmake:18 (cmake_minimum_required):
  Compatibility with CMake < 3.10 will be removed from a future version of
  CMake.

  Update the VERSION argument <min> value.  Or, use the <min>...<max> syntax
  to tell CMake that the project requires at least <min> but has been updated
  to work with policies introduced by <max> or earlier.
Call Stack (most recent call first):
  /usr/local/share/cmake-3.31/Modules/Platform/Android-Clang.cmake:23 (include)
  /usr/local/share/cmake-3.31/Modules/Platform/Android-Clang-C.cmake:1 (include)
  /usr/local/share/cmake-3.31/Modules/CMakeCInformation.cmake:48 (include)
  /home/runner/work/zh-mobile/zh-mobile/build/android-arm64/CMakeFiles/CMakeScratch/TryCompile-EfPo77/CMakeLists.txt:5 (project)


-- Looking for trunc - found
-- Looking for truncf
CMake Deprecation Warning at /opt/hostedtoolcache/ndk/r27c/x64/build/cmake/android.toolchain.cmake:35 (cmake_minimum_required):
  Compatibility with CMake < 3.10 will be removed from a future version of
  CMake.

  Update the VERSION argument <min> value.  Or, use the <min>...<max> syntax
  to tell CMake that the project requires at least <min> but has been updated
  to work with policies introduced by <max> or earlier.
Call Stack (most recent call first):
  /home/runner/vcpkg/scripts/buildsystems/vcpkg.cmake:210 (include)
  /home/runner/work/zh-mobile/zh-mobile/build/android-arm64/CMakeFiles/3.31.6/CMakeSystem.cmake:6 (include)
  /home/runner/work/zh-mobile/zh-mobile/build/android-arm64/CMakeFiles/CMakeScratch/TryCompile-oVJgnZ/CMakeLists.txt:5 (project)


CMake Deprecation Warning at /opt/hostedtoolcache/ndk/r27c/x64/build/cmake/android-legacy.toolchain.cmake:35 (cmake_minimum_required):
  Compatibility with CMake < 3.10 will be removed from a future version of
  CMake.

  Update the VERSION argument <min> value.  Or, use the <min>...<max> syntax
  to tell CMake that the project requires at least <min> but has been updated
  to work with policies introduced by <max> or earlier.
Call Stack (most recent call first):
  /opt/hostedtoolcache/ndk/r27c/x64/build/cmake/android.toolchain.cmake:55 (include)
  /home/runner/vcpkg/scripts/buildsystems/vcpkg.cmake:210 (include)
  /home/runner/work/zh-mobile/zh-mobile/build/android-arm64/CMakeFiles/3.31.6/CMakeSystem.cmake:6 (include)
  /home/runner/work/zh-mobile/zh-mobile/build/android-arm64/CMakeFiles/CMakeScratch/TryCompile-oVJgnZ/CMakeLists.txt:5 (project)


CMake Deprecation Warning at /opt/hostedtoolcache/ndk/r27c/x64/build/cmake/flags.cmake:18 (cmake_minimum_required):
  Compatibility with CMake < 3.10 will be removed from a future version of
  CMake.

  Update the VERSION argument <min> value.  Or, use the <min>...<max> syntax
  to tell CMake that the project requires at least <min> but has been updated
  to work with policies introduced by <max> or earlier.
Call Stack (most recent call first):
  /usr/local/share/cmake-3.31/Modules/Platform/Android-Clang.cmake:23 (include)
  /usr/local/share/cmake-3.31/Modules/Platform/Android-Clang-C.cmake:1 (include)
  /usr/local/share/cmake-3.31/Modules/CMakeCInformation.cmake:48 (include)
  /home/runner/work/zh-mobile/zh-mobile/build/android-arm64/CMakeFiles/CMakeScratch/TryCompile-oVJgnZ/CMakeLists.txt:5 (project)


-- Looking for truncf - found
-- Looking for unsetenv
CMake Deprecation Warning at /opt/hostedtoolcache/ndk/r27c/x64/build/cmake/android.toolchain.cmake:35 (cmake_minimum_required):
  Compatibility with CMake < 3.10 will be removed from a future version of
  CMake.

  Update the VERSION argument <min> value.  Or, use the <min>...<max> syntax
  to tell CMake that the project requires at least <min> but has been updated
  to work with policies introduced by <max> or earlier.
Call Stack (most recent call first):
  /home/runner/vcpkg/scripts/buildsystems/vcpkg.cmake:210 (include)
  /home/runner/work/zh-mobile/zh-mobile/build/android-arm64/CMakeFiles/3.31.6/CMakeSystem.cmake:6 (include)
  /home/runner/work/zh-mobile/zh-mobile/build/android-arm64/CMakeFiles/CMakeScratch/TryCompile-07P1MT/CMakeLists.txt:5 (project)


CMake Deprecation Warning at /opt/hostedtoolcache/ndk/r27c/x64/build/cmake/android-legacy.toolchain.cmake:35 (cmake_minimum_required):
  Compatibility with CMake < 3.10 will be removed from a future version of
  CMake.

  Update the VERSION argument <min> value.  Or, use the <min>...<max> syntax
  to tell CMake that the project requires at least <min> but has been updated
  to work with policies introduced by <max> or earlier.
Call Stack (most recent call first):
  /opt/hostedtoolcache/ndk/r27c/x64/build/cmake/android.toolchain.cmake:55 (include)
  /home/runner/vcpkg/scripts/buildsystems/vcpkg.cmake:210 (include)
  /home/runner/work/zh-mobile/zh-mobile/build/android-arm64/CMakeFiles/3.31.6/CMakeSystem.cmake:6 (include)
  /home/runner/work/zh-mobile/zh-mobile/build/android-arm64/CMakeFiles/CMakeScratch/TryCompile-07P1MT/CMakeLists.txt:5 (project)


CMake Deprecation Warning at /opt/hostedtoolcache/ndk/r27c/x64/build/cmake/flags.cmake:18 (cmake_minimum_required):
  Compatibility with CMake < 3.10 will be removed from a future version of
  CMake.

  Update the VERSION argument <min> value.  Or, use the <min>...<max> syntax
  to tell CMake that the project requires at least <min> but has been updated
  to work with policies introduced by <max> or earlier.
Call Stack (most recent call first):
  /usr/local/share/cmake-3.31/Modules/Platform/Android-Clang.cmake:23 (include)
  /usr/local/share/cmake-3.31/Modules/Platform/Android-Clang-C.cmake:1 (include)
  /usr/local/share/cmake-3.31/Modules/CMakeCInformation.cmake:48 (include)
  /home/runner/work/zh-mobile/zh-mobile/build/android-arm64/CMakeFiles/CMakeScratch/TryCompile-07P1MT/CMakeLists.txt:5 (project)


-- Looking for unsetenv - found
-- Looking for vsnprintf
CMake Deprecation Warning at /opt/hostedtoolcache/ndk/r27c/x64/build/cmake/android.toolchain.cmake:35 (cmake_minimum_required):
  Compatibility with CMake < 3.10 will be removed from a future version of
  CMake.

  Update the VERSION argument <min> value.  Or, use the <min>...<max> syntax
  to tell CMake that the project requires at least <min> but has been updated
  to work with policies introduced by <max> or earlier.
Call Stack (most recent call first):
  /home/runner/vcpkg/scripts/buildsystems/vcpkg.cmake:210 (include)
  /home/runner/work/zh-mobile/zh-mobile/build/android-arm64/CMakeFiles/3.31.6/CMakeSystem.cmake:6 (include)
  /home/runner/work/zh-mobile/zh-mobile/build/android-arm64/CMakeFiles/CMakeScratch/TryCompile-v8Snid/CMakeLists.txt:5 (project)


CMake Deprecation Warning at /opt/hostedtoolcache/ndk/r27c/x64/build/cmake/android-legacy.toolchain.cmake:35 (cmake_minimum_required):
  Compatibility with CMake < 3.10 will be removed from a future version of
  CMake.

  Update the VERSION argument <min> value.  Or, use the <min>...<max> syntax
  to tell CMake that the project requires at least <min> but has been updated
  to work with policies introduced by <max> or earlier.
Call Stack (most recent call first):
  /opt/hostedtoolcache/ndk/r27c/x64/build/cmake/android.toolchain.cmake:55 (include)
  /home/runner/vcpkg/scripts/buildsystems/vcpkg.cmake:210 (include)
  /home/runner/work/zh-mobile/zh-mobile/build/android-arm64/CMakeFiles/3.31.6/CMakeSystem.cmake:6 (include)
  /home/runner/work/zh-mobile/zh-mobile/build/android-arm64/CMakeFiles/CMakeScratch/TryCompile-v8Snid/CMakeLists.txt:5 (project)


CMake Deprecation Warning at /opt/hostedtoolcache/ndk/r27c/x64/build/cmake/flags.cmake:18 (cmake_minimum_required):
  Compatibility with CMake < 3.10 will be removed from a future version of
  CMake.

  Update the VERSION argument <min> value.  Or, use the <min>...<max> syntax
  to tell CMake that the project requires at least <min> but has been updated
  to work with policies introduced by <max> or earlier.
Call Stack (most recent call first):
  /usr/local/share/cmake-3.31/Modules/Platform/Android-Clang.cmake:23 (include)
  /usr/local/share/cmake-3.31/Modules/Platform/Android-Clang-C.cmake:1 (include)
  /usr/local/share/cmake-3.31/Modules/CMakeCInformation.cmake:48 (include)
  /home/runner/work/zh-mobile/zh-mobile/build/android-arm64/CMakeFiles/CMakeScratch/TryCompile-v8Snid/CMakeLists.txt:5 (project)


-- Looking for vsnprintf - found
-- Looking for vsscanf
CMake Deprecation Warning at /opt/hostedtoolcache/ndk/r27c/x64/build/cmake/android.toolchain.cmake:35 (cmake_minimum_required):
  Compatibility with CMake < 3.10 will be removed from a future version of
  CMake.

  Update the VERSION argument <min> value.  Or, use the <min>...<max> syntax
  to tell CMake that the project requires at least <min> but has been updated
  to work with policies introduced by <max> or earlier.
Call Stack (most recent call first):
  /home/runner/vcpkg/scripts/buildsystems/vcpkg.cmake:210 (include)
  /home/runner/work/zh-mobile/zh-mobile/build/android-arm64/CMakeFiles/3.31.6/CMakeSystem.cmake:6 (include)
  /home/runner/work/zh-mobile/zh-mobile/build/android-arm64/CMakeFiles/CMakeScratch/TryCompile-ooookL/CMakeLists.txt:5 (project)


CMake Deprecation Warning at /opt/hostedtoolcache/ndk/r27c/x64/build/cmake/android-legacy.toolchain.cmake:35 (cmake_minimum_required):
  Compatibility with CMake < 3.10 will be removed from a future version of
  CMake.

  Update the VERSION argument <min> value.  Or, use the <min>...<max> syntax
  to tell CMake that the project requires at least <min> but has been updated
  to work with policies introduced by <max> or earlier.
Call Stack (most recent call first):
  /opt/hostedtoolcache/ndk/r27c/x64/build/cmake/android.toolchain.cmake:55 (include)
  /home/runner/vcpkg/scripts/buildsystems/vcpkg.cmake:210 (include)
  /home/runner/work/zh-mobile/zh-mobile/build/android-arm64/CMakeFiles/3.31.6/CMakeSystem.cmake:6 (include)
  /home/runner/work/zh-mobile/zh-mobile/build/android-arm64/CMakeFiles/CMakeScratch/TryCompile-ooookL/CMakeLists.txt:5 (project)


CMake Deprecation Warning at /opt/hostedtoolcache/ndk/r27c/x64/build/cmake/flags.cmake:18 (cmake_minimum_required):
  Compatibility with CMake < 3.10 will be removed from a future version of
  CMake.

  Update the VERSION argument <min> value.  Or, use the <min>...<max> syntax
  to tell CMake that the project requires at least <min> but has been updated
  to work with policies introduced by <max> or earlier.
Call Stack (most recent call first):
  /usr/local/share/cmake-3.31/Modules/Platform/Android-Clang.cmake:23 (include)
  /usr/local/share/cmake-3.31/Modules/Platform/Android-Clang-C.cmake:1 (include)
  /usr/local/share/cmake-3.31/Modules/CMakeCInformation.cmake:48 (include)
  /home/runner/work/zh-mobile/zh-mobile/build/android-arm64/CMakeFiles/CMakeScratch/TryCompile-ooookL/CMakeLists.txt:5 (project)


-- Looking for vsscanf - found
-- Looking for wcsnlen
CMake Deprecation Warning at /opt/hostedtoolcache/ndk/r27c/x64/build/cmake/android.toolchain.cmake:35 (cmake_minimum_required):
  Compatibility with CMake < 3.10 will be removed from a future version of
  CMake.

  Update the VERSION argument <min> value.  Or, use the <min>...<max> syntax
  to tell CMake that the project requires at least <min> but has been updated
  to work with policies introduced by <max> or earlier.
Call Stack (most recent call first):
  /home/runner/vcpkg/scripts/buildsystems/vcpkg.cmake:210 (include)
  /home/runner/work/zh-mobile/zh-mobile/build/android-arm64/CMakeFiles/3.31.6/CMakeSystem.cmake:6 (include)
  /home/runner/work/zh-mobile/zh-mobile/build/android-arm64/CMakeFiles/CMakeScratch/TryCompile-QGVPJ7/CMakeLists.txt:5 (project)


CMake Deprecation Warning at /opt/hostedtoolcache/ndk/r27c/x64/build/cmake/android-legacy.toolchain.cmake:35 (cmake_minimum_required):
  Compatibility with CMake < 3.10 will be removed from a future version of
  CMake.

  Update the VERSION argument <min> value.  Or, use the <min>...<max> syntax
  to tell CMake that the project requires at least <min> but has been updated
  to work with policies introduced by <max> or earlier.
Call Stack (most recent call first):
  /opt/hostedtoolcache/ndk/r27c/x64/build/cmake/android.toolchain.cmake:55 (include)
  /home/runner/vcpkg/scripts/buildsystems/vcpkg.cmake:210 (include)
  /home/runner/work/zh-mobile/zh-mobile/build/android-arm64/CMakeFiles/3.31.6/CMakeSystem.cmake:6 (include)
  /home/runner/work/zh-mobile/zh-mobile/build/android-arm64/CMakeFiles/CMakeScratch/TryCompile-QGVPJ7/CMakeLists.txt:5 (project)


CMake Deprecation Warning at /opt/hostedtoolcache/ndk/r27c/x64/build/cmake/flags.cmake:18 (cmake_minimum_required):
  Compatibility with CMake < 3.10 will be removed from a future version of
  CMake.

  Update the VERSION argument <min> value.  Or, use the <min>...<max> syntax
  to tell CMake that the project requires at least <min> but has been updated
  to work with policies introduced by <max> or earlier.
Call Stack (most recent call first):
  /usr/local/share/cmake-3.31/Modules/Platform/Android-Clang.cmake:23 (include)
  /usr/local/share/cmake-3.31/Modules/Platform/Android-Clang-C.cmake:1 (include)
  /usr/local/share/cmake-3.31/Modules/CMakeCInformation.cmake:48 (include)
  /home/runner/work/zh-mobile/zh-mobile/build/android-arm64/CMakeFiles/CMakeScratch/TryCompile-QGVPJ7/CMakeLists.txt:5 (project)


-- Looking for wcsnlen - found
-- Looking for wcscmp
CMake Deprecation Warning at /opt/hostedtoolcache/ndk/r27c/x64/build/cmake/android.toolchain.cmake:35 (cmake_minimum_required):
  Compatibility with CMake < 3.10 will be removed from a future version of
  CMake.

  Update the VERSION argument <min> value.  Or, use the <min>...<max> syntax
  to tell CMake that the project requires at least <min> but has been updated
  to work with policies introduced by <max> or earlier.
Call Stack (most recent call first):
  /home/runner/vcpkg/scripts/buildsystems/vcpkg.cmake:210 (include)
  /home/runner/work/zh-mobile/zh-mobile/build/android-arm64/CMakeFiles/3.31.6/CMakeSystem.cmake:6 (include)
  /home/runner/work/zh-mobile/zh-mobile/build/android-arm64/CMakeFiles/CMakeScratch/TryCompile-2WTFym/CMakeLists.txt:5 (project)


CMake Deprecation Warning at /opt/hostedtoolcache/ndk/r27c/x64/build/cmake/android-legacy.toolchain.cmake:35 (cmake_minimum_required):
  Compatibility with CMake < 3.10 will be removed from a future version of
  CMake.

  Update the VERSION argument <min> value.  Or, use the <min>...<max> syntax
  to tell CMake that the project requires at least <min> but has been updated
  to work with policies introduced by <max> or earlier.
Call Stack (most recent call first):
  /opt/hostedtoolcache/ndk/r27c/x64/build/cmake/android.toolchain.cmake:55 (include)
  /home/runner/vcpkg/scripts/buildsystems/vcpkg.cmake:210 (include)
  /home/runner/work/zh-mobile/zh-mobile/build/android-arm64/CMakeFiles/3.31.6/CMakeSystem.cmake:6 (include)
  /home/runner/work/zh-mobile/zh-mobile/build/android-arm64/CMakeFiles/CMakeScratch/TryCompile-2WTFym/CMakeLists.txt:5 (project)


CMake Deprecation Warning at /opt/hostedtoolcache/ndk/r27c/x64/build/cmake/flags.cmake:18 (cmake_minimum_required):
  Compatibility with CMake < 3.10 will be removed from a future version of
  CMake.

  Update the VERSION argument <min> value.  Or, use the <min>...<max> syntax
  to tell CMake that the project requires at least <min> but has been updated
  to work with policies introduced by <max> or earlier.
Call Stack (most recent call first):
  /usr/local/share/cmake-3.31/Modules/Platform/Android-Clang.cmake:23 (include)
  /usr/local/share/cmake-3.31/Modules/Platform/Android-Clang-C.cmake:1 (include)
  /usr/local/share/cmake-3.31/Modules/CMakeCInformation.cmake:48 (include)
  /home/runner/work/zh-mobile/zh-mobile/build/android-arm64/CMakeFiles/CMakeScratch/TryCompile-2WTFym/CMakeLists.txt:5 (project)


-- Looking for wcscmp - found
-- Looking for wcsdup
CMake Deprecation Warning at /opt/hostedtoolcache/ndk/r27c/x64/build/cmake/android.toolchain.cmake:35 (cmake_minimum_required):
  Compatibility with CMake < 3.10 will be removed from a future version of
  CMake.

  Update the VERSION argument <min> value.  Or, use the <min>...<max> syntax
  to tell CMake that the project requires at least <min> but has been updated
  to work with policies introduced by <max> or earlier.
Call Stack (most recent call first):
  /home/runner/vcpkg/scripts/buildsystems/vcpkg.cmake:210 (include)
  /home/runner/work/zh-mobile/zh-mobile/build/android-arm64/CMakeFiles/3.31.6/CMakeSystem.cmake:6 (include)
  /home/runner/work/zh-mobile/zh-mobile/build/android-arm64/CMakeFiles/CMakeScratch/TryCompile-NR7IY5/CMakeLists.txt:5 (project)


CMake Deprecation Warning at /opt/hostedtoolcache/ndk/r27c/x64/build/cmake/android-legacy.toolchain.cmake:35 (cmake_minimum_required):
  Compatibility with CMake < 3.10 will be removed from a future version of
  CMake.

  Update the VERSION argument <min> value.  Or, use the <min>...<max> syntax
  to tell CMake that the project requires at least <min> but has been updated
  to work with policies introduced by <max> or earlier.
Call Stack (most recent call first):
  /opt/hostedtoolcache/ndk/r27c/x64/build/cmake/android.toolchain.cmake:55 (include)
  /home/runner/vcpkg/scripts/buildsystems/vcpkg.cmake:210 (include)
  /home/runner/work/zh-mobile/zh-mobile/build/android-arm64/CMakeFiles/3.31.6/CMakeSystem.cmake:6 (include)
  /home/runner/work/zh-mobile/zh-mobile/build/android-arm64/CMakeFiles/CMakeScratch/TryCompile-NR7IY5/CMakeLists.txt:5 (project)


CMake Deprecation Warning at /opt/hostedtoolcache/ndk/r27c/x64/build/cmake/flags.cmake:18 (cmake_minimum_required):
  Compatibility with CMake < 3.10 will be removed from a future version of
  CMake.

  Update the VERSION argument <min> value.  Or, use the <min>...<max> syntax
  to tell CMake that the project requires at least <min> but has been updated
  to work with policies introduced by <max> or earlier.
Call Stack (most recent call first):
  /usr/local/share/cmake-3.31/Modules/Platform/Android-Clang.cmake:23 (include)
  /usr/local/share/cmake-3.31/Modules/Platform/Android-Clang-C.cmake:1 (include)
  /usr/local/share/cmake-3.31/Modules/CMakeCInformation.cmake:48 (include)
  /home/runner/work/zh-mobile/zh-mobile/build/android-arm64/CMakeFiles/CMakeScratch/TryCompile-NR7IY5/CMakeLists.txt:5 (project)


-- Looking for wcsdup - found
-- Looking for wcslcat
CMake Deprecation Warning at /opt/hostedtoolcache/ndk/r27c/x64/build/cmake/android.toolchain.cmake:35 (cmake_minimum_required):
  Compatibility with CMake < 3.10 will be removed from a future version of
  CMake.

  Update the VERSION argument <min> value.  Or, use the <min>...<max> syntax
  to tell CMake that the project requires at least <min> but has been updated
  to work with policies introduced by <max> or earlier.
Call Stack (most recent call first):
  /home/runner/vcpkg/scripts/buildsystems/vcpkg.cmake:210 (include)
  /home/runner/work/zh-mobile/zh-mobile/build/android-arm64/CMakeFiles/3.31.6/CMakeSystem.cmake:6 (include)
  /home/runner/work/zh-mobile/zh-mobile/build/android-arm64/CMakeFiles/CMakeScratch/TryCompile-Pbaa9N/CMakeLists.txt:5 (project)


CMake Deprecation Warning at /opt/hostedtoolcache/ndk/r27c/x64/build/cmake/android-legacy.toolchain.cmake:35 (cmake_minimum_required):
  Compatibility with CMake < 3.10 will be removed from a future version of
  CMake.

  Update the VERSION argument <min> value.  Or, use the <min>...<max> syntax
  to tell CMake that the project requires at least <min> but has been updated
  to work with policies introduced by <max> or earlier.
Call Stack (most recent call first):
  /opt/hostedtoolcache/ndk/r27c/x64/build/cmake/android.toolchain.cmake:55 (include)
  /home/runner/vcpkg/scripts/buildsystems/vcpkg.cmake:210 (include)
  /home/runner/work/zh-mobile/zh-mobile/build/android-arm64/CMakeFiles/3.31.6/CMakeSystem.cmake:6 (include)
  /home/runner/work/zh-mobile/zh-mobile/build/android-arm64/CMakeFiles/CMakeScratch/TryCompile-Pbaa9N/CMakeLists.txt:5 (project)


CMake Deprecation Warning at /opt/hostedtoolcache/ndk/r27c/x64/build/cmake/flags.cmake:18 (cmake_minimum_required):
  Compatibility with CMake < 3.10 will be removed from a future version of
  CMake.

  Update the VERSION argument <min> value.  Or, use the <min>...<max> syntax
  to tell CMake that the project requires at least <min> but has been updated
  to work with policies introduced by <max> or earlier.
Call Stack (most recent call first):
  /usr/local/share/cmake-3.31/Modules/Platform/Android-Clang.cmake:23 (include)
  /usr/local/share/cmake-3.31/Modules/Platform/Android-Clang-C.cmake:1 (include)
  /usr/local/share/cmake-3.31/Modules/CMakeCInformation.cmake:48 (include)
  /home/runner/work/zh-mobile/zh-mobile/build/android-arm64/CMakeFiles/CMakeScratch/TryCompile-Pbaa9N/CMakeLists.txt:5 (project)


-- Looking for wcslcat - found
-- Looking for wcslcpy
CMake Deprecation Warning at /opt/hostedtoolcache/ndk/r27c/x64/build/cmake/android.toolchain.cmake:35 (cmake_minimum_required):
  Compatibility with CMake < 3.10 will be removed from a future version of
  CMake.

  Update the VERSION argument <min> value.  Or, use the <min>...<max> syntax
  to tell CMake that the project requires at least <min> but has been updated
  to work with policies introduced by <max> or earlier.
Call Stack (most recent call first):
  /home/runner/vcpkg/scripts/buildsystems/vcpkg.cmake:210 (include)
  /home/runner/work/zh-mobile/zh-mobile/build/android-arm64/CMakeFiles/3.31.6/CMakeSystem.cmake:6 (include)
  /home/runner/work/zh-mobile/zh-mobile/build/android-arm64/CMakeFiles/CMakeScratch/TryCompile-NRv3wy/CMakeLists.txt:5 (project)


CMake Deprecation Warning at /opt/hostedtoolcache/ndk/r27c/x64/build/cmake/android-legacy.toolchain.cmake:35 (cmake_minimum_required):
  Compatibility with CMake < 3.10 will be removed from a future version of
  CMake.

  Update the VERSION argument <min> value.  Or, use the <min>...<max> syntax
  to tell CMake that the project requires at least <min> but has been updated
  to work with policies introduced by <max> or earlier.
Call Stack (most recent call first):
  /opt/hostedtoolcache/ndk/r27c/x64/build/cmake/android.toolchain.cmake:55 (include)
  /home/runner/vcpkg/scripts/buildsystems/vcpkg.cmake:210 (include)
  /home/runner/work/zh-mobile/zh-mobile/build/android-arm64/CMakeFiles/3.31.6/CMakeSystem.cmake:6 (include)
  /home/runner/work/zh-mobile/zh-mobile/build/android-arm64/CMakeFiles/CMakeScratch/TryCompile-NRv3wy/CMakeLists.txt:5 (project)


CMake Deprecation Warning at /opt/hostedtoolcache/ndk/r27c/x64/build/cmake/flags.cmake:18 (cmake_minimum_required):
  Compatibility with CMake < 3.10 will be removed from a future version of
  CMake.

  Update the VERSION argument <min> value.  Or, use the <min>...<max> syntax
  to tell CMake that the project requires at least <min> but has been updated
  to work with policies introduced by <max> or earlier.
Call Stack (most recent call first):
  /usr/local/share/cmake-3.31/Modules/Platform/Android-Clang.cmake:23 (include)
  /usr/local/share/cmake-3.31/Modules/Platform/Android-Clang-C.cmake:1 (include)
  /usr/local/share/cmake-3.31/Modules/CMakeCInformation.cmake:48 (include)
  /home/runner/work/zh-mobile/zh-mobile/build/android-arm64/CMakeFiles/CMakeScratch/TryCompile-NRv3wy/CMakeLists.txt:5 (project)


-- Looking for wcslcpy - found
-- Looking for wcslen
CMake Deprecation Warning at /opt/hostedtoolcache/ndk/r27c/x64/build/cmake/android.toolchain.cmake:35 (cmake_minimum_required):
  Compatibility with CMake < 3.10 will be removed from a future version of
  CMake.

  Update the VERSION argument <min> value.  Or, use the <min>...<max> syntax
  to tell CMake that the project requires at least <min> but has been updated
  to work with policies introduced by <max> or earlier.
Call Stack (most recent call first):
  /home/runner/vcpkg/scripts/buildsystems/vcpkg.cmake:210 (include)
  /home/runner/work/zh-mobile/zh-mobile/build/android-arm64/CMakeFiles/3.31.6/CMakeSystem.cmake:6 (include)
  /home/runner/work/zh-mobile/zh-mobile/build/android-arm64/CMakeFiles/CMakeScratch/TryCompile-aROkZx/CMakeLists.txt:5 (project)


CMake Deprecation Warning at /opt/hostedtoolcache/ndk/r27c/x64/build/cmake/android-legacy.toolchain.cmake:35 (cmake_minimum_required):
  Compatibility with CMake < 3.10 will be removed from a future version of
  CMake.

  Update the VERSION argument <min> value.  Or, use the <min>...<max> syntax
  to tell CMake that the project requires at least <min> but has been updated
  to work with policies introduced by <max> or earlier.
Call Stack (most recent call first):
  /opt/hostedtoolcache/ndk/r27c/x64/build/cmake/android.toolchain.cmake:55 (include)
  /home/runner/vcpkg/scripts/buildsystems/vcpkg.cmake:210 (include)
  /home/runner/work/zh-mobile/zh-mobile/build/android-arm64/CMakeFiles/3.31.6/CMakeSystem.cmake:6 (include)
  /home/runner/work/zh-mobile/zh-mobile/build/android-arm64/CMakeFiles/CMakeScratch/TryCompile-aROkZx/CMakeLists.txt:5 (project)


CMake Deprecation Warning at /opt/hostedtoolcache/ndk/r27c/x64/build/cmake/flags.cmake:18 (cmake_minimum_required):
  Compatibility with CMake < 3.10 will be removed from a future version of
  CMake.

  Update the VERSION argument <min> value.  Or, use the <min>...<max> syntax
  to tell CMake that the project requires at least <min> but has been updated
  to work with policies introduced by <max> or earlier.
Call Stack (most recent call first):
  /usr/local/share/cmake-3.31/Modules/Platform/Android-Clang.cmake:23 (include)
  /usr/local/share/cmake-3.31/Modules/Platform/Android-Clang-C.cmake:1 (include)
  /usr/local/share/cmake-3.31/Modules/CMakeCInformation.cmake:48 (include)
  /home/runner/work/zh-mobile/zh-mobile/build/android-arm64/CMakeFiles/CMakeScratch/TryCompile-aROkZx/CMakeLists.txt:5 (project)


-- Looking for wcslen - found
-- Looking for wcsncmp
CMake Deprecation Warning at /opt/hostedtoolcache/ndk/r27c/x64/build/cmake/android.toolchain.cmake:35 (cmake_minimum_required):
  Compatibility with CMake < 3.10 will be removed from a future version of
  CMake.

  Update the VERSION argument <min> value.  Or, use the <min>...<max> syntax
  to tell CMake that the project requires at least <min> but has been updated
  to work with policies introduced by <max> or earlier.
Call Stack (most recent call first):
  /home/runner/vcpkg/scripts/buildsystems/vcpkg.cmake:210 (include)
  /home/runner/work/zh-mobile/zh-mobile/build/android-arm64/CMakeFiles/3.31.6/CMakeSystem.cmake:6 (include)
  /home/runner/work/zh-mobile/zh-mobile/build/android-arm64/CMakeFiles/CMakeScratch/TryCompile-yxgvAn/CMakeLists.txt:5 (project)


CMake Deprecation Warning at /opt/hostedtoolcache/ndk/r27c/x64/build/cmake/android-legacy.toolchain.cmake:35 (cmake_minimum_required):
  Compatibility with CMake < 3.10 will be removed from a future version of
  CMake.

  Update the VERSION argument <min> value.  Or, use the <min>...<max> syntax
  to tell CMake that the project requires at least <min> but has been updated
  to work with policies introduced by <max> or earlier.
Call Stack (most recent call first):
  /opt/hostedtoolcache/ndk/r27c/x64/build/cmake/android.toolchain.cmake:55 (include)
  /home/runner/vcpkg/scripts/buildsystems/vcpkg.cmake:210 (include)
  /home/runner/work/zh-mobile/zh-mobile/build/android-arm64/CMakeFiles/3.31.6/CMakeSystem.cmake:6 (include)
  /home/runner/work/zh-mobile/zh-mobile/build/android-arm64/CMakeFiles/CMakeScratch/TryCompile-yxgvAn/CMakeLists.txt:5 (project)


CMake Deprecation Warning at /opt/hostedtoolcache/ndk/r27c/x64/build/cmake/flags.cmake:18 (cmake_minimum_required):
  Compatibility with CMake < 3.10 will be removed from a future version of
  CMake.

  Update the VERSION argument <min> value.  Or, use the <min>...<max> syntax
  to tell CMake that the project requires at least <min> but has been updated
  to work with policies introduced by <max> or earlier.
Call Stack (most recent call first):
  /usr/local/share/cmake-3.31/Modules/Platform/Android-Clang.cmake:23 (include)
  /usr/local/share/cmake-3.31/Modules/Platform/Android-Clang-C.cmake:1 (include)
  /usr/local/share/cmake-3.31/Modules/CMakeCInformation.cmake:48 (include)
  /home/runner/work/zh-mobile/zh-mobile/build/android-arm64/CMakeFiles/CMakeScratch/TryCompile-yxgvAn/CMakeLists.txt:5 (project)


-- Looking for wcsncmp - found
-- Looking for wcsstr
CMake Deprecation Warning at /opt/hostedtoolcache/ndk/r27c/x64/build/cmake/android.toolchain.cmake:35 (cmake_minimum_required):
  Compatibility with CMake < 3.10 will be removed from a future version of
  CMake.

  Update the VERSION argument <min> value.  Or, use the <min>...<max> syntax
  to tell CMake that the project requires at least <min> but has been updated
  to work with policies introduced by <max> or earlier.
Call Stack (most recent call first):
  /home/runner/vcpkg/scripts/buildsystems/vcpkg.cmake:210 (include)
  /home/runner/work/zh-mobile/zh-mobile/build/android-arm64/CMakeFiles/3.31.6/CMakeSystem.cmake:6 (include)
  /home/runner/work/zh-mobile/zh-mobile/build/android-arm64/CMakeFiles/CMakeScratch/TryCompile-b09JcC/CMakeLists.txt:5 (project)


CMake Deprecation Warning at /opt/hostedtoolcache/ndk/r27c/x64/build/cmake/android-legacy.toolchain.cmake:35 (cmake_minimum_required):
  Compatibility with CMake < 3.10 will be removed from a future version of
  CMake.

  Update the VERSION argument <min> value.  Or, use the <min>...<max> syntax
  to tell CMake that the project requires at least <min> but has been updated
  to work with policies introduced by <max> or earlier.
Call Stack (most recent call first):
  /opt/hostedtoolcache/ndk/r27c/x64/build/cmake/android.toolchain.cmake:55 (include)
  /home/runner/vcpkg/scripts/buildsystems/vcpkg.cmake:210 (include)
  /home/runner/work/zh-mobile/zh-mobile/build/android-arm64/CMakeFiles/3.31.6/CMakeSystem.cmake:6 (include)
  /home/runner/work/zh-mobile/zh-mobile/build/android-arm64/CMakeFiles/CMakeScratch/TryCompile-b09JcC/CMakeLists.txt:5 (project)


CMake Deprecation Warning at /opt/hostedtoolcache/ndk/r27c/x64/build/cmake/flags.cmake:18 (cmake_minimum_required):
  Compatibility with CMake < 3.10 will be removed from a future version of
  CMake.

  Update the VERSION argument <min> value.  Or, use the <min>...<max> syntax
  to tell CMake that the project requires at least <min> but has been updated
  to work with policies introduced by <max> or earlier.
Call Stack (most recent call first):
  /usr/local/share/cmake-3.31/Modules/Platform/Android-Clang.cmake:23 (include)
  /usr/local/share/cmake-3.31/Modules/Platform/Android-Clang-C.cmake:1 (include)
  /usr/local/share/cmake-3.31/Modules/CMakeCInformation.cmake:48 (include)
  /home/runner/work/zh-mobile/zh-mobile/build/android-arm64/CMakeFiles/CMakeScratch/TryCompile-b09JcC/CMakeLists.txt:5 (project)


-- Looking for wcsstr - found
-- Looking for wcstol
CMake Deprecation Warning at /opt/hostedtoolcache/ndk/r27c/x64/build/cmake/android.toolchain.cmake:35 (cmake_minimum_required):
  Compatibility with CMake < 3.10 will be removed from a future version of
  CMake.

  Update the VERSION argument <min> value.  Or, use the <min>...<max> syntax
  to tell CMake that the project requires at least <min> but has been updated
  to work with policies introduced by <max> or earlier.
Call Stack (most recent call first):
  /home/runner/vcpkg/scripts/buildsystems/vcpkg.cmake:210 (include)
  /home/runner/work/zh-mobile/zh-mobile/build/android-arm64/CMakeFiles/3.31.6/CMakeSystem.cmake:6 (include)
  /home/runner/work/zh-mobile/zh-mobile/build/android-arm64/CMakeFiles/CMakeScratch/TryCompile-bbs6ag/CMakeLists.txt:5 (project)


CMake Deprecation Warning at /opt/hostedtoolcache/ndk/r27c/x64/build/cmake/android-legacy.toolchain.cmake:35 (cmake_minimum_required):
  Compatibility with CMake < 3.10 will be removed from a future version of
  CMake.

  Update the VERSION argument <min> value.  Or, use the <min>...<max> syntax
  to tell CMake that the project requires at least <min> but has been updated
  to work with policies introduced by <max> or earlier.
Call Stack (most recent call first):
  /opt/hostedtoolcache/ndk/r27c/x64/build/cmake/android.toolchain.cmake:55 (include)
  /home/runner/vcpkg/scripts/buildsystems/vcpkg.cmake:210 (include)
  /home/runner/work/zh-mobile/zh-mobile/build/android-arm64/CMakeFiles/3.31.6/CMakeSystem.cmake:6 (include)
  /home/runner/work/zh-mobile/zh-mobile/build/android-arm64/CMakeFiles/CMakeScratch/TryCompile-bbs6ag/CMakeLists.txt:5 (project)


CMake Deprecation Warning at /opt/hostedtoolcache/ndk/r27c/x64/build/cmake/flags.cmake:18 (cmake_minimum_required):
  Compatibility with CMake < 3.10 will be removed from a future version of
  CMake.

  Update the VERSION argument <min> value.  Or, use the <min>...<max> syntax
  to tell CMake that the project requires at least <min> but has been updated
  to work with policies introduced by <max> or earlier.
Call Stack (most recent call first):
  /usr/local/share/cmake-3.31/Modules/Platform/Android-Clang.cmake:23 (include)
  /usr/local/share/cmake-3.31/Modules/Platform/Android-Clang-C.cmake:1 (include)
  /usr/local/share/cmake-3.31/Modules/CMakeCInformation.cmake:48 (include)
  /home/runner/work/zh-mobile/zh-mobile/build/android-arm64/CMakeFiles/CMakeScratch/TryCompile-bbs6ag/CMakeLists.txt:5 (project)


-- Looking for wcstol - found
-- Looking for strcasestr
CMake Deprecation Warning at /opt/hostedtoolcache/ndk/r27c/x64/build/cmake/android.toolchain.cmake:35 (cmake_minimum_required):
  Compatibility with CMake < 3.10 will be removed from a future version of
  CMake.

  Update the VERSION argument <min> value.  Or, use the <min>...<max> syntax
  to tell CMake that the project requires at least <min> but has been updated
  to work with policies introduced by <max> or earlier.
Call Stack (most recent call first):
  /home/runner/vcpkg/scripts/buildsystems/vcpkg.cmake:210 (include)
  /home/runner/work/zh-mobile/zh-mobile/build/android-arm64/CMakeFiles/3.31.6/CMakeSystem.cmake:6 (include)
  /home/runner/work/zh-mobile/zh-mobile/build/android-arm64/CMakeFiles/CMakeScratch/TryCompile-8LBBUi/CMakeLists.txt:5 (project)


CMake Deprecation Warning at /opt/hostedtoolcache/ndk/r27c/x64/build/cmake/android-legacy.toolchain.cmake:35 (cmake_minimum_required):
  Compatibility with CMake < 3.10 will be removed from a future version of
  CMake.

  Update the VERSION argument <min> value.  Or, use the <min>...<max> syntax
  to tell CMake that the project requires at least <min> but has been updated
  to work with policies introduced by <max> or earlier.
Call Stack (most recent call first):
  /opt/hostedtoolcache/ndk/r27c/x64/build/cmake/android.toolchain.cmake:55 (include)
  /home/runner/vcpkg/scripts/buildsystems/vcpkg.cmake:210 (include)
  /home/runner/work/zh-mobile/zh-mobile/build/android-arm64/CMakeFiles/3.31.6/CMakeSystem.cmake:6 (include)
  /home/runner/work/zh-mobile/zh-mobile/build/android-arm64/CMakeFiles/CMakeScratch/TryCompile-8LBBUi/CMakeLists.txt:5 (project)


CMake Deprecation Warning at /opt/hostedtoolcache/ndk/r27c/x64/build/cmake/flags.cmake:18 (cmake_minimum_required):
  Compatibility with CMake < 3.10 will be removed from a future version of
  CMake.

  Update the VERSION argument <min> value.  Or, use the <min>...<max> syntax
  to tell CMake that the project requires at least <min> but has been updated
  to work with policies introduced by <max> or earlier.
Call Stack (most recent call first):
  /usr/local/share/cmake-3.31/Modules/Platform/Android-Clang.cmake:23 (include)
  /usr/local/share/cmake-3.31/Modules/Platform/Android-Clang-C.cmake:1 (include)
  /usr/local/share/cmake-3.31/Modules/CMakeCInformation.cmake:48 (include)
  /home/runner/work/zh-mobile/zh-mobile/build/android-arm64/CMakeFiles/CMakeScratch/TryCompile-8LBBUi/CMakeLists.txt:5 (project)


-- Looking for strcasestr - found
-- Performing Test LIBC_HAS_ISINF
CMake Deprecation Warning at /opt/hostedtoolcache/ndk/r27c/x64/build/cmake/android.toolchain.cmake:35 (cmake_minimum_required):
  Compatibility with CMake < 3.10 will be removed from a future version of
  CMake.

  Update the VERSION argument <min> value.  Or, use the <min>...<max> syntax
  to tell CMake that the project requires at least <min> but has been updated
  to work with policies introduced by <max> or earlier.
Call Stack (most recent call first):
  /home/runner/vcpkg/scripts/buildsystems/vcpkg.cmake:210 (include)
  /home/runner/work/zh-mobile/zh-mobile/build/android-arm64/CMakeFiles/3.31.6/CMakeSystem.cmake:6 (include)
  /home/runner/work/zh-mobile/zh-mobile/build/android-arm64/CMakeFiles/CMakeScratch/TryCompile-Cx6eLm/CMakeLists.txt:5 (project)


CMake Deprecation Warning at /opt/hostedtoolcache/ndk/r27c/x64/build/cmake/android-legacy.toolchain.cmake:35 (cmake_minimum_required):
  Compatibility with CMake < 3.10 will be removed from a future version of
  CMake.

  Update the VERSION argument <min> value.  Or, use the <min>...<max> syntax
  to tell CMake that the project requires at least <min> but has been updated
  to work with policies introduced by <max> or earlier.
Call Stack (most recent call first):
  /opt/hostedtoolcache/ndk/r27c/x64/build/cmake/android.toolchain.cmake:55 (include)
  /home/runner/vcpkg/scripts/buildsystems/vcpkg.cmake:210 (include)
  /home/runner/work/zh-mobile/zh-mobile/build/android-arm64/CMakeFiles/3.31.6/CMakeSystem.cmake:6 (include)
  /home/runner/work/zh-mobile/zh-mobile/build/android-arm64/CMakeFiles/CMakeScratch/TryCompile-Cx6eLm/CMakeLists.txt:5 (project)


CMake Deprecation Warning at /opt/hostedtoolcache/ndk/r27c/x64/build/cmake/flags.cmake:18 (cmake_minimum_required):
  Compatibility with CMake < 3.10 will be removed from a future version of
  CMake.

  Update the VERSION argument <min> value.  Or, use the <min>...<max> syntax
  to tell CMake that the project requires at least <min> but has been updated
  to work with policies introduced by <max> or earlier.
Call Stack (most recent call first):
  /usr/local/share/cmake-3.31/Modules/Platform/Android-Clang.cmake:23 (include)
  /usr/local/share/cmake-3.31/Modules/Platform/Android-Clang-C.cmake:1 (include)
  /usr/local/share/cmake-3.31/Modules/CMakeCInformation.cmake:48 (include)
  /home/runner/work/zh-mobile/zh-mobile/build/android-arm64/CMakeFiles/CMakeScratch/TryCompile-Cx6eLm/CMakeLists.txt:5 (project)


-- Performing Test LIBC_HAS_ISINF - Success
-- Performing Test LIBC_ISINF_HANDLES_FLOAT
CMake Deprecation Warning at /opt/hostedtoolcache/ndk/r27c/x64/build/cmake/android.toolchain.cmake:35 (cmake_minimum_required):
  Compatibility with CMake < 3.10 will be removed from a future version of
  CMake.

  Update the VERSION argument <min> value.  Or, use the <min>...<max> syntax
  to tell CMake that the project requires at least <min> but has been updated
  to work with policies introduced by <max> or earlier.
Call Stack (most recent call first):
  /home/runner/vcpkg/scripts/buildsystems/vcpkg.cmake:210 (include)
  /home/runner/work/zh-mobile/zh-mobile/build/android-arm64/CMakeFiles/3.31.6/CMakeSystem.cmake:6 (include)
  /home/runner/work/zh-mobile/zh-mobile/build/android-arm64/CMakeFiles/CMakeScratch/TryCompile-Qt03Zx/CMakeLists.txt:5 (project)


CMake Deprecation Warning at /opt/hostedtoolcache/ndk/r27c/x64/build/cmake/android-legacy.toolchain.cmake:35 (cmake_minimum_required):
  Compatibility with CMake < 3.10 will be removed from a future version of
  CMake.

  Update the VERSION argument <min> value.  Or, use the <min>...<max> syntax
  to tell CMake that the project requires at least <min> but has been updated
  to work with policies introduced by <max> or earlier.
Call Stack (most recent call first):
  /opt/hostedtoolcache/ndk/r27c/x64/build/cmake/android.toolchain.cmake:55 (include)
  /home/runner/vcpkg/scripts/buildsystems/vcpkg.cmake:210 (include)
  /home/runner/work/zh-mobile/zh-mobile/build/android-arm64/CMakeFiles/3.31.6/CMakeSystem.cmake:6 (include)
  /home/runner/work/zh-mobile/zh-mobile/build/android-arm64/CMakeFiles/CMakeScratch/TryCompile-Qt03Zx/CMakeLists.txt:5 (project)


CMake Deprecation Warning at /opt/hostedtoolcache/ndk/r27c/x64/build/cmake/flags.cmake:18 (cmake_minimum_required):
  Compatibility with CMake < 3.10 will be removed from a future version of
  CMake.

  Update the VERSION argument <min> value.  Or, use the <min>...<max> syntax
  to tell CMake that the project requires at least <min> but has been updated
  to work with policies introduced by <max> or earlier.
Call Stack (most recent call first):
  /usr/local/share/cmake-3.31/Modules/Platform/Android-Clang.cmake:23 (include)
  /usr/local/share/cmake-3.31/Modules/Platform/Android-Clang-C.cmake:1 (include)
  /usr/local/share/cmake-3.31/Modules/CMakeCInformation.cmake:48 (include)
  /home/runner/work/zh-mobile/zh-mobile/build/android-arm64/CMakeFiles/CMakeScratch/TryCompile-Qt03Zx/CMakeLists.txt:5 (project)


-- Performing Test LIBC_ISINF_HANDLES_FLOAT - Success
-- Performing Test LIBC_HAS_ISINFF
CMake Deprecation Warning at /opt/hostedtoolcache/ndk/r27c/x64/build/cmake/android.toolchain.cmake:35 (cmake_minimum_required):
  Compatibility with CMake < 3.10 will be removed from a future version of
  CMake.

  Update the VERSION argument <min> value.  Or, use the <min>...<max> syntax
  to tell CMake that the project requires at least <min> but has been updated
  to work with policies introduced by <max> or earlier.
Call Stack (most recent call first):
  /home/runner/vcpkg/scripts/buildsystems/vcpkg.cmake:210 (include)
  /home/runner/work/zh-mobile/zh-mobile/build/android-arm64/CMakeFiles/3.31.6/CMakeSystem.cmake:6 (include)
  /home/runner/work/zh-mobile/zh-mobile/build/android-arm64/CMakeFiles/CMakeScratch/TryCompile-HkmHMi/CMakeLists.txt:5 (project)


CMake Deprecation Warning at /opt/hostedtoolcache/ndk/r27c/x64/build/cmake/android-legacy.toolchain.cmake:35 (cmake_minimum_required):
  Compatibility with CMake < 3.10 will be removed from a future version of
  CMake.

  Update the VERSION argument <min> value.  Or, use the <min>...<max> syntax
  to tell CMake that the project requires at least <min> but has been updated
  to work with policies introduced by <max> or earlier.
Call Stack (most recent call first):
  /opt/hostedtoolcache/ndk/r27c/x64/build/cmake/android.toolchain.cmake:55 (include)
  /home/runner/vcpkg/scripts/buildsystems/vcpkg.cmake:210 (include)
  /home/runner/work/zh-mobile/zh-mobile/build/android-arm64/CMakeFiles/3.31.6/CMakeSystem.cmake:6 (include)
  /home/runner/work/zh-mobile/zh-mobile/build/android-arm64/CMakeFiles/CMakeScratch/TryCompile-HkmHMi/CMakeLists.txt:5 (project)


CMake Deprecation Warning at /opt/hostedtoolcache/ndk/r27c/x64/build/cmake/flags.cmake:18 (cmake_minimum_required):
  Compatibility with CMake < 3.10 will be removed from a future version of
  CMake.

  Update the VERSION argument <min> value.  Or, use the <min>...<max> syntax
  to tell CMake that the project requires at least <min> but has been updated
  to work with policies introduced by <max> or earlier.
Call Stack (most recent call first):
  /usr/local/share/cmake-3.31/Modules/Platform/Android-Clang.cmake:23 (include)
  /usr/local/share/cmake-3.31/Modules/Platform/Android-Clang-C.cmake:1 (include)
  /usr/local/share/cmake-3.31/Modules/CMakeCInformation.cmake:48 (include)
  /home/runner/work/zh-mobile/zh-mobile/build/android-arm64/CMakeFiles/CMakeScratch/TryCompile-HkmHMi/CMakeLists.txt:5 (project)


-- Performing Test LIBC_HAS_ISINFF - Failed
-- Performing Test LIBC_HAS_ISNAN
CMake Deprecation Warning at /opt/hostedtoolcache/ndk/r27c/x64/build/cmake/android.toolchain.cmake:35 (cmake_minimum_required):
  Compatibility with CMake < 3.10 will be removed from a future version of
  CMake.

  Update the VERSION argument <min> value.  Or, use the <min>...<max> syntax
  to tell CMake that the project requires at least <min> but has been updated
  to work with policies introduced by <max> or earlier.
Call Stack (most recent call first):
  /home/runner/vcpkg/scripts/buildsystems/vcpkg.cmake:210 (include)
  /home/runner/work/zh-mobile/zh-mobile/build/android-arm64/CMakeFiles/3.31.6/CMakeSystem.cmake:6 (include)
  /home/runner/work/zh-mobile/zh-mobile/build/android-arm64/CMakeFiles/CMakeScratch/TryCompile-38w8S6/CMakeLists.txt:5 (project)


CMake Deprecation Warning at /opt/hostedtoolcache/ndk/r27c/x64/build/cmake/android-legacy.toolchain.cmake:35 (cmake_minimum_required):
  Compatibility with CMake < 3.10 will be removed from a future version of
  CMake.

  Update the VERSION argument <min> value.  Or, use the <min>...<max> syntax
  to tell CMake that the project requires at least <min> but has been updated
  to work with policies introduced by <max> or earlier.
Call Stack (most recent call first):
  /opt/hostedtoolcache/ndk/r27c/x64/build/cmake/android.toolchain.cmake:55 (include)
  /home/runner/vcpkg/scripts/buildsystems/vcpkg.cmake:210 (include)
  /home/runner/work/zh-mobile/zh-mobile/build/android-arm64/CMakeFiles/3.31.6/CMakeSystem.cmake:6 (include)
  /home/runner/work/zh-mobile/zh-mobile/build/android-arm64/CMakeFiles/CMakeScratch/TryCompile-38w8S6/CMakeLists.txt:5 (project)


CMake Deprecation Warning at /opt/hostedtoolcache/ndk/r27c/x64/build/cmake/flags.cmake:18 (cmake_minimum_required):
  Compatibility with CMake < 3.10 will be removed from a future version of
  CMake.

  Update the VERSION argument <min> value.  Or, use the <min>...<max> syntax
  to tell CMake that the project requires at least <min> but has been updated
  to work with policies introduced by <max> or earlier.
Call Stack (most recent call first):
  /usr/local/share/cmake-3.31/Modules/Platform/Android-Clang.cmake:23 (include)
  /usr/local/share/cmake-3.31/Modules/Platform/Android-Clang-C.cmake:1 (include)
  /usr/local/share/cmake-3.31/Modules/CMakeCInformation.cmake:48 (include)
  /home/runner/work/zh-mobile/zh-mobile/build/android-arm64/CMakeFiles/CMakeScratch/TryCompile-38w8S6/CMakeLists.txt:5 (project)


-- Performing Test LIBC_HAS_ISNAN - Success
-- Performing Test LIBC_ISNAN_HANDLES_FLOAT
CMake Deprecation Warning at /opt/hostedtoolcache/ndk/r27c/x64/build/cmake/android.toolchain.cmake:35 (cmake_minimum_required):
  Compatibility with CMake < 3.10 will be removed from a future version of
  CMake.

  Update the VERSION argument <min> value.  Or, use the <min>...<max> syntax
  to tell CMake that the project requires at least <min> but has been updated
  to work with policies introduced by <max> or earlier.
Call Stack (most recent call first):
  /home/runner/vcpkg/scripts/buildsystems/vcpkg.cmake:210 (include)
  /home/runner/work/zh-mobile/zh-mobile/build/android-arm64/CMakeFiles/3.31.6/CMakeSystem.cmake:6 (include)
  /home/runner/work/zh-mobile/zh-mobile/build/android-arm64/CMakeFiles/CMakeScratch/TryCompile-AVTxcY/CMakeLists.txt:5 (project)


CMake Deprecation Warning at /opt/hostedtoolcache/ndk/r27c/x64/build/cmake/android-legacy.toolchain.cmake:35 (cmake_minimum_required):
  Compatibility with CMake < 3.10 will be removed from a future version of
  CMake.

  Update the VERSION argument <min> value.  Or, use the <min>...<max> syntax
  to tell CMake that the project requires at least <min> but has been updated
  to work with policies introduced by <max> or earlier.
Call Stack (most recent call first):
  /opt/hostedtoolcache/ndk/r27c/x64/build/cmake/android.toolchain.cmake:55 (include)
  /home/runner/vcpkg/scripts/buildsystems/vcpkg.cmake:210 (include)
  /home/runner/work/zh-mobile/zh-mobile/build/android-arm64/CMakeFiles/3.31.6/CMakeSystem.cmake:6 (include)
  /home/runner/work/zh-mobile/zh-mobile/build/android-arm64/CMakeFiles/CMakeScratch/TryCompile-AVTxcY/CMakeLists.txt:5 (project)


CMake Deprecation Warning at /opt/hostedtoolcache/ndk/r27c/x64/build/cmake/flags.cmake:18 (cmake_minimum_required):
  Compatibility with CMake < 3.10 will be removed from a future version of
  CMake.

  Update the VERSION argument <min> value.  Or, use the <min>...<max> syntax
  to tell CMake that the project requires at least <min> but has been updated
  to work with policies introduced by <max> or earlier.
Call Stack (most recent call first):
  /usr/local/share/cmake-3.31/Modules/Platform/Android-Clang.cmake:23 (include)
  /usr/local/share/cmake-3.31/Modules/Platform/Android-Clang-C.cmake:1 (include)
  /usr/local/share/cmake-3.31/Modules/CMakeCInformation.cmake:48 (include)
  /home/runner/work/zh-mobile/zh-mobile/build/android-arm64/CMakeFiles/CMakeScratch/TryCompile-AVTxcY/CMakeLists.txt:5 (project)


-- Performing Test LIBC_ISNAN_HANDLES_FLOAT - Success
-- Performing Test LIBC_HAS_ISNANF
CMake Deprecation Warning at /opt/hostedtoolcache/ndk/r27c/x64/build/cmake/android.toolchain.cmake:35 (cmake_minimum_required):
  Compatibility with CMake < 3.10 will be removed from a future version of
  CMake.

  Update the VERSION argument <min> value.  Or, use the <min>...<max> syntax
  to tell CMake that the project requires at least <min> but has been updated
  to work with policies introduced by <max> or earlier.
Call Stack (most recent call first):
  /home/runner/vcpkg/scripts/buildsystems/vcpkg.cmake:210 (include)
  /home/runner/work/zh-mobile/zh-mobile/build/android-arm64/CMakeFiles/3.31.6/CMakeSystem.cmake:6 (include)
  /home/runner/work/zh-mobile/zh-mobile/build/android-arm64/CMakeFiles/CMakeScratch/TryCompile-OCBdrw/CMakeLists.txt:5 (project)


CMake Deprecation Warning at /opt/hostedtoolcache/ndk/r27c/x64/build/cmake/android-legacy.toolchain.cmake:35 (cmake_minimum_required):
  Compatibility with CMake < 3.10 will be removed from a future version of
  CMake.

  Update the VERSION argument <min> value.  Or, use the <min>...<max> syntax
  to tell CMake that the project requires at least <min> but has been updated
  to work with policies introduced by <max> or earlier.
Call Stack (most recent call first):
  /opt/hostedtoolcache/ndk/r27c/x64/build/cmake/android.toolchain.cmake:55 (include)
  /home/runner/vcpkg/scripts/buildsystems/vcpkg.cmake:210 (include)
  /home/runner/work/zh-mobile/zh-mobile/build/android-arm64/CMakeFiles/3.31.6/CMakeSystem.cmake:6 (include)
  /home/runner/work/zh-mobile/zh-mobile/build/android-arm64/CMakeFiles/CMakeScratch/TryCompile-OCBdrw/CMakeLists.txt:5 (project)


CMake Deprecation Warning at /opt/hostedtoolcache/ndk/r27c/x64/build/cmake/flags.cmake:18 (cmake_minimum_required):
  Compatibility with CMake < 3.10 will be removed from a future version of
  CMake.

  Update the VERSION argument <min> value.  Or, use the <min>...<max> syntax
  to tell CMake that the project requires at least <min> but has been updated
  to work with policies introduced by <max> or earlier.
Call Stack (most recent call first):
  /usr/local/share/cmake-3.31/Modules/Platform/Android-Clang.cmake:23 (include)
  /usr/local/share/cmake-3.31/Modules/Platform/Android-Clang-C.cmake:1 (include)
  /usr/local/share/cmake-3.31/Modules/CMakeCInformation.cmake:48 (include)
  /home/runner/work/zh-mobile/zh-mobile/build/android-arm64/CMakeFiles/CMakeScratch/TryCompile-OCBdrw/CMakeLists.txt:5 (project)


-- Performing Test LIBC_HAS_ISNANF - Success
-- Looking for fdatasync
CMake Deprecation Warning at /opt/hostedtoolcache/ndk/r27c/x64/build/cmake/android.toolchain.cmake:35 (cmake_minimum_required):
  Compatibility with CMake < 3.10 will be removed from a future version of
  CMake.

  Update the VERSION argument <min> value.  Or, use the <min>...<max> syntax
  to tell CMake that the project requires at least <min> but has been updated
  to work with policies introduced by <max> or earlier.
Call Stack (most recent call first):
  /home/runner/vcpkg/scripts/buildsystems/vcpkg.cmake:210 (include)
  /home/runner/work/zh-mobile/zh-mobile/build/android-arm64/CMakeFiles/3.31.6/CMakeSystem.cmake:6 (include)
  /home/runner/work/zh-mobile/zh-mobile/build/android-arm64/CMakeFiles/CMakeScratch/TryCompile-9ZRSuu/CMakeLists.txt:5 (project)


CMake Deprecation Warning at /opt/hostedtoolcache/ndk/r27c/x64/build/cmake/android-legacy.toolchain.cmake:35 (cmake_minimum_required):
  Compatibility with CMake < 3.10 will be removed from a future version of
  CMake.

  Update the VERSION argument <min> value.  Or, use the <min>...<max> syntax
  to tell CMake that the project requires at least <min> but has been updated
  to work with policies introduced by <max> or earlier.
Call Stack (most recent call first):
  /opt/hostedtoolcache/ndk/r27c/x64/build/cmake/android.toolchain.cmake:55 (include)
  /home/runner/vcpkg/scripts/buildsystems/vcpkg.cmake:210 (include)
  /home/runner/work/zh-mobile/zh-mobile/build/android-arm64/CMakeFiles/3.31.6/CMakeSystem.cmake:6 (include)
  /home/runner/work/zh-mobile/zh-mobile/build/android-arm64/CMakeFiles/CMakeScratch/TryCompile-9ZRSuu/CMakeLists.txt:5 (project)


CMake Deprecation Warning at /opt/hostedtoolcache/ndk/r27c/x64/build/cmake/flags.cmake:18 (cmake_minimum_required):
  Compatibility with CMake < 3.10 will be removed from a future version of
  CMake.

  Update the VERSION argument <min> value.  Or, use the <min>...<max> syntax
  to tell CMake that the project requires at least <min> but has been updated
  to work with policies introduced by <max> or earlier.
Call Stack (most recent call first):
  /usr/local/share/cmake-3.31/Modules/Platform/Android-Clang.cmake:23 (include)
  /usr/local/share/cmake-3.31/Modules/Platform/Android-Clang-C.cmake:1 (include)
  /usr/local/share/cmake-3.31/Modules/CMakeCInformation.cmake:48 (include)
  /home/runner/work/zh-mobile/zh-mobile/build/android-arm64/CMakeFiles/CMakeScratch/TryCompile-9ZRSuu/CMakeLists.txt:5 (project)


-- Looking for fdatasync - found
-- Looking for gethostname
CMake Deprecation Warning at /opt/hostedtoolcache/ndk/r27c/x64/build/cmake/android.toolchain.cmake:35 (cmake_minimum_required):
  Compatibility with CMake < 3.10 will be removed from a future version of
  CMake.

  Update the VERSION argument <min> value.  Or, use the <min>...<max> syntax
  to tell CMake that the project requires at least <min> but has been updated
  to work with policies introduced by <max> or earlier.
Call Stack (most recent call first):
  /home/runner/vcpkg/scripts/buildsystems/vcpkg.cmake:210 (include)
  /home/runner/work/zh-mobile/zh-mobile/build/android-arm64/CMakeFiles/3.31.6/CMakeSystem.cmake:6 (include)
  /home/runner/work/zh-mobile/zh-mobile/build/android-arm64/CMakeFiles/CMakeScratch/TryCompile-iLP03l/CMakeLists.txt:5 (project)


CMake Deprecation Warning at /opt/hostedtoolcache/ndk/r27c/x64/build/cmake/android-legacy.toolchain.cmake:35 (cmake_minimum_required):
  Compatibility with CMake < 3.10 will be removed from a future version of
  CMake.

  Update the VERSION argument <min> value.  Or, use the <min>...<max> syntax
  to tell CMake that the project requires at least <min> but has been updated
  to work with policies introduced by <max> or earlier.
Call Stack (most recent call first):
  /opt/hostedtoolcache/ndk/r27c/x64/build/cmake/android.toolchain.cmake:55 (include)
  /home/runner/vcpkg/scripts/buildsystems/vcpkg.cmake:210 (include)
  /home/runner/work/zh-mobile/zh-mobile/build/android-arm64/CMakeFiles/3.31.6/CMakeSystem.cmake:6 (include)
  /home/runner/work/zh-mobile/zh-mobile/build/android-arm64/CMakeFiles/CMakeScratch/TryCompile-iLP03l/CMakeLists.txt:5 (project)


CMake Deprecation Warning at /opt/hostedtoolcache/ndk/r27c/x64/build/cmake/flags.cmake:18 (cmake_minimum_required):
  Compatibility with CMake < 3.10 will be removed from a future version of
  CMake.

  Update the VERSION argument <min> value.  Or, use the <min>...<max> syntax
  to tell CMake that the project requires at least <min> but has been updated
  to work with policies introduced by <max> or earlier.
Call Stack (most recent call first):
  /usr/local/share/cmake-3.31/Modules/Platform/Android-Clang.cmake:23 (include)
  /usr/local/share/cmake-3.31/Modules/Platform/Android-Clang-C.cmake:1 (include)
  /usr/local/share/cmake-3.31/Modules/CMakeCInformation.cmake:48 (include)
  /home/runner/work/zh-mobile/zh-mobile/build/android-arm64/CMakeFiles/CMakeScratch/TryCompile-iLP03l/CMakeLists.txt:5 (project)


-- Looking for gethostname - found
-- Looking for getpagesize
CMake Deprecation Warning at /opt/hostedtoolcache/ndk/r27c/x64/build/cmake/android.toolchain.cmake:35 (cmake_minimum_required):
  Compatibility with CMake < 3.10 will be removed from a future version of
  CMake.

  Update the VERSION argument <min> value.  Or, use the <min>...<max> syntax
  to tell CMake that the project requires at least <min> but has been updated
  to work with policies introduced by <max> or earlier.
Call Stack (most recent call first):
  /home/runner/vcpkg/scripts/buildsystems/vcpkg.cmake:210 (include)
  /home/runner/work/zh-mobile/zh-mobile/build/android-arm64/CMakeFiles/3.31.6/CMakeSystem.cmake:6 (include)
  /home/runner/work/zh-mobile/zh-mobile/build/android-arm64/CMakeFiles/CMakeScratch/TryCompile-RFtGQX/CMakeLists.txt:5 (project)


CMake Deprecation Warning at /opt/hostedtoolcache/ndk/r27c/x64/build/cmake/android-legacy.toolchain.cmake:35 (cmake_minimum_required):
  Compatibility with CMake < 3.10 will be removed from a future version of
  CMake.

  Update the VERSION argument <min> value.  Or, use the <min>...<max> syntax
  to tell CMake that the project requires at least <min> but has been updated
  to work with policies introduced by <max> or earlier.
Call Stack (most recent call first):
  /opt/hostedtoolcache/ndk/r27c/x64/build/cmake/android.toolchain.cmake:55 (include)
  /home/runner/vcpkg/scripts/buildsystems/vcpkg.cmake:210 (include)
  /home/runner/work/zh-mobile/zh-mobile/build/android-arm64/CMakeFiles/3.31.6/CMakeSystem.cmake:6 (include)
  /home/runner/work/zh-mobile/zh-mobile/build/android-arm64/CMakeFiles/CMakeScratch/TryCompile-RFtGQX/CMakeLists.txt:5 (project)


CMake Deprecation Warning at /opt/hostedtoolcache/ndk/r27c/x64/build/cmake/flags.cmake:18 (cmake_minimum_required):
  Compatibility with CMake < 3.10 will be removed from a future version of
  CMake.

  Update the VERSION argument <min> value.  Or, use the <min>...<max> syntax
  to tell CMake that the project requires at least <min> but has been updated
  to work with policies introduced by <max> or earlier.
Call Stack (most recent call first):
  /usr/local/share/cmake-3.31/Modules/Platform/Android-Clang.cmake:23 (include)
  /usr/local/share/cmake-3.31/Modules/Platform/Android-Clang-C.cmake:1 (include)
  /usr/local/share/cmake-3.31/Modules/CMakeCInformation.cmake:48 (include)
  /home/runner/work/zh-mobile/zh-mobile/build/android-arm64/CMakeFiles/CMakeScratch/TryCompile-RFtGQX/CMakeLists.txt:5 (project)


-- Looking for getpagesize - found
-- Looking for getresgid
CMake Deprecation Warning at /opt/hostedtoolcache/ndk/r27c/x64/build/cmake/android.toolchain.cmake:35 (cmake_minimum_required):
  Compatibility with CMake < 3.10 will be removed from a future version of
  CMake.

  Update the VERSION argument <min> value.  Or, use the <min>...<max> syntax
  to tell CMake that the project requires at least <min> but has been updated
  to work with policies introduced by <max> or earlier.
Call Stack (most recent call first):
  /home/runner/vcpkg/scripts/buildsystems/vcpkg.cmake:210 (include)
  /home/runner/work/zh-mobile/zh-mobile/build/android-arm64/CMakeFiles/3.31.6/CMakeSystem.cmake:6 (include)
  /home/runner/work/zh-mobile/zh-mobile/build/android-arm64/CMakeFiles/CMakeScratch/TryCompile-jGJBI6/CMakeLists.txt:5 (project)


CMake Deprecation Warning at /opt/hostedtoolcache/ndk/r27c/x64/build/cmake/android-legacy.toolchain.cmake:35 (cmake_minimum_required):
  Compatibility with CMake < 3.10 will be removed from a future version of
  CMake.

  Update the VERSION argument <min> value.  Or, use the <min>...<max> syntax
  to tell CMake that the project requires at least <min> but has been updated
  to work with policies introduced by <max> or earlier.
Call Stack (most recent call first):
  /opt/hostedtoolcache/ndk/r27c/x64/build/cmake/android.toolchain.cmake:55 (include)
  /home/runner/vcpkg/scripts/buildsystems/vcpkg.cmake:210 (include)
  /home/runner/work/zh-mobile/zh-mobile/build/android-arm64/CMakeFiles/3.31.6/CMakeSystem.cmake:6 (include)
  /home/runner/work/zh-mobile/zh-mobile/build/android-arm64/CMakeFiles/CMakeScratch/TryCompile-jGJBI6/CMakeLists.txt:5 (project)


CMake Deprecation Warning at /opt/hostedtoolcache/ndk/r27c/x64/build/cmake/flags.cmake:18 (cmake_minimum_required):
  Compatibility with CMake < 3.10 will be removed from a future version of
  CMake.

  Update the VERSION argument <min> value.  Or, use the <min>...<max> syntax
  to tell CMake that the project requires at least <min> but has been updated
  to work with policies introduced by <max> or earlier.
Call Stack (most recent call first):
  /usr/local/share/cmake-3.31/Modules/Platform/Android-Clang.cmake:23 (include)
  /usr/local/share/cmake-3.31/Modules/Platform/Android-Clang-C.cmake:1 (include)
  /usr/local/share/cmake-3.31/Modules/CMakeCInformation.cmake:48 (include)
  /home/runner/work/zh-mobile/zh-mobile/build/android-arm64/CMakeFiles/CMakeScratch/TryCompile-jGJBI6/CMakeLists.txt:5 (project)


-- Looking for getresgid - found
-- Looking for getresuid
CMake Deprecation Warning at /opt/hostedtoolcache/ndk/r27c/x64/build/cmake/android.toolchain.cmake:35 (cmake_minimum_required):
  Compatibility with CMake < 3.10 will be removed from a future version of
  CMake.

  Update the VERSION argument <min> value.  Or, use the <min>...<max> syntax
  to tell CMake that the project requires at least <min> but has been updated
  to work with policies introduced by <max> or earlier.
Call Stack (most recent call first):
  /home/runner/vcpkg/scripts/buildsystems/vcpkg.cmake:210 (include)
  /home/runner/work/zh-mobile/zh-mobile/build/android-arm64/CMakeFiles/3.31.6/CMakeSystem.cmake:6 (include)
  /home/runner/work/zh-mobile/zh-mobile/build/android-arm64/CMakeFiles/CMakeScratch/TryCompile-oR3SNU/CMakeLists.txt:5 (project)


CMake Deprecation Warning at /opt/hostedtoolcache/ndk/r27c/x64/build/cmake/android-legacy.toolchain.cmake:35 (cmake_minimum_required):
  Compatibility with CMake < 3.10 will be removed from a future version of
  CMake.

  Update the VERSION argument <min> value.  Or, use the <min>...<max> syntax
  to tell CMake that the project requires at least <min> but has been updated
  to work with policies introduced by <max> or earlier.
Call Stack (most recent call first):
  /opt/hostedtoolcache/ndk/r27c/x64/build/cmake/android.toolchain.cmake:55 (include)
  /home/runner/vcpkg/scripts/buildsystems/vcpkg.cmake:210 (include)
  /home/runner/work/zh-mobile/zh-mobile/build/android-arm64/CMakeFiles/3.31.6/CMakeSystem.cmake:6 (include)
  /home/runner/work/zh-mobile/zh-mobile/build/android-arm64/CMakeFiles/CMakeScratch/TryCompile-oR3SNU/CMakeLists.txt:5 (project)


CMake Deprecation Warning at /opt/hostedtoolcache/ndk/r27c/x64/build/cmake/flags.cmake:18 (cmake_minimum_required):
  Compatibility with CMake < 3.10 will be removed from a future version of
  CMake.

  Update the VERSION argument <min> value.  Or, use the <min>...<max> syntax
  to tell CMake that the project requires at least <min> but has been updated
  to work with policies introduced by <max> or earlier.
Call Stack (most recent call first):
  /usr/local/share/cmake-3.31/Modules/Platform/Android-Clang.cmake:23 (include)
  /usr/local/share/cmake-3.31/Modules/Platform/Android-Clang-C.cmake:1 (include)
  /usr/local/share/cmake-3.31/Modules/CMakeCInformation.cmake:48 (include)
  /home/runner/work/zh-mobile/zh-mobile/build/android-arm64/CMakeFiles/CMakeScratch/TryCompile-oR3SNU/CMakeLists.txt:5 (project)


-- Looking for getresuid - found
-- Looking for sigaction
CMake Deprecation Warning at /opt/hostedtoolcache/ndk/r27c/x64/build/cmake/android.toolchain.cmake:35 (cmake_minimum_required):
  Compatibility with CMake < 3.10 will be removed from a future version of
  CMake.

  Update the VERSION argument <min> value.  Or, use the <min>...<max> syntax
  to tell CMake that the project requires at least <min> but has been updated
  to work with policies introduced by <max> or earlier.
Call Stack (most recent call first):
  /home/runner/vcpkg/scripts/buildsystems/vcpkg.cmake:210 (include)
  /home/runner/work/zh-mobile/zh-mobile/build/android-arm64/CMakeFiles/3.31.6/CMakeSystem.cmake:6 (include)
  /home/runner/work/zh-mobile/zh-mobile/build/android-arm64/CMakeFiles/CMakeScratch/TryCompile-tcmejK/CMakeLists.txt:5 (project)


CMake Deprecation Warning at /opt/hostedtoolcache/ndk/r27c/x64/build/cmake/android-legacy.toolchain.cmake:35 (cmake_minimum_required):
  Compatibility with CMake < 3.10 will be removed from a future version of
  CMake.

  Update the VERSION argument <min> value.  Or, use the <min>...<max> syntax
  to tell CMake that the project requires at least <min> but has been updated
  to work with policies introduced by <max> or earlier.
Call Stack (most recent call first):
  /opt/hostedtoolcache/ndk/r27c/x64/build/cmake/android.toolchain.cmake:55 (include)
  /home/runner/vcpkg/scripts/buildsystems/vcpkg.cmake:210 (include)
  /home/runner/work/zh-mobile/zh-mobile/build/android-arm64/CMakeFiles/3.31.6/CMakeSystem.cmake:6 (include)
  /home/runner/work/zh-mobile/zh-mobile/build/android-arm64/CMakeFiles/CMakeScratch/TryCompile-tcmejK/CMakeLists.txt:5 (project)


CMake Deprecation Warning at /opt/hostedtoolcache/ndk/r27c/x64/build/cmake/flags.cmake:18 (cmake_minimum_required):
  Compatibility with CMake < 3.10 will be removed from a future version of
  CMake.

  Update the VERSION argument <min> value.  Or, use the <min>...<max> syntax
  to tell CMake that the project requires at least <min> but has been updated
  to work with policies introduced by <max> or earlier.
Call Stack (most recent call first):
  /usr/local/share/cmake-3.31/Modules/Platform/Android-Clang.cmake:23 (include)
  /usr/local/share/cmake-3.31/Modules/Platform/Android-Clang-C.cmake:1 (include)
  /usr/local/share/cmake-3.31/Modules/CMakeCInformation.cmake:48 (include)
  /home/runner/work/zh-mobile/zh-mobile/build/android-arm64/CMakeFiles/CMakeScratch/TryCompile-tcmejK/CMakeLists.txt:5 (project)


-- Looking for sigaction - found
-- Looking for sigtimedwait
CMake Deprecation Warning at /opt/hostedtoolcache/ndk/r27c/x64/build/cmake/android.toolchain.cmake:35 (cmake_minimum_required):
  Compatibility with CMake < 3.10 will be removed from a future version of
  CMake.

  Update the VERSION argument <min> value.  Or, use the <min>...<max> syntax
  to tell CMake that the project requires at least <min> but has been updated
  to work with policies introduced by <max> or earlier.
Call Stack (most recent call first):
  /home/runner/vcpkg/scripts/buildsystems/vcpkg.cmake:210 (include)
  /home/runner/work/zh-mobile/zh-mobile/build/android-arm64/CMakeFiles/3.31.6/CMakeSystem.cmake:6 (include)
  /home/runner/work/zh-mobile/zh-mobile/build/android-arm64/CMakeFiles/CMakeScratch/TryCompile-aWQlY7/CMakeLists.txt:5 (project)


CMake Deprecation Warning at /opt/hostedtoolcache/ndk/r27c/x64/build/cmake/android-legacy.toolchain.cmake:35 (cmake_minimum_required):
  Compatibility with CMake < 3.10 will be removed from a future version of
  CMake.

  Update the VERSION argument <min> value.  Or, use the <min>...<max> syntax
  to tell CMake that the project requires at least <min> but has been updated
  to work with policies introduced by <max> or earlier.
Call Stack (most recent call first):
  /opt/hostedtoolcache/ndk/r27c/x64/build/cmake/android.toolchain.cmake:55 (include)
  /home/runner/vcpkg/scripts/buildsystems/vcpkg.cmake:210 (include)
  /home/runner/work/zh-mobile/zh-mobile/build/android-arm64/CMakeFiles/3.31.6/CMakeSystem.cmake:6 (include)
  /home/runner/work/zh-mobile/zh-mobile/build/android-arm64/CMakeFiles/CMakeScratch/TryCompile-aWQlY7/CMakeLists.txt:5 (project)


CMake Deprecation Warning at /opt/hostedtoolcache/ndk/r27c/x64/build/cmake/flags.cmake:18 (cmake_minimum_required):
  Compatibility with CMake < 3.10 will be removed from a future version of
  CMake.

  Update the VERSION argument <min> value.  Or, use the <min>...<max> syntax
  to tell CMake that the project requires at least <min> but has been updated
  to work with policies introduced by <max> or earlier.
Call Stack (most recent call first):
  /usr/local/share/cmake-3.31/Modules/Platform/Android-Clang.cmake:23 (include)
  /usr/local/share/cmake-3.31/Modules/Platform/Android-Clang-C.cmake:1 (include)
  /usr/local/share/cmake-3.31/Modules/CMakeCInformation.cmake:48 (include)
  /home/runner/work/zh-mobile/zh-mobile/build/android-arm64/CMakeFiles/CMakeScratch/TryCompile-aWQlY7/CMakeLists.txt:5 (project)


-- Looking for sigtimedwait - found
-- Looking for setjmp
CMake Deprecation Warning at /opt/hostedtoolcache/ndk/r27c/x64/build/cmake/android.toolchain.cmake:35 (cmake_minimum_required):
  Compatibility with CMake < 3.10 will be removed from a future version of
  CMake.

  Update the VERSION argument <min> value.  Or, use the <min>...<max> syntax
  to tell CMake that the project requires at least <min> but has been updated
  to work with policies introduced by <max> or earlier.
Call Stack (most recent call first):
  /home/runner/vcpkg/scripts/buildsystems/vcpkg.cmake:210 (include)
  /home/runner/work/zh-mobile/zh-mobile/build/android-arm64/CMakeFiles/3.31.6/CMakeSystem.cmake:6 (include)
  /home/runner/work/zh-mobile/zh-mobile/build/android-arm64/CMakeFiles/CMakeScratch/TryCompile-EsjnSU/CMakeLists.txt:5 (project)


CMake Deprecation Warning at /opt/hostedtoolcache/ndk/r27c/x64/build/cmake/android-legacy.toolchain.cmake:35 (cmake_minimum_required):
  Compatibility with CMake < 3.10 will be removed from a future version of
  CMake.

  Update the VERSION argument <min> value.  Or, use the <min>...<max> syntax
  to tell CMake that the project requires at least <min> but has been updated
  to work with policies introduced by <max> or earlier.
Call Stack (most recent call first):
  /opt/hostedtoolcache/ndk/r27c/x64/build/cmake/android.toolchain.cmake:55 (include)
  /home/runner/vcpkg/scripts/buildsystems/vcpkg.cmake:210 (include)
  /home/runner/work/zh-mobile/zh-mobile/build/android-arm64/CMakeFiles/3.31.6/CMakeSystem.cmake:6 (include)
  /home/runner/work/zh-mobile/zh-mobile/build/android-arm64/CMakeFiles/CMakeScratch/TryCompile-EsjnSU/CMakeLists.txt:5 (project)


CMake Deprecation Warning at /opt/hostedtoolcache/ndk/r27c/x64/build/cmake/flags.cmake:18 (cmake_minimum_required):
  Compatibility with CMake < 3.10 will be removed from a future version of
  CMake.

  Update the VERSION argument <min> value.  Or, use the <min>...<max> syntax
  to tell CMake that the project requires at least <min> but has been updated
  to work with policies introduced by <max> or earlier.
Call Stack (most recent call first):
  /usr/local/share/cmake-3.31/Modules/Platform/Android-Clang.cmake:23 (include)
  /usr/local/share/cmake-3.31/Modules/Platform/Android-Clang-C.cmake:1 (include)
  /usr/local/share/cmake-3.31/Modules/CMakeCInformation.cmake:48 (include)
  /home/runner/work/zh-mobile/zh-mobile/build/android-arm64/CMakeFiles/CMakeScratch/TryCompile-EsjnSU/CMakeLists.txt:5 (project)


-- Looking for setjmp - found
-- Looking for nanosleep
CMake Deprecation Warning at /opt/hostedtoolcache/ndk/r27c/x64/build/cmake/android.toolchain.cmake:35 (cmake_minimum_required):
  Compatibility with CMake < 3.10 will be removed from a future version of
  CMake.

  Update the VERSION argument <min> value.  Or, use the <min>...<max> syntax
  to tell CMake that the project requires at least <min> but has been updated
  to work with policies introduced by <max> or earlier.
Call Stack (most recent call first):
  /home/runner/vcpkg/scripts/buildsystems/vcpkg.cmake:210 (include)
  /home/runner/work/zh-mobile/zh-mobile/build/android-arm64/CMakeFiles/3.31.6/CMakeSystem.cmake:6 (include)
  /home/runner/work/zh-mobile/zh-mobile/build/android-arm64/CMakeFiles/CMakeScratch/TryCompile-81h2OS/CMakeLists.txt:5 (project)


CMake Deprecation Warning at /opt/hostedtoolcache/ndk/r27c/x64/build/cmake/android-legacy.toolchain.cmake:35 (cmake_minimum_required):
  Compatibility with CMake < 3.10 will be removed from a future version of
  CMake.

  Update the VERSION argument <min> value.  Or, use the <min>...<max> syntax
  to tell CMake that the project requires at least <min> but has been updated
  to work with policies introduced by <max> or earlier.
Call Stack (most recent call first):
  /opt/hostedtoolcache/ndk/r27c/x64/build/cmake/android.toolchain.cmake:55 (include)
  /home/runner/vcpkg/scripts/buildsystems/vcpkg.cmake:210 (include)
  /home/runner/work/zh-mobile/zh-mobile/build/android-arm64/CMakeFiles/3.31.6/CMakeSystem.cmake:6 (include)
  /home/runner/work/zh-mobile/zh-mobile/build/android-arm64/CMakeFiles/CMakeScratch/TryCompile-81h2OS/CMakeLists.txt:5 (project)


CMake Deprecation Warning at /opt/hostedtoolcache/ndk/r27c/x64/build/cmake/flags.cmake:18 (cmake_minimum_required):
  Compatibility with CMake < 3.10 will be removed from a future version of
  CMake.

  Update the VERSION argument <min> value.  Or, use the <min>...<max> syntax
  to tell CMake that the project requires at least <min> but has been updated
  to work with policies introduced by <max> or earlier.
Call Stack (most recent call first):
  /usr/local/share/cmake-3.31/Modules/Platform/Android-Clang.cmake:23 (include)
  /usr/local/share/cmake-3.31/Modules/Platform/Android-Clang-C.cmake:1 (include)
  /usr/local/share/cmake-3.31/Modules/CMakeCInformation.cmake:48 (include)
  /home/runner/work/zh-mobile/zh-mobile/build/android-arm64/CMakeFiles/CMakeScratch/TryCompile-81h2OS/CMakeLists.txt:5 (project)


-- Looking for nanosleep - found
-- Looking for gmtime_r
CMake Deprecation Warning at /opt/hostedtoolcache/ndk/r27c/x64/build/cmake/android.toolchain.cmake:35 (cmake_minimum_required):
  Compatibility with CMake < 3.10 will be removed from a future version of
  CMake.

  Update the VERSION argument <min> value.  Or, use the <min>...<max> syntax
  to tell CMake that the project requires at least <min> but has been updated
  to work with policies introduced by <max> or earlier.
Call Stack (most recent call first):
  /home/runner/vcpkg/scripts/buildsystems/vcpkg.cmake:210 (include)
  /home/runner/work/zh-mobile/zh-mobile/build/android-arm64/CMakeFiles/3.31.6/CMakeSystem.cmake:6 (include)
  /home/runner/work/zh-mobile/zh-mobile/build/android-arm64/CMakeFiles/CMakeScratch/TryCompile-7nixvf/CMakeLists.txt:5 (project)


CMake Deprecation Warning at /opt/hostedtoolcache/ndk/r27c/x64/build/cmake/android-legacy.toolchain.cmake:35 (cmake_minimum_required):
  Compatibility with CMake < 3.10 will be removed from a future version of
  CMake.

  Update the VERSION argument <min> value.  Or, use the <min>...<max> syntax
  to tell CMake that the project requires at least <min> but has been updated
  to work with policies introduced by <max> or earlier.
Call Stack (most recent call first):
  /opt/hostedtoolcache/ndk/r27c/x64/build/cmake/android.toolchain.cmake:55 (include)
  /home/runner/vcpkg/scripts/buildsystems/vcpkg.cmake:210 (include)
  /home/runner/work/zh-mobile/zh-mobile/build/android-arm64/CMakeFiles/3.31.6/CMakeSystem.cmake:6 (include)
  /home/runner/work/zh-mobile/zh-mobile/build/android-arm64/CMakeFiles/CMakeScratch/TryCompile-7nixvf/CMakeLists.txt:5 (project)


CMake Deprecation Warning at /opt/hostedtoolcache/ndk/r27c/x64/build/cmake/flags.cmake:18 (cmake_minimum_required):
  Compatibility with CMake < 3.10 will be removed from a future version of
  CMake.

  Update the VERSION argument <min> value.  Or, use the <min>...<max> syntax
  to tell CMake that the project requires at least <min> but has been updated
  to work with policies introduced by <max> or earlier.
Call Stack (most recent call first):
  /usr/local/share/cmake-3.31/Modules/Platform/Android-Clang.cmake:23 (include)
  /usr/local/share/cmake-3.31/Modules/Platform/Android-Clang-C.cmake:1 (include)
  /usr/local/share/cmake-3.31/Modules/CMakeCInformation.cmake:48 (include)
  /home/runner/work/zh-mobile/zh-mobile/build/android-arm64/CMakeFiles/CMakeScratch/TryCompile-7nixvf/CMakeLists.txt:5 (project)


-- Looking for gmtime_r - found
-- Looking for localtime_r
CMake Deprecation Warning at /opt/hostedtoolcache/ndk/r27c/x64/build/cmake/android.toolchain.cmake:35 (cmake_minimum_required):
  Compatibility with CMake < 3.10 will be removed from a future version of
  CMake.

  Update the VERSION argument <min> value.  Or, use the <min>...<max> syntax
  to tell CMake that the project requires at least <min> but has been updated
  to work with policies introduced by <max> or earlier.
Call Stack (most recent call first):
  /home/runner/vcpkg/scripts/buildsystems/vcpkg.cmake:210 (include)
  /home/runner/work/zh-mobile/zh-mobile/build/android-arm64/CMakeFiles/3.31.6/CMakeSystem.cmake:6 (include)
  /home/runner/work/zh-mobile/zh-mobile/build/android-arm64/CMakeFiles/CMakeScratch/TryCompile-RGU0PX/CMakeLists.txt:5 (project)


CMake Deprecation Warning at /opt/hostedtoolcache/ndk/r27c/x64/build/cmake/android-legacy.toolchain.cmake:35 (cmake_minimum_required):
  Compatibility with CMake < 3.10 will be removed from a future version of
  CMake.

  Update the VERSION argument <min> value.  Or, use the <min>...<max> syntax
  to tell CMake that the project requires at least <min> but has been updated
  to work with policies introduced by <max> or earlier.
Call Stack (most recent call first):
  /opt/hostedtoolcache/ndk/r27c/x64/build/cmake/android.toolchain.cmake:55 (include)
  /home/runner/vcpkg/scripts/buildsystems/vcpkg.cmake:210 (include)
  /home/runner/work/zh-mobile/zh-mobile/build/android-arm64/CMakeFiles/3.31.6/CMakeSystem.cmake:6 (include)
  /home/runner/work/zh-mobile/zh-mobile/build/android-arm64/CMakeFiles/CMakeScratch/TryCompile-RGU0PX/CMakeLists.txt:5 (project)


CMake Deprecation Warning at /opt/hostedtoolcache/ndk/r27c/x64/build/cmake/flags.cmake:18 (cmake_minimum_required):
  Compatibility with CMake < 3.10 will be removed from a future version of
  CMake.

  Update the VERSION argument <min> value.  Or, use the <min>...<max> syntax
  to tell CMake that the project requires at least <min> but has been updated
  to work with policies introduced by <max> or earlier.
Call Stack (most recent call first):
  /usr/local/share/cmake-3.31/Modules/Platform/Android-Clang.cmake:23 (include)
  /usr/local/share/cmake-3.31/Modules/Platform/Android-Clang-C.cmake:1 (include)
  /usr/local/share/cmake-3.31/Modules/CMakeCInformation.cmake:48 (include)
  /home/runner/work/zh-mobile/zh-mobile/build/android-arm64/CMakeFiles/CMakeScratch/TryCompile-RGU0PX/CMakeLists.txt:5 (project)


-- Looking for localtime_r - found
-- Looking for nl_langinfo
CMake Deprecation Warning at /opt/hostedtoolcache/ndk/r27c/x64/build/cmake/android.toolchain.cmake:35 (cmake_minimum_required):
  Compatibility with CMake < 3.10 will be removed from a future version of
  CMake.

  Update the VERSION argument <min> value.  Or, use the <min>...<max> syntax
  to tell CMake that the project requires at least <min> but has been updated
  to work with policies introduced by <max> or earlier.
Call Stack (most recent call first):
  /home/runner/vcpkg/scripts/buildsystems/vcpkg.cmake:210 (include)
  /home/runner/work/zh-mobile/zh-mobile/build/android-arm64/CMakeFiles/3.31.6/CMakeSystem.cmake:6 (include)
  /home/runner/work/zh-mobile/zh-mobile/build/android-arm64/CMakeFiles/CMakeScratch/TryCompile-c4rF3g/CMakeLists.txt:5 (project)


CMake Deprecation Warning at /opt/hostedtoolcache/ndk/r27c/x64/build/cmake/android-legacy.toolchain.cmake:35 (cmake_minimum_required):
  Compatibility with CMake < 3.10 will be removed from a future version of
  CMake.

  Update the VERSION argument <min> value.  Or, use the <min>...<max> syntax
  to tell CMake that the project requires at least <min> but has been updated
  to work with policies introduced by <max> or earlier.
Call Stack (most recent call first):
  /opt/hostedtoolcache/ndk/r27c/x64/build/cmake/android.toolchain.cmake:55 (include)
  /home/runner/vcpkg/scripts/buildsystems/vcpkg.cmake:210 (include)
  /home/runner/work/zh-mobile/zh-mobile/build/android-arm64/CMakeFiles/3.31.6/CMakeSystem.cmake:6 (include)
  /home/runner/work/zh-mobile/zh-mobile/build/android-arm64/CMakeFiles/CMakeScratch/TryCompile-c4rF3g/CMakeLists.txt:5 (project)


CMake Deprecation Warning at /opt/hostedtoolcache/ndk/r27c/x64/build/cmake/flags.cmake:18 (cmake_minimum_required):
  Compatibility with CMake < 3.10 will be removed from a future version of
  CMake.

  Update the VERSION argument <min> value.  Or, use the <min>...<max> syntax
  to tell CMake that the project requires at least <min> but has been updated
  to work with policies introduced by <max> or earlier.
Call Stack (most recent call first):
  /usr/local/share/cmake-3.31/Modules/Platform/Android-Clang.cmake:23 (include)
  /usr/local/share/cmake-3.31/Modules/Platform/Android-Clang-C.cmake:1 (include)
  /usr/local/share/cmake-3.31/Modules/CMakeCInformation.cmake:48 (include)
  /home/runner/work/zh-mobile/zh-mobile/build/android-arm64/CMakeFiles/CMakeScratch/TryCompile-c4rF3g/CMakeLists.txt:5 (project)


-- Looking for nl_langinfo - found
-- Looking for sysconf
CMake Deprecation Warning at /opt/hostedtoolcache/ndk/r27c/x64/build/cmake/android.toolchain.cmake:35 (cmake_minimum_required):
  Compatibility with CMake < 3.10 will be removed from a future version of
  CMake.

  Update the VERSION argument <min> value.  Or, use the <min>...<max> syntax
  to tell CMake that the project requires at least <min> but has been updated
  to work with policies introduced by <max> or earlier.
Call Stack (most recent call first):
  /home/runner/vcpkg/scripts/buildsystems/vcpkg.cmake:210 (include)
  /home/runner/work/zh-mobile/zh-mobile/build/android-arm64/CMakeFiles/3.31.6/CMakeSystem.cmake:6 (include)
  /home/runner/work/zh-mobile/zh-mobile/build/android-arm64/CMakeFiles/CMakeScratch/TryCompile-QxDjk4/CMakeLists.txt:5 (project)


CMake Deprecation Warning at /opt/hostedtoolcache/ndk/r27c/x64/build/cmake/android-legacy.toolchain.cmake:35 (cmake_minimum_required):
  Compatibility with CMake < 3.10 will be removed from a future version of
  CMake.

  Update the VERSION argument <min> value.  Or, use the <min>...<max> syntax
  to tell CMake that the project requires at least <min> but has been updated
  to work with policies introduced by <max> or earlier.
Call Stack (most recent call first):
  /opt/hostedtoolcache/ndk/r27c/x64/build/cmake/android.toolchain.cmake:55 (include)
  /home/runner/vcpkg/scripts/buildsystems/vcpkg.cmake:210 (include)
  /home/runner/work/zh-mobile/zh-mobile/build/android-arm64/CMakeFiles/3.31.6/CMakeSystem.cmake:6 (include)
  /home/runner/work/zh-mobile/zh-mobile/build/android-arm64/CMakeFiles/CMakeScratch/TryCompile-QxDjk4/CMakeLists.txt:5 (project)


CMake Deprecation Warning at /opt/hostedtoolcache/ndk/r27c/x64/build/cmake/flags.cmake:18 (cmake_minimum_required):
  Compatibility with CMake < 3.10 will be removed from a future version of
  CMake.

  Update the VERSION argument <min> value.  Or, use the <min>...<max> syntax
  to tell CMake that the project requires at least <min> but has been updated
  to work with policies introduced by <max> or earlier.
Call Stack (most recent call first):
  /usr/local/share/cmake-3.31/Modules/Platform/Android-Clang.cmake:23 (include)
  /usr/local/share/cmake-3.31/Modules/Platform/Android-Clang-C.cmake:1 (include)
  /usr/local/share/cmake-3.31/Modules/CMakeCInformation.cmake:48 (include)
  /home/runner/work/zh-mobile/zh-mobile/build/android-arm64/CMakeFiles/CMakeScratch/TryCompile-QxDjk4/CMakeLists.txt:5 (project)


-- Looking for sysconf - found
-- Looking for sysctlbyname
CMake Deprecation Warning at /opt/hostedtoolcache/ndk/r27c/x64/build/cmake/android.toolchain.cmake:35 (cmake_minimum_required):
  Compatibility with CMake < 3.10 will be removed from a future version of
  CMake.

  Update the VERSION argument <min> value.  Or, use the <min>...<max> syntax
  to tell CMake that the project requires at least <min> but has been updated
  to work with policies introduced by <max> or earlier.
Call Stack (most recent call first):
  /home/runner/vcpkg/scripts/buildsystems/vcpkg.cmake:210 (include)
  /home/runner/work/zh-mobile/zh-mobile/build/android-arm64/CMakeFiles/3.31.6/CMakeSystem.cmake:6 (include)
  /home/runner/work/zh-mobile/zh-mobile/build/android-arm64/CMakeFiles/CMakeScratch/TryCompile-R8sYxZ/CMakeLists.txt:5 (project)


CMake Deprecation Warning at /opt/hostedtoolcache/ndk/r27c/x64/build/cmake/android-legacy.toolchain.cmake:35 (cmake_minimum_required):
  Compatibility with CMake < 3.10 will be removed from a future version of
  CMake.

  Update the VERSION argument <min> value.  Or, use the <min>...<max> syntax
  to tell CMake that the project requires at least <min> but has been updated
  to work with policies introduced by <max> or earlier.
Call Stack (most recent call first):
  /opt/hostedtoolcache/ndk/r27c/x64/build/cmake/android.toolchain.cmake:55 (include)
  /home/runner/vcpkg/scripts/buildsystems/vcpkg.cmake:210 (include)
  /home/runner/work/zh-mobile/zh-mobile/build/android-arm64/CMakeFiles/3.31.6/CMakeSystem.cmake:6 (include)
  /home/runner/work/zh-mobile/zh-mobile/build/android-arm64/CMakeFiles/CMakeScratch/TryCompile-R8sYxZ/CMakeLists.txt:5 (project)


CMake Deprecation Warning at /opt/hostedtoolcache/ndk/r27c/x64/build/cmake/flags.cmake:18 (cmake_minimum_required):
  Compatibility with CMake < 3.10 will be removed from a future version of
  CMake.

  Update the VERSION argument <min> value.  Or, use the <min>...<max> syntax
  to tell CMake that the project requires at least <min> but has been updated
  to work with policies introduced by <max> or earlier.
Call Stack (most recent call first):
  /usr/local/share/cmake-3.31/Modules/Platform/Android-Clang.cmake:23 (include)
  /usr/local/share/cmake-3.31/Modules/Platform/Android-Clang-C.cmake:1 (include)
  /usr/local/share/cmake-3.31/Modules/CMakeCInformation.cmake:48 (include)
  /home/runner/work/zh-mobile/zh-mobile/build/android-arm64/CMakeFiles/CMakeScratch/TryCompile-R8sYxZ/CMakeLists.txt:5 (project)


-- Looking for sysctlbyname - not found
-- Looking for getauxval
CMake Deprecation Warning at /opt/hostedtoolcache/ndk/r27c/x64/build/cmake/android.toolchain.cmake:35 (cmake_minimum_required):
  Compatibility with CMake < 3.10 will be removed from a future version of
  CMake.

  Update the VERSION argument <min> value.  Or, use the <min>...<max> syntax
  to tell CMake that the project requires at least <min> but has been updated
  to work with policies introduced by <max> or earlier.
Call Stack (most recent call first):
  /home/runner/vcpkg/scripts/buildsystems/vcpkg.cmake:210 (include)
  /home/runner/work/zh-mobile/zh-mobile/build/android-arm64/CMakeFiles/3.31.6/CMakeSystem.cmake:6 (include)
  /home/runner/work/zh-mobile/zh-mobile/build/android-arm64/CMakeFiles/CMakeScratch/TryCompile-nboabH/CMakeLists.txt:5 (project)


CMake Deprecation Warning at /opt/hostedtoolcache/ndk/r27c/x64/build/cmake/android-legacy.toolchain.cmake:35 (cmake_minimum_required):
  Compatibility with CMake < 3.10 will be removed from a future version of
  CMake.

  Update the VERSION argument <min> value.  Or, use the <min>...<max> syntax
  to tell CMake that the project requires at least <min> but has been updated
  to work with policies introduced by <max> or earlier.
Call Stack (most recent call first):
  /opt/hostedtoolcache/ndk/r27c/x64/build/cmake/android.toolchain.cmake:55 (include)
  /home/runner/vcpkg/scripts/buildsystems/vcpkg.cmake:210 (include)
  /home/runner/work/zh-mobile/zh-mobile/build/android-arm64/CMakeFiles/3.31.6/CMakeSystem.cmake:6 (include)
  /home/runner/work/zh-mobile/zh-mobile/build/android-arm64/CMakeFiles/CMakeScratch/TryCompile-nboabH/CMakeLists.txt:5 (project)


CMake Deprecation Warning at /opt/hostedtoolcache/ndk/r27c/x64/build/cmake/flags.cmake:18 (cmake_minimum_required):
  Compatibility with CMake < 3.10 will be removed from a future version of
  CMake.

  Update the VERSION argument <min> value.  Or, use the <min>...<max> syntax
  to tell CMake that the project requires at least <min> but has been updated
  to work with policies introduced by <max> or earlier.
Call Stack (most recent call first):
  /usr/local/share/cmake-3.31/Modules/Platform/Android-Clang.cmake:23 (include)
  /usr/local/share/cmake-3.31/Modules/Platform/Android-Clang-C.cmake:1 (include)
  /usr/local/share/cmake-3.31/Modules/CMakeCInformation.cmake:48 (include)
  /home/runner/work/zh-mobile/zh-mobile/build/android-arm64/CMakeFiles/CMakeScratch/TryCompile-nboabH/CMakeLists.txt:5 (project)


-- Looking for getauxval - found
-- Looking for elf_aux_info
CMake Deprecation Warning at /opt/hostedtoolcache/ndk/r27c/x64/build/cmake/android.toolchain.cmake:35 (cmake_minimum_required):
  Compatibility with CMake < 3.10 will be removed from a future version of
  CMake.

  Update the VERSION argument <min> value.  Or, use the <min>...<max> syntax
  to tell CMake that the project requires at least <min> but has been updated
  to work with policies introduced by <max> or earlier.
Call Stack (most recent call first):
  /home/runner/vcpkg/scripts/buildsystems/vcpkg.cmake:210 (include)
  /home/runner/work/zh-mobile/zh-mobile/build/android-arm64/CMakeFiles/3.31.6/CMakeSystem.cmake:6 (include)
  /home/runner/work/zh-mobile/zh-mobile/build/android-arm64/CMakeFiles/CMakeScratch/TryCompile-WsXUcW/CMakeLists.txt:5 (project)


CMake Deprecation Warning at /opt/hostedtoolcache/ndk/r27c/x64/build/cmake/android-legacy.toolchain.cmake:35 (cmake_minimum_required):
  Compatibility with CMake < 3.10 will be removed from a future version of
  CMake.

  Update the VERSION argument <min> value.  Or, use the <min>...<max> syntax
  to tell CMake that the project requires at least <min> but has been updated
  to work with policies introduced by <max> or earlier.
Call Stack (most recent call first):
  /opt/hostedtoolcache/ndk/r27c/x64/build/cmake/android.toolchain.cmake:55 (include)
  /home/runner/vcpkg/scripts/buildsystems/vcpkg.cmake:210 (include)
  /home/runner/work/zh-mobile/zh-mobile/build/android-arm64/CMakeFiles/3.31.6/CMakeSystem.cmake:6 (include)
  /home/runner/work/zh-mobile/zh-mobile/build/android-arm64/CMakeFiles/CMakeScratch/TryCompile-WsXUcW/CMakeLists.txt:5 (project)


CMake Deprecation Warning at /opt/hostedtoolcache/ndk/r27c/x64/build/cmake/flags.cmake:18 (cmake_minimum_required):
  Compatibility with CMake < 3.10 will be removed from a future version of
  CMake.

  Update the VERSION argument <min> value.  Or, use the <min>...<max> syntax
  to tell CMake that the project requires at least <min> but has been updated
  to work with policies introduced by <max> or earlier.
Call Stack (most recent call first):
  /usr/local/share/cmake-3.31/Modules/Platform/Android-Clang.cmake:23 (include)
  /usr/local/share/cmake-3.31/Modules/Platform/Android-Clang-C.cmake:1 (include)
  /usr/local/share/cmake-3.31/Modules/CMakeCInformation.cmake:48 (include)
  /home/runner/work/zh-mobile/zh-mobile/build/android-arm64/CMakeFiles/CMakeScratch/TryCompile-WsXUcW/CMakeLists.txt:5 (project)


-- Looking for elf_aux_info - not found
-- Looking for ppoll
CMake Deprecation Warning at /opt/hostedtoolcache/ndk/r27c/x64/build/cmake/android.toolchain.cmake:35 (cmake_minimum_required):
  Compatibility with CMake < 3.10 will be removed from a future version of
  CMake.

  Update the VERSION argument <min> value.  Or, use the <min>...<max> syntax
  to tell CMake that the project requires at least <min> but has been updated
  to work with policies introduced by <max> or earlier.
Call Stack (most recent call first):
  /home/runner/vcpkg/scripts/buildsystems/vcpkg.cmake:210 (include)
  /home/runner/work/zh-mobile/zh-mobile/build/android-arm64/CMakeFiles/3.31.6/CMakeSystem.cmake:6 (include)
  /home/runner/work/zh-mobile/zh-mobile/build/android-arm64/CMakeFiles/CMakeScratch/TryCompile-DDFsH4/CMakeLists.txt:5 (project)


CMake Deprecation Warning at /opt/hostedtoolcache/ndk/r27c/x64/build/cmake/android-legacy.toolchain.cmake:35 (cmake_minimum_required):
  Compatibility with CMake < 3.10 will be removed from a future version of
  CMake.

  Update the VERSION argument <min> value.  Or, use the <min>...<max> syntax
  to tell CMake that the project requires at least <min> but has been updated
  to work with policies introduced by <max> or earlier.
Call Stack (most recent call first):
  /opt/hostedtoolcache/ndk/r27c/x64/build/cmake/android.toolchain.cmake:55 (include)
  /home/runner/vcpkg/scripts/buildsystems/vcpkg.cmake:210 (include)
  /home/runner/work/zh-mobile/zh-mobile/build/android-arm64/CMakeFiles/3.31.6/CMakeSystem.cmake:6 (include)
  /home/runner/work/zh-mobile/zh-mobile/build/android-arm64/CMakeFiles/CMakeScratch/TryCompile-DDFsH4/CMakeLists.txt:5 (project)


CMake Deprecation Warning at /opt/hostedtoolcache/ndk/r27c/x64/build/cmake/flags.cmake:18 (cmake_minimum_required):
  Compatibility with CMake < 3.10 will be removed from a future version of
  CMake.

  Update the VERSION argument <min> value.  Or, use the <min>...<max> syntax
  to tell CMake that the project requires at least <min> but has been updated
  to work with policies introduced by <max> or earlier.
Call Stack (most recent call first):
  /usr/local/share/cmake-3.31/Modules/Platform/Android-Clang.cmake:23 (include)
  /usr/local/share/cmake-3.31/Modules/Platform/Android-Clang-C.cmake:1 (include)
  /usr/local/share/cmake-3.31/Modules/CMakeCInformation.cmake:48 (include)
  /home/runner/work/zh-mobile/zh-mobile/build/android-arm64/CMakeFiles/CMakeScratch/TryCompile-DDFsH4/CMakeLists.txt:5 (project)


-- Looking for ppoll - found
-- Looking for memfd_create
CMake Deprecation Warning at /opt/hostedtoolcache/ndk/r27c/x64/build/cmake/android.toolchain.cmake:35 (cmake_minimum_required):
  Compatibility with CMake < 3.10 will be removed from a future version of
  CMake.

  Update the VERSION argument <min> value.  Or, use the <min>...<max> syntax
  to tell CMake that the project requires at least <min> but has been updated
  to work with policies introduced by <max> or earlier.
Call Stack (most recent call first):
  /home/runner/vcpkg/scripts/buildsystems/vcpkg.cmake:210 (include)
  /home/runner/work/zh-mobile/zh-mobile/build/android-arm64/CMakeFiles/3.31.6/CMakeSystem.cmake:6 (include)
  /home/runner/work/zh-mobile/zh-mobile/build/android-arm64/CMakeFiles/CMakeScratch/TryCompile-K32dJU/CMakeLists.txt:5 (project)


CMake Deprecation Warning at /opt/hostedtoolcache/ndk/r27c/x64/build/cmake/android-legacy.toolchain.cmake:35 (cmake_minimum_required):
  Compatibility with CMake < 3.10 will be removed from a future version of
  CMake.

  Update the VERSION argument <min> value.  Or, use the <min>...<max> syntax
  to tell CMake that the project requires at least <min> but has been updated
  to work with policies introduced by <max> or earlier.
Call Stack (most recent call first):
  /opt/hostedtoolcache/ndk/r27c/x64/build/cmake/android.toolchain.cmake:55 (include)
  /home/runner/vcpkg/scripts/buildsystems/vcpkg.cmake:210 (include)
  /home/runner/work/zh-mobile/zh-mobile/build/android-arm64/CMakeFiles/3.31.6/CMakeSystem.cmake:6 (include)
  /home/runner/work/zh-mobile/zh-mobile/build/android-arm64/CMakeFiles/CMakeScratch/TryCompile-K32dJU/CMakeLists.txt:5 (project)


CMake Deprecation Warning at /opt/hostedtoolcache/ndk/r27c/x64/build/cmake/flags.cmake:18 (cmake_minimum_required):
  Compatibility with CMake < 3.10 will be removed from a future version of
  CMake.

  Update the VERSION argument <min> value.  Or, use the <min>...<max> syntax
  to tell CMake that the project requires at least <min> but has been updated
  to work with policies introduced by <max> or earlier.
Call Stack (most recent call first):
  /usr/local/share/cmake-3.31/Modules/Platform/Android-Clang.cmake:23 (include)
  /usr/local/share/cmake-3.31/Modules/Platform/Android-Clang-C.cmake:1 (include)
  /usr/local/share/cmake-3.31/Modules/CMakeCInformation.cmake:48 (include)
  /home/runner/work/zh-mobile/zh-mobile/build/android-arm64/CMakeFiles/CMakeScratch/TryCompile-K32dJU/CMakeLists.txt:5 (project)


-- Looking for memfd_create - not found
-- Looking for posix_fallocate
CMake Deprecation Warning at /opt/hostedtoolcache/ndk/r27c/x64/build/cmake/android.toolchain.cmake:35 (cmake_minimum_required):
  Compatibility with CMake < 3.10 will be removed from a future version of
  CMake.

  Update the VERSION argument <min> value.  Or, use the <min>...<max> syntax
  to tell CMake that the project requires at least <min> but has been updated
  to work with policies introduced by <max> or earlier.
Call Stack (most recent call first):
  /home/runner/vcpkg/scripts/buildsystems/vcpkg.cmake:210 (include)
  /home/runner/work/zh-mobile/zh-mobile/build/android-arm64/CMakeFiles/3.31.6/CMakeSystem.cmake:6 (include)
  /home/runner/work/zh-mobile/zh-mobile/build/android-arm64/CMakeFiles/CMakeScratch/TryCompile-PXioGB/CMakeLists.txt:5 (project)


CMake Deprecation Warning at /opt/hostedtoolcache/ndk/r27c/x64/build/cmake/android-legacy.toolchain.cmake:35 (cmake_minimum_required):
  Compatibility with CMake < 3.10 will be removed from a future version of
  CMake.

  Update the VERSION argument <min> value.  Or, use the <min>...<max> syntax
  to tell CMake that the project requires at least <min> but has been updated
  to work with policies introduced by <max> or earlier.
Call Stack (most recent call first):
  /opt/hostedtoolcache/ndk/r27c/x64/build/cmake/android.toolchain.cmake:55 (include)
  /home/runner/vcpkg/scripts/buildsystems/vcpkg.cmake:210 (include)
  /home/runner/work/zh-mobile/zh-mobile/build/android-arm64/CMakeFiles/3.31.6/CMakeSystem.cmake:6 (include)
  /home/runner/work/zh-mobile/zh-mobile/build/android-arm64/CMakeFiles/CMakeScratch/TryCompile-PXioGB/CMakeLists.txt:5 (project)


CMake Deprecation Warning at /opt/hostedtoolcache/ndk/r27c/x64/build/cmake/flags.cmake:18 (cmake_minimum_required):
  Compatibility with CMake < 3.10 will be removed from a future version of
  CMake.

  Update the VERSION argument <min> value.  Or, use the <min>...<max> syntax
  to tell CMake that the project requires at least <min> but has been updated
  to work with policies introduced by <max> or earlier.
Call Stack (most recent call first):
  /usr/local/share/cmake-3.31/Modules/Platform/Android-Clang.cmake:23 (include)
  /usr/local/share/cmake-3.31/Modules/Platform/Android-Clang-C.cmake:1 (include)
  /usr/local/share/cmake-3.31/Modules/CMakeCInformation.cmake:48 (include)
  /home/runner/work/zh-mobile/zh-mobile/build/android-arm64/CMakeFiles/CMakeScratch/TryCompile-PXioGB/CMakeLists.txt:5 (project)


-- Looking for posix_fallocate - found
-- Looking for posix_spawn_file_actions_addchdir
CMake Deprecation Warning at /opt/hostedtoolcache/ndk/r27c/x64/build/cmake/android.toolchain.cmake:35 (cmake_minimum_required):
  Compatibility with CMake < 3.10 will be removed from a future version of
  CMake.

  Update the VERSION argument <min> value.  Or, use the <min>...<max> syntax
  to tell CMake that the project requires at least <min> but has been updated
  to work with policies introduced by <max> or earlier.
Call Stack (most recent call first):
  /home/runner/vcpkg/scripts/buildsystems/vcpkg.cmake:210 (include)
  /home/runner/work/zh-mobile/zh-mobile/build/android-arm64/CMakeFiles/3.31.6/CMakeSystem.cmake:6 (include)
  /home/runner/work/zh-mobile/zh-mobile/build/android-arm64/CMakeFiles/CMakeScratch/TryCompile-8MIhYE/CMakeLists.txt:5 (project)


CMake Deprecation Warning at /opt/hostedtoolcache/ndk/r27c/x64/build/cmake/android-legacy.toolchain.cmake:35 (cmake_minimum_required):
  Compatibility with CMake < 3.10 will be removed from a future version of
  CMake.

  Update the VERSION argument <min> value.  Or, use the <min>...<max> syntax
  to tell CMake that the project requires at least <min> but has been updated
  to work with policies introduced by <max> or earlier.
Call Stack (most recent call first):
  /opt/hostedtoolcache/ndk/r27c/x64/build/cmake/android.toolchain.cmake:55 (include)
  /home/runner/vcpkg/scripts/buildsystems/vcpkg.cmake:210 (include)
  /home/runner/work/zh-mobile/zh-mobile/build/android-arm64/CMakeFiles/3.31.6/CMakeSystem.cmake:6 (include)
  /home/runner/work/zh-mobile/zh-mobile/build/android-arm64/CMakeFiles/CMakeScratch/TryCompile-8MIhYE/CMakeLists.txt:5 (project)


CMake Deprecation Warning at /opt/hostedtoolcache/ndk/r27c/x64/build/cmake/flags.cmake:18 (cmake_minimum_required):
  Compatibility with CMake < 3.10 will be removed from a future version of
  CMake.

  Update the VERSION argument <min> value.  Or, use the <min>...<max> syntax
  to tell CMake that the project requires at least <min> but has been updated
  to work with policies introduced by <max> or earlier.
Call Stack (most recent call first):
  /usr/local/share/cmake-3.31/Modules/Platform/Android-Clang.cmake:23 (include)
  /usr/local/share/cmake-3.31/Modules/Platform/Android-Clang-C.cmake:1 (include)
  /usr/local/share/cmake-3.31/Modules/CMakeCInformation.cmake:48 (include)
  /home/runner/work/zh-mobile/zh-mobile/build/android-arm64/CMakeFiles/CMakeScratch/TryCompile-8MIhYE/CMakeLists.txt:5 (project)


-- Looking for posix_spawn_file_actions_addchdir - not found
-- Looking for posix_spawn_file_actions_addchdir_np
CMake Deprecation Warning at /opt/hostedtoolcache/ndk/r27c/x64/build/cmake/android.toolchain.cmake:35 (cmake_minimum_required):
  Compatibility with CMake < 3.10 will be removed from a future version of
  CMake.

  Update the VERSION argument <min> value.  Or, use the <min>...<max> syntax
  to tell CMake that the project requires at least <min> but has been updated
  to work with policies introduced by <max> or earlier.
Call Stack (most recent call first):
  /home/runner/vcpkg/scripts/buildsystems/vcpkg.cmake:210 (include)
  /home/runner/work/zh-mobile/zh-mobile/build/android-arm64/CMakeFiles/3.31.6/CMakeSystem.cmake:6 (include)
  /home/runner/work/zh-mobile/zh-mobile/build/android-arm64/CMakeFiles/CMakeScratch/TryCompile-jyN31B/CMakeLists.txt:5 (project)


CMake Deprecation Warning at /opt/hostedtoolcache/ndk/r27c/x64/build/cmake/android-legacy.toolchain.cmake:35 (cmake_minimum_required):
  Compatibility with CMake < 3.10 will be removed from a future version of
  CMake.

  Update the VERSION argument <min> value.  Or, use the <min>...<max> syntax
  to tell CMake that the project requires at least <min> but has been updated
  to work with policies introduced by <max> or earlier.
Call Stack (most recent call first):
  /opt/hostedtoolcache/ndk/r27c/x64/build/cmake/android.toolchain.cmake:55 (include)
  /home/runner/vcpkg/scripts/buildsystems/vcpkg.cmake:210 (include)
  /home/runner/work/zh-mobile/zh-mobile/build/android-arm64/CMakeFiles/3.31.6/CMakeSystem.cmake:6 (include)
  /home/runner/work/zh-mobile/zh-mobile/build/android-arm64/CMakeFiles/CMakeScratch/TryCompile-jyN31B/CMakeLists.txt:5 (project)


CMake Deprecation Warning at /opt/hostedtoolcache/ndk/r27c/x64/build/cmake/flags.cmake:18 (cmake_minimum_required):
  Compatibility with CMake < 3.10 will be removed from a future version of
  CMake.

  Update the VERSION argument <min> value.  Or, use the <min>...<max> syntax
  to tell CMake that the project requires at least <min> but has been updated
  to work with policies introduced by <max> or earlier.
Call Stack (most recent call first):
  /usr/local/share/cmake-3.31/Modules/Platform/Android-Clang.cmake:23 (include)
  /usr/local/share/cmake-3.31/Modules/Platform/Android-Clang-C.cmake:1 (include)
  /usr/local/share/cmake-3.31/Modules/CMakeCInformation.cmake:48 (include)
  /home/runner/work/zh-mobile/zh-mobile/build/android-arm64/CMakeFiles/CMakeScratch/TryCompile-jyN31B/CMakeLists.txt:5 (project)


-- Looking for posix_spawn_file_actions_addchdir_np - not found
-- Performing Test ICONV_IN_LIBC
CMake Deprecation Warning at /opt/hostedtoolcache/ndk/r27c/x64/build/cmake/android.toolchain.cmake:35 (cmake_minimum_required):
  Compatibility with CMake < 3.10 will be removed from a future version of
  CMake.

  Update the VERSION argument <min> value.  Or, use the <min>...<max> syntax
  to tell CMake that the project requires at least <min> but has been updated
  to work with policies introduced by <max> or earlier.
Call Stack (most recent call first):
  /home/runner/vcpkg/scripts/buildsystems/vcpkg.cmake:210 (include)
  /home/runner/work/zh-mobile/zh-mobile/build/android-arm64/CMakeFiles/3.31.6/CMakeSystem.cmake:6 (include)
  /home/runner/work/zh-mobile/zh-mobile/build/android-arm64/CMakeFiles/CMakeScratch/TryCompile-1el4ft/CMakeLists.txt:5 (project)


CMake Deprecation Warning at /opt/hostedtoolcache/ndk/r27c/x64/build/cmake/android-legacy.toolchain.cmake:35 (cmake_minimum_required):
  Compatibility with CMake < 3.10 will be removed from a future version of
  CMake.

  Update the VERSION argument <min> value.  Or, use the <min>...<max> syntax
  to tell CMake that the project requires at least <min> but has been updated
  to work with policies introduced by <max> or earlier.
Call Stack (most recent call first):
  /opt/hostedtoolcache/ndk/r27c/x64/build/cmake/android.toolchain.cmake:55 (include)
  /home/runner/vcpkg/scripts/buildsystems/vcpkg.cmake:210 (include)
  /home/runner/work/zh-mobile/zh-mobile/build/android-arm64/CMakeFiles/3.31.6/CMakeSystem.cmake:6 (include)
  /home/runner/work/zh-mobile/zh-mobile/build/android-arm64/CMakeFiles/CMakeScratch/TryCompile-1el4ft/CMakeLists.txt:5 (project)


CMake Deprecation Warning at /opt/hostedtoolcache/ndk/r27c/x64/build/cmake/flags.cmake:18 (cmake_minimum_required):
  Compatibility with CMake < 3.10 will be removed from a future version of
  CMake.

  Update the VERSION argument <min> value.  Or, use the <min>...<max> syntax
  to tell CMake that the project requires at least <min> but has been updated
  to work with policies introduced by <max> or earlier.
Call Stack (most recent call first):
  /usr/local/share/cmake-3.31/Modules/Platform/Android-Clang.cmake:23 (include)
  /usr/local/share/cmake-3.31/Modules/Platform/Android-Clang-C.cmake:1 (include)
  /usr/local/share/cmake-3.31/Modules/CMakeCInformation.cmake:48 (include)
  /home/runner/work/zh-mobile/zh-mobile/build/android-arm64/CMakeFiles/CMakeScratch/TryCompile-1el4ft/CMakeLists.txt:5 (project)


-- Performing Test ICONV_IN_LIBC - Success
-- Performing Test ICONV_IN_LIBICONV
CMake Deprecation Warning at /opt/hostedtoolcache/ndk/r27c/x64/build/cmake/android.toolchain.cmake:35 (cmake_minimum_required):
  Compatibility with CMake < 3.10 will be removed from a future version of
  CMake.

  Update the VERSION argument <min> value.  Or, use the <min>...<max> syntax
  to tell CMake that the project requires at least <min> but has been updated
  to work with policies introduced by <max> or earlier.
Call Stack (most recent call first):
  /home/runner/vcpkg/scripts/buildsystems/vcpkg.cmake:210 (include)
  /home/runner/work/zh-mobile/zh-mobile/build/android-arm64/CMakeFiles/3.31.6/CMakeSystem.cmake:6 (include)
  /home/runner/work/zh-mobile/zh-mobile/build/android-arm64/CMakeFiles/CMakeScratch/TryCompile-WuEpfM/CMakeLists.txt:5 (project)


CMake Deprecation Warning at /opt/hostedtoolcache/ndk/r27c/x64/build/cmake/android-legacy.toolchain.cmake:35 (cmake_minimum_required):
  Compatibility with CMake < 3.10 will be removed from a future version of
  CMake.

  Update the VERSION argument <min> value.  Or, use the <min>...<max> syntax
  to tell CMake that the project requires at least <min> but has been updated
  to work with policies introduced by <max> or earlier.
Call Stack (most recent call first):
  /opt/hostedtoolcache/ndk/r27c/x64/build/cmake/android.toolchain.cmake:55 (include)
  /home/runner/vcpkg/scripts/buildsystems/vcpkg.cmake:210 (include)
  /home/runner/work/zh-mobile/zh-mobile/build/android-arm64/CMakeFiles/3.31.6/CMakeSystem.cmake:6 (include)
  /home/runner/work/zh-mobile/zh-mobile/build/android-arm64/CMakeFiles/CMakeScratch/TryCompile-WuEpfM/CMakeLists.txt:5 (project)


CMake Deprecation Warning at /opt/hostedtoolcache/ndk/r27c/x64/build/cmake/flags.cmake:18 (cmake_minimum_required):
  Compatibility with CMake < 3.10 will be removed from a future version of
  CMake.

  Update the VERSION argument <min> value.  Or, use the <min>...<max> syntax
  to tell CMake that the project requires at least <min> but has been updated
  to work with policies introduced by <max> or earlier.
Call Stack (most recent call first):
  /usr/local/share/cmake-3.31/Modules/Platform/Android-Clang.cmake:23 (include)
  /usr/local/share/cmake-3.31/Modules/Platform/Android-Clang-C.cmake:1 (include)
  /usr/local/share/cmake-3.31/Modules/CMakeCInformation.cmake:48 (include)
  /home/runner/work/zh-mobile/zh-mobile/build/android-arm64/CMakeFiles/CMakeScratch/TryCompile-WuEpfM/CMakeLists.txt:5 (project)


-- Performing Test ICONV_IN_LIBICONV - Failed
-- Performing Test HAVE_SA_SIGACTION
CMake Deprecation Warning at /opt/hostedtoolcache/ndk/r27c/x64/build/cmake/android.toolchain.cmake:35 (cmake_minimum_required):
  Compatibility with CMake < 3.10 will be removed from a future version of
  CMake.

  Update the VERSION argument <min> value.  Or, use the <min>...<max> syntax
  to tell CMake that the project requires at least <min> but has been updated
  to work with policies introduced by <max> or earlier.
Call Stack (most recent call first):
  /home/runner/vcpkg/scripts/buildsystems/vcpkg.cmake:210 (include)
  /home/runner/work/zh-mobile/zh-mobile/build/android-arm64/CMakeFiles/3.31.6/CMakeSystem.cmake:6 (include)
  /home/runner/work/zh-mobile/zh-mobile/build/android-arm64/CMakeFiles/CMakeScratch/TryCompile-H6AMdE/CMakeLists.txt:5 (project)


CMake Deprecation Warning at /opt/hostedtoolcache/ndk/r27c/x64/build/cmake/android-legacy.toolchain.cmake:35 (cmake_minimum_required):
  Compatibility with CMake < 3.10 will be removed from a future version of
  CMake.

  Update the VERSION argument <min> value.  Or, use the <min>...<max> syntax
  to tell CMake that the project requires at least <min> but has been updated
  to work with policies introduced by <max> or earlier.
Call Stack (most recent call first):
  /opt/hostedtoolcache/ndk/r27c/x64/build/cmake/android.toolchain.cmake:55 (include)
  /home/runner/vcpkg/scripts/buildsystems/vcpkg.cmake:210 (include)
  /home/runner/work/zh-mobile/zh-mobile/build/android-arm64/CMakeFiles/3.31.6/CMakeSystem.cmake:6 (include)
  /home/runner/work/zh-mobile/zh-mobile/build/android-arm64/CMakeFiles/CMakeScratch/TryCompile-H6AMdE/CMakeLists.txt:5 (project)


CMake Deprecation Warning at /opt/hostedtoolcache/ndk/r27c/x64/build/cmake/flags.cmake:18 (cmake_minimum_required):
  Compatibility with CMake < 3.10 will be removed from a future version of
  CMake.

  Update the VERSION argument <min> value.  Or, use the <min>...<max> syntax
  to tell CMake that the project requires at least <min> but has been updated
  to work with policies introduced by <max> or earlier.
Call Stack (most recent call first):
  /usr/local/share/cmake-3.31/Modules/Platform/Android-Clang.cmake:23 (include)
  /usr/local/share/cmake-3.31/Modules/Platform/Android-Clang-C.cmake:1 (include)
  /usr/local/share/cmake-3.31/Modules/CMakeCInformation.cmake:48 (include)
  /home/runner/work/zh-mobile/zh-mobile/build/android-arm64/CMakeFiles/CMakeScratch/TryCompile-H6AMdE/CMakeLists.txt:5 (project)


-- Performing Test HAVE_SA_SIGACTION - Success
-- Performing Test HAVE_ST_MTIM
CMake Deprecation Warning at /opt/hostedtoolcache/ndk/r27c/x64/build/cmake/android.toolchain.cmake:35 (cmake_minimum_required):
  Compatibility with CMake < 3.10 will be removed from a future version of
  CMake.

  Update the VERSION argument <min> value.  Or, use the <min>...<max> syntax
  to tell CMake that the project requires at least <min> but has been updated
  to work with policies introduced by <max> or earlier.
Call Stack (most recent call first):
  /home/runner/vcpkg/scripts/buildsystems/vcpkg.cmake:210 (include)
  /home/runner/work/zh-mobile/zh-mobile/build/android-arm64/CMakeFiles/3.31.6/CMakeSystem.cmake:6 (include)
  /home/runner/work/zh-mobile/zh-mobile/build/android-arm64/CMakeFiles/CMakeScratch/TryCompile-1FEMXL/CMakeLists.txt:5 (project)


CMake Deprecation Warning at /opt/hostedtoolcache/ndk/r27c/x64/build/cmake/android-legacy.toolchain.cmake:35 (cmake_minimum_required):
  Compatibility with CMake < 3.10 will be removed from a future version of
  CMake.

  Update the VERSION argument <min> value.  Or, use the <min>...<max> syntax
  to tell CMake that the project requires at least <min> but has been updated
  to work with policies introduced by <max> or earlier.
Call Stack (most recent call first):
  /opt/hostedtoolcache/ndk/r27c/x64/build/cmake/android.toolchain.cmake:55 (include)
  /home/runner/vcpkg/scripts/buildsystems/vcpkg.cmake:210 (include)
  /home/runner/work/zh-mobile/zh-mobile/build/android-arm64/CMakeFiles/3.31.6/CMakeSystem.cmake:6 (include)
  /home/runner/work/zh-mobile/zh-mobile/build/android-arm64/CMakeFiles/CMakeScratch/TryCompile-1FEMXL/CMakeLists.txt:5 (project)


CMake Deprecation Warning at /opt/hostedtoolcache/ndk/r27c/x64/build/cmake/flags.cmake:18 (cmake_minimum_required):
  Compatibility with CMake < 3.10 will be removed from a future version of
  CMake.

  Update the VERSION argument <min> value.  Or, use the <min>...<max> syntax
  to tell CMake that the project requires at least <min> but has been updated
  to work with policies introduced by <max> or earlier.
Call Stack (most recent call first):
  /usr/local/share/cmake-3.31/Modules/Platform/Android-Clang.cmake:23 (include)
  /usr/local/share/cmake-3.31/Modules/Platform/Android-Clang-C.cmake:1 (include)
  /usr/local/share/cmake-3.31/Modules/CMakeCInformation.cmake:48 (include)
  /home/runner/work/zh-mobile/zh-mobile/build/android-arm64/CMakeFiles/CMakeScratch/TryCompile-1FEMXL/CMakeLists.txt:5 (project)


-- Performing Test HAVE_ST_MTIM - Success
-- Looking for dlopen
CMake Deprecation Warning at /opt/hostedtoolcache/ndk/r27c/x64/build/cmake/android.toolchain.cmake:35 (cmake_minimum_required):
  Compatibility with CMake < 3.10 will be removed from a future version of
  CMake.

  Update the VERSION argument <min> value.  Or, use the <min>...<max> syntax
  to tell CMake that the project requires at least <min> but has been updated
  to work with policies introduced by <max> or earlier.
Call Stack (most recent call first):
  /home/runner/vcpkg/scripts/buildsystems/vcpkg.cmake:210 (include)
  /home/runner/work/zh-mobile/zh-mobile/build/android-arm64/CMakeFiles/3.31.6/CMakeSystem.cmake:6 (include)
  /home/runner/work/zh-mobile/zh-mobile/build/android-arm64/CMakeFiles/CMakeScratch/TryCompile-E0CvXL/CMakeLists.txt:5 (project)


CMake Deprecation Warning at /opt/hostedtoolcache/ndk/r27c/x64/build/cmake/android-legacy.toolchain.cmake:35 (cmake_minimum_required):
  Compatibility with CMake < 3.10 will be removed from a future version of
  CMake.

  Update the VERSION argument <min> value.  Or, use the <min>...<max> syntax
  to tell CMake that the project requires at least <min> but has been updated
  to work with policies introduced by <max> or earlier.
Call Stack (most recent call first):
  /opt/hostedtoolcache/ndk/r27c/x64/build/cmake/android.toolchain.cmake:55 (include)
  /home/runner/vcpkg/scripts/buildsystems/vcpkg.cmake:210 (include)
  /home/runner/work/zh-mobile/zh-mobile/build/android-arm64/CMakeFiles/3.31.6/CMakeSystem.cmake:6 (include)
  /home/runner/work/zh-mobile/zh-mobile/build/android-arm64/CMakeFiles/CMakeScratch/TryCompile-E0CvXL/CMakeLists.txt:5 (project)


CMake Deprecation Warning at /opt/hostedtoolcache/ndk/r27c/x64/build/cmake/flags.cmake:18 (cmake_minimum_required):
  Compatibility with CMake < 3.10 will be removed from a future version of
  CMake.

  Update the VERSION argument <min> value.  Or, use the <min>...<max> syntax
  to tell CMake that the project requires at least <min> but has been updated
  to work with policies introduced by <max> or earlier.
Call Stack (most recent call first):
  /usr/local/share/cmake-3.31/Modules/Platform/Android-Clang.cmake:23 (include)
  /usr/local/share/cmake-3.31/Modules/Platform/Android-Clang-C.cmake:1 (include)
  /usr/local/share/cmake-3.31/Modules/CMakeCInformation.cmake:48 (include)
  /home/runner/work/zh-mobile/zh-mobile/build/android-arm64/CMakeFiles/CMakeScratch/TryCompile-E0CvXL/CMakeLists.txt:5 (project)


-- Looking for dlopen - found
-- Performing Test HAVE_O_CLOEXEC
CMake Deprecation Warning at /opt/hostedtoolcache/ndk/r27c/x64/build/cmake/android.toolchain.cmake:35 (cmake_minimum_required):
  Compatibility with CMake < 3.10 will be removed from a future version of
  CMake.

  Update the VERSION argument <min> value.  Or, use the <min>...<max> syntax
  to tell CMake that the project requires at least <min> but has been updated
  to work with policies introduced by <max> or earlier.
Call Stack (most recent call first):
  /home/runner/vcpkg/scripts/buildsystems/vcpkg.cmake:210 (include)
  /home/runner/work/zh-mobile/zh-mobile/build/android-arm64/CMakeFiles/3.31.6/CMakeSystem.cmake:6 (include)
  /home/runner/work/zh-mobile/zh-mobile/build/android-arm64/CMakeFiles/CMakeScratch/TryCompile-RJ5p6x/CMakeLists.txt:5 (project)


CMake Deprecation Warning at /opt/hostedtoolcache/ndk/r27c/x64/build/cmake/android-legacy.toolchain.cmake:35 (cmake_minimum_required):
  Compatibility with CMake < 3.10 will be removed from a future version of
  CMake.

  Update the VERSION argument <min> value.  Or, use the <min>...<max> syntax
  to tell CMake that the project requires at least <min> but has been updated
  to work with policies introduced by <max> or earlier.
Call Stack (most recent call first):
  /opt/hostedtoolcache/ndk/r27c/x64/build/cmake/android.toolchain.cmake:55 (include)
  /home/runner/vcpkg/scripts/buildsystems/vcpkg.cmake:210 (include)
  /home/runner/work/zh-mobile/zh-mobile/build/android-arm64/CMakeFiles/3.31.6/CMakeSystem.cmake:6 (include)
  /home/runner/work/zh-mobile/zh-mobile/build/android-arm64/CMakeFiles/CMakeScratch/TryCompile-RJ5p6x/CMakeLists.txt:5 (project)


CMake Deprecation Warning at /opt/hostedtoolcache/ndk/r27c/x64/build/cmake/flags.cmake:18 (cmake_minimum_required):
  Compatibility with CMake < 3.10 will be removed from a future version of
  CMake.

  Update the VERSION argument <min> value.  Or, use the <min>...<max> syntax
  to tell CMake that the project requires at least <min> but has been updated
  to work with policies introduced by <max> or earlier.
Call Stack (most recent call first):
  /usr/local/share/cmake-3.31/Modules/Platform/Android-Clang.cmake:23 (include)
  /usr/local/share/cmake-3.31/Modules/Platform/Android-Clang-C.cmake:1 (include)
  /usr/local/share/cmake-3.31/Modules/CMakeCInformation.cmake:48 (include)
  /home/runner/work/zh-mobile/zh-mobile/build/android-arm64/CMakeFiles/CMakeScratch/TryCompile-RJ5p6x/CMakeLists.txt:5 (project)


-- Performing Test HAVE_O_CLOEXEC - Success
-- Performing Test HAVE_ARM_MODE
CMake Deprecation Warning at /opt/hostedtoolcache/ndk/r27c/x64/build/cmake/android.toolchain.cmake:35 (cmake_minimum_required):
  Compatibility with CMake < 3.10 will be removed from a future version of
  CMake.

  Update the VERSION argument <min> value.  Or, use the <min>...<max> syntax
  to tell CMake that the project requires at least <min> but has been updated
  to work with policies introduced by <max> or earlier.
Call Stack (most recent call first):
  /home/runner/vcpkg/scripts/buildsystems/vcpkg.cmake:210 (include)
  /home/runner/work/zh-mobile/zh-mobile/build/android-arm64/CMakeFiles/3.31.6/CMakeSystem.cmake:6 (include)
  /home/runner/work/zh-mobile/zh-mobile/build/android-arm64/CMakeFiles/CMakeScratch/TryCompile-0p8uBL/CMakeLists.txt:5 (project)


CMake Deprecation Warning at /opt/hostedtoolcache/ndk/r27c/x64/build/cmake/android-legacy.toolchain.cmake:35 (cmake_minimum_required):
  Compatibility with CMake < 3.10 will be removed from a future version of
  CMake.

  Update the VERSION argument <min> value.  Or, use the <min>...<max> syntax
  to tell CMake that the project requires at least <min> but has been updated
  to work with policies introduced by <max> or earlier.
Call Stack (most recent call first):
  /opt/hostedtoolcache/ndk/r27c/x64/build/cmake/android.toolchain.cmake:55 (include)
  /home/runner/vcpkg/scripts/buildsystems/vcpkg.cmake:210 (include)
  /home/runner/work/zh-mobile/zh-mobile/build/android-arm64/CMakeFiles/3.31.6/CMakeSystem.cmake:6 (include)
  /home/runner/work/zh-mobile/zh-mobile/build/android-arm64/CMakeFiles/CMakeScratch/TryCompile-0p8uBL/CMakeLists.txt:5 (project)


CMake Deprecation Warning at /opt/hostedtoolcache/ndk/r27c/x64/build/cmake/flags.cmake:18 (cmake_minimum_required):
  Compatibility with CMake < 3.10 will be removed from a future version of
  CMake.

  Update the VERSION argument <min> value.  Or, use the <min>...<max> syntax
  to tell CMake that the project requires at least <min> but has been updated
  to work with policies introduced by <max> or earlier.
Call Stack (most recent call first):
  /usr/local/share/cmake-3.31/Modules/Platform/Android-Clang.cmake:23 (include)
  /usr/local/share/cmake-3.31/Modules/Platform/Android-Clang-C.cmake:1 (include)
  /usr/local/share/cmake-3.31/Modules/CMakeCInformation.cmake:48 (include)
  /home/runner/work/zh-mobile/zh-mobile/build/android-arm64/CMakeFiles/CMakeScratch/TryCompile-0p8uBL/CMakeLists.txt:5 (project)


-- Performing Test HAVE_ARM_MODE - Failed
-- Checking for module 'libusb-1.0>=1.0.16'
--   Package 'libusb-1.0', required by 'virtual:world', not found
-- Could NOT find LibUSB (missing: LibUSB_LIBRARY LibUSB_INCLUDE_PATH) (found version "LibUSB_VERSION-NOTFOUND")
-- Performing Test VULKAN_PASSED_ANDROID_CHECKS
CMake Deprecation Warning at /opt/hostedtoolcache/ndk/r27c/x64/build/cmake/android.toolchain.cmake:35 (cmake_minimum_required):
  Compatibility with CMake < 3.10 will be removed from a future version of
  CMake.

  Update the VERSION argument <min> value.  Or, use the <min>...<max> syntax
  to tell CMake that the project requires at least <min> but has been updated
  to work with policies introduced by <max> or earlier.
Call Stack (most recent call first):
  /home/runner/vcpkg/scripts/buildsystems/vcpkg.cmake:210 (include)
  /home/runner/work/zh-mobile/zh-mobile/build/android-arm64/CMakeFiles/3.31.6/CMakeSystem.cmake:6 (include)
  /home/runner/work/zh-mobile/zh-mobile/build/android-arm64/CMakeFiles/CMakeScratch/TryCompile-4IH7xu/CMakeLists.txt:5 (project)


CMake Deprecation Warning at /opt/hostedtoolcache/ndk/r27c/x64/build/cmake/android-legacy.toolchain.cmake:35 (cmake_minimum_required):
  Compatibility with CMake < 3.10 will be removed from a future version of
  CMake.

  Update the VERSION argument <min> value.  Or, use the <min>...<max> syntax
  to tell CMake that the project requires at least <min> but has been updated
  to work with policies introduced by <max> or earlier.
Call Stack (most recent call first):
  /opt/hostedtoolcache/ndk/r27c/x64/build/cmake/android.toolchain.cmake:55 (include)
  /home/runner/vcpkg/scripts/buildsystems/vcpkg.cmake:210 (include)
  /home/runner/work/zh-mobile/zh-mobile/build/android-arm64/CMakeFiles/3.31.6/CMakeSystem.cmake:6 (include)
  /home/runner/work/zh-mobile/zh-mobile/build/android-arm64/CMakeFiles/CMakeScratch/TryCompile-4IH7xu/CMakeLists.txt:5 (project)


CMake Deprecation Warning at /opt/hostedtoolcache/ndk/r27c/x64/build/cmake/flags.cmake:18 (cmake_minimum_required):
  Compatibility with CMake < 3.10 will be removed from a future version of
  CMake.

  Update the VERSION argument <min> value.  Or, use the <min>...<max> syntax
  to tell CMake that the project requires at least <min> but has been updated
  to work with policies introduced by <max> or earlier.
Call Stack (most recent call first):
  /usr/local/share/cmake-3.31/Modules/Platform/Android-Clang.cmake:23 (include)
  /usr/local/share/cmake-3.31/Modules/Platform/Android-Clang-C.cmake:1 (include)
  /usr/local/share/cmake-3.31/Modules/CMakeCInformation.cmake:48 (include)
  /home/runner/work/zh-mobile/zh-mobile/build/android-arm64/CMakeFiles/CMakeScratch/TryCompile-4IH7xu/CMakeLists.txt:5 (project)


-- Performing Test VULKAN_PASSED_ANDROID_CHECKS - Success
-- Performing Test HAVE_PTHREADS
CMake Deprecation Warning at /opt/hostedtoolcache/ndk/r27c/x64/build/cmake/android.toolchain.cmake:35 (cmake_minimum_required):
  Compatibility with CMake < 3.10 will be removed from a future version of
  CMake.

  Update the VERSION argument <min> value.  Or, use the <min>...<max> syntax
  to tell CMake that the project requires at least <min> but has been updated
  to work with policies introduced by <max> or earlier.
Call Stack (most recent call first):
  /home/runner/vcpkg/scripts/buildsystems/vcpkg.cmake:210 (include)
  /home/runner/work/zh-mobile/zh-mobile/build/android-arm64/CMakeFiles/3.31.6/CMakeSystem.cmake:6 (include)
  /home/runner/work/zh-mobile/zh-mobile/build/android-arm64/CMakeFiles/CMakeScratch/TryCompile-6tuKPh/CMakeLists.txt:5 (project)


CMake Deprecation Warning at /opt/hostedtoolcache/ndk/r27c/x64/build/cmake/android-legacy.toolchain.cmake:35 (cmake_minimum_required):
  Compatibility with CMake < 3.10 will be removed from a future version of
  CMake.

  Update the VERSION argument <min> value.  Or, use the <min>...<max> syntax
  to tell CMake that the project requires at least <min> but has been updated
  to work with policies introduced by <max> or earlier.
Call Stack (most recent call first):
  /opt/hostedtoolcache/ndk/r27c/x64/build/cmake/android.toolchain.cmake:55 (include)
  /home/runner/vcpkg/scripts/buildsystems/vcpkg.cmake:210 (include)
  /home/runner/work/zh-mobile/zh-mobile/build/android-arm64/CMakeFiles/3.31.6/CMakeSystem.cmake:6 (include)
  /home/runner/work/zh-mobile/zh-mobile/build/android-arm64/CMakeFiles/CMakeScratch/TryCompile-6tuKPh/CMakeLists.txt:5 (project)


CMake Deprecation Warning at /opt/hostedtoolcache/ndk/r27c/x64/build/cmake/flags.cmake:18 (cmake_minimum_required):
  Compatibility with CMake < 3.10 will be removed from a future version of
  CMake.

  Update the VERSION argument <min> value.  Or, use the <min>...<max> syntax
  to tell CMake that the project requires at least <min> but has been updated
  to work with policies introduced by <max> or earlier.
Call Stack (most recent call first):
  /usr/local/share/cmake-3.31/Modules/Platform/Android-Clang.cmake:23 (include)
  /usr/local/share/cmake-3.31/Modules/Platform/Android-Clang-C.cmake:1 (include)
  /usr/local/share/cmake-3.31/Modules/CMakeCInformation.cmake:48 (include)
  /home/runner/work/zh-mobile/zh-mobile/build/android-arm64/CMakeFiles/CMakeScratch/TryCompile-6tuKPh/CMakeLists.txt:5 (project)


-- Performing Test HAVE_PTHREADS - Success
-- Performing Test HAVE_RECURSIVE_MUTEXES
CMake Deprecation Warning at /opt/hostedtoolcache/ndk/r27c/x64/build/cmake/android.toolchain.cmake:35 (cmake_minimum_required):
  Compatibility with CMake < 3.10 will be removed from a future version of
  CMake.

  Update the VERSION argument <min> value.  Or, use the <min>...<max> syntax
  to tell CMake that the project requires at least <min> but has been updated
  to work with policies introduced by <max> or earlier.
Call Stack (most recent call first):
  /home/runner/vcpkg/scripts/buildsystems/vcpkg.cmake:210 (include)
  /home/runner/work/zh-mobile/zh-mobile/build/android-arm64/CMakeFiles/3.31.6/CMakeSystem.cmake:6 (include)
  /home/runner/work/zh-mobile/zh-mobile/build/android-arm64/CMakeFiles/CMakeScratch/TryCompile-SOaRPL/CMakeLists.txt:5 (project)


CMake Deprecation Warning at /opt/hostedtoolcache/ndk/r27c/x64/build/cmake/android-legacy.toolchain.cmake:35 (cmake_minimum_required):
  Compatibility with CMake < 3.10 will be removed from a future version of
  CMake.

  Update the VERSION argument <min> value.  Or, use the <min>...<max> syntax
  to tell CMake that the project requires at least <min> but has been updated
  to work with policies introduced by <max> or earlier.
Call Stack (most recent call first):
  /opt/hostedtoolcache/ndk/r27c/x64/build/cmake/android.toolchain.cmake:55 (include)
  /home/runner/vcpkg/scripts/buildsystems/vcpkg.cmake:210 (include)
  /home/runner/work/zh-mobile/zh-mobile/build/android-arm64/CMakeFiles/3.31.6/CMakeSystem.cmake:6 (include)
  /home/runner/work/zh-mobile/zh-mobile/build/android-arm64/CMakeFiles/CMakeScratch/TryCompile-SOaRPL/CMakeLists.txt:5 (project)


CMake Deprecation Warning at /opt/hostedtoolcache/ndk/r27c/x64/build/cmake/flags.cmake:18 (cmake_minimum_required):
  Compatibility with CMake < 3.10 will be removed from a future version of
  CMake.

  Update the VERSION argument <min> value.  Or, use the <min>...<max> syntax
  to tell CMake that the project requires at least <min> but has been updated
  to work with policies introduced by <max> or earlier.
Call Stack (most recent call first):
  /usr/local/share/cmake-3.31/Modules/Platform/Android-Clang.cmake:23 (include)
  /usr/local/share/cmake-3.31/Modules/Platform/Android-Clang-C.cmake:1 (include)
  /usr/local/share/cmake-3.31/Modules/CMakeCInformation.cmake:48 (include)
  /home/runner/work/zh-mobile/zh-mobile/build/android-arm64/CMakeFiles/CMakeScratch/TryCompile-SOaRPL/CMakeLists.txt:5 (project)


-- Performing Test HAVE_RECURSIVE_MUTEXES - Success
-- Performing Test HAVE_PTHREADS_SEM
CMake Deprecation Warning at /opt/hostedtoolcache/ndk/r27c/x64/build/cmake/android.toolchain.cmake:35 (cmake_minimum_required):
  Compatibility with CMake < 3.10 will be removed from a future version of
  CMake.

  Update the VERSION argument <min> value.  Or, use the <min>...<max> syntax
  to tell CMake that the project requires at least <min> but has been updated
  to work with policies introduced by <max> or earlier.
Call Stack (most recent call first):
  /home/runner/vcpkg/scripts/buildsystems/vcpkg.cmake:210 (include)
  /home/runner/work/zh-mobile/zh-mobile/build/android-arm64/CMakeFiles/3.31.6/CMakeSystem.cmake:6 (include)
  /home/runner/work/zh-mobile/zh-mobile/build/android-arm64/CMakeFiles/CMakeScratch/TryCompile-dm01HX/CMakeLists.txt:5 (project)


CMake Deprecation Warning at /opt/hostedtoolcache/ndk/r27c/x64/build/cmake/android-legacy.toolchain.cmake:35 (cmake_minimum_required):
  Compatibility with CMake < 3.10 will be removed from a future version of
  CMake.

  Update the VERSION argument <min> value.  Or, use the <min>...<max> syntax
  to tell CMake that the project requires at least <min> but has been updated
  to work with policies introduced by <max> or earlier.
Call Stack (most recent call first):
  /opt/hostedtoolcache/ndk/r27c/x64/build/cmake/android.toolchain.cmake:55 (include)
  /home/runner/vcpkg/scripts/buildsystems/vcpkg.cmake:210 (include)
  /home/runner/work/zh-mobile/zh-mobile/build/android-arm64/CMakeFiles/3.31.6/CMakeSystem.cmake:6 (include)
  /home/runner/work/zh-mobile/zh-mobile/build/android-arm64/CMakeFiles/CMakeScratch/TryCompile-dm01HX/CMakeLists.txt:5 (project)


CMake Deprecation Warning at /opt/hostedtoolcache/ndk/r27c/x64/build/cmake/flags.cmake:18 (cmake_minimum_required):
  Compatibility with CMake < 3.10 will be removed from a future version of
  CMake.

  Update the VERSION argument <min> value.  Or, use the <min>...<max> syntax
  to tell CMake that the project requires at least <min> but has been updated
  to work with policies introduced by <max> or earlier.
Call Stack (most recent call first):
  /usr/local/share/cmake-3.31/Modules/Platform/Android-Clang.cmake:23 (include)
  /usr/local/share/cmake-3.31/Modules/Platform/Android-Clang-C.cmake:1 (include)
  /usr/local/share/cmake-3.31/Modules/CMakeCInformation.cmake:48 (include)
  /home/runner/work/zh-mobile/zh-mobile/build/android-arm64/CMakeFiles/CMakeScratch/TryCompile-dm01HX/CMakeLists.txt:5 (project)


-- Performing Test HAVE_PTHREADS_SEM - Success
-- Performing Test COMPILER_HAS_SEM_TIMEDWAIT
CMake Deprecation Warning at /opt/hostedtoolcache/ndk/r27c/x64/build/cmake/android.toolchain.cmake:35 (cmake_minimum_required):
  Compatibility with CMake < 3.10 will be removed from a future version of
  CMake.

  Update the VERSION argument <min> value.  Or, use the <min>...<max> syntax
  to tell CMake that the project requires at least <min> but has been updated
  to work with policies introduced by <max> or earlier.
Call Stack (most recent call first):
  /home/runner/vcpkg/scripts/buildsystems/vcpkg.cmake:210 (include)
  /home/runner/work/zh-mobile/zh-mobile/build/android-arm64/CMakeFiles/3.31.6/CMakeSystem.cmake:6 (include)
  /home/runner/work/zh-mobile/zh-mobile/build/android-arm64/CMakeFiles/CMakeScratch/TryCompile-iXWSGK/CMakeLists.txt:5 (project)


CMake Deprecation Warning at /opt/hostedtoolcache/ndk/r27c/x64/build/cmake/android-legacy.toolchain.cmake:35 (cmake_minimum_required):
  Compatibility with CMake < 3.10 will be removed from a future version of
  CMake.

  Update the VERSION argument <min> value.  Or, use the <min>...<max> syntax
  to tell CMake that the project requires at least <min> but has been updated
  to work with policies introduced by <max> or earlier.
Call Stack (most recent call first):
  /opt/hostedtoolcache/ndk/r27c/x64/build/cmake/android.toolchain.cmake:55 (include)
  /home/runner/vcpkg/scripts/buildsystems/vcpkg.cmake:210 (include)
  /home/runner/work/zh-mobile/zh-mobile/build/android-arm64/CMakeFiles/3.31.6/CMakeSystem.cmake:6 (include)
  /home/runner/work/zh-mobile/zh-mobile/build/android-arm64/CMakeFiles/CMakeScratch/TryCompile-iXWSGK/CMakeLists.txt:5 (project)


CMake Deprecation Warning at /opt/hostedtoolcache/ndk/r27c/x64/build/cmake/flags.cmake:18 (cmake_minimum_required):
  Compatibility with CMake < 3.10 will be removed from a future version of
  CMake.

  Update the VERSION argument <min> value.  Or, use the <min>...<max> syntax
  to tell CMake that the project requires at least <min> but has been updated
  to work with policies introduced by <max> or earlier.
Call Stack (most recent call first):
  /usr/local/share/cmake-3.31/Modules/Platform/Android-Clang.cmake:23 (include)
  /usr/local/share/cmake-3.31/Modules/Platform/Android-Clang-C.cmake:1 (include)
  /usr/local/share/cmake-3.31/Modules/CMakeCInformation.cmake:48 (include)
  /home/runner/work/zh-mobile/zh-mobile/build/android-arm64/CMakeFiles/CMakeScratch/TryCompile-iXWSGK/CMakeLists.txt:5 (project)


-- Performing Test COMPILER_HAS_SEM_TIMEDWAIT - Success
-- Looking for pthread.h
CMake Deprecation Warning at /opt/hostedtoolcache/ndk/r27c/x64/build/cmake/android.toolchain.cmake:35 (cmake_minimum_required):
  Compatibility with CMake < 3.10 will be removed from a future version of
  CMake.

  Update the VERSION argument <min> value.  Or, use the <min>...<max> syntax
  to tell CMake that the project requires at least <min> but has been updated
  to work with policies introduced by <max> or earlier.
Call Stack (most recent call first):
  /home/runner/vcpkg/scripts/buildsystems/vcpkg.cmake:210 (include)
  /home/runner/work/zh-mobile/zh-mobile/build/android-arm64/CMakeFiles/3.31.6/CMakeSystem.cmake:6 (include)
  /home/runner/work/zh-mobile/zh-mobile/build/android-arm64/CMakeFiles/CMakeScratch/TryCompile-AWIjsK/CMakeLists.txt:5 (project)


CMake Deprecation Warning at /opt/hostedtoolcache/ndk/r27c/x64/build/cmake/android-legacy.toolchain.cmake:35 (cmake_minimum_required):
  Compatibility with CMake < 3.10 will be removed from a future version of
  CMake.

  Update the VERSION argument <min> value.  Or, use the <min>...<max> syntax
  to tell CMake that the project requires at least <min> but has been updated
  to work with policies introduced by <max> or earlier.
Call Stack (most recent call first):
  /opt/hostedtoolcache/ndk/r27c/x64/build/cmake/android.toolchain.cmake:55 (include)
  /home/runner/vcpkg/scripts/buildsystems/vcpkg.cmake:210 (include)
  /home/runner/work/zh-mobile/zh-mobile/build/android-arm64/CMakeFiles/3.31.6/CMakeSystem.cmake:6 (include)
  /home/runner/work/zh-mobile/zh-mobile/build/android-arm64/CMakeFiles/CMakeScratch/TryCompile-AWIjsK/CMakeLists.txt:5 (project)


CMake Deprecation Warning at /opt/hostedtoolcache/ndk/r27c/x64/build/cmake/flags.cmake:18 (cmake_minimum_required):
  Compatibility with CMake < 3.10 will be removed from a future version of
  CMake.

  Update the VERSION argument <min> value.  Or, use the <min>...<max> syntax
  to tell CMake that the project requires at least <min> but has been updated
  to work with policies introduced by <max> or earlier.
Call Stack (most recent call first):
  /usr/local/share/cmake-3.31/Modules/Platform/Android-Clang.cmake:23 (include)
  /usr/local/share/cmake-3.31/Modules/Platform/Android-Clang-C.cmake:1 (include)
  /usr/local/share/cmake-3.31/Modules/CMakeCInformation.cmake:48 (include)
  /home/runner/work/zh-mobile/zh-mobile/build/android-arm64/CMakeFiles/CMakeScratch/TryCompile-AWIjsK/CMakeLists.txt:5 (project)


-- Looking for pthread.h - found
-- Looking for pthread_np.h
CMake Deprecation Warning at /opt/hostedtoolcache/ndk/r27c/x64/build/cmake/android.toolchain.cmake:35 (cmake_minimum_required):
  Compatibility with CMake < 3.10 will be removed from a future version of
  CMake.

  Update the VERSION argument <min> value.  Or, use the <min>...<max> syntax
  to tell CMake that the project requires at least <min> but has been updated
  to work with policies introduced by <max> or earlier.
Call Stack (most recent call first):
  /home/runner/vcpkg/scripts/buildsystems/vcpkg.cmake:210 (include)
  /home/runner/work/zh-mobile/zh-mobile/build/android-arm64/CMakeFiles/3.31.6/CMakeSystem.cmake:6 (include)
  /home/runner/work/zh-mobile/zh-mobile/build/android-arm64/CMakeFiles/CMakeScratch/TryCompile-uwu6Pq/CMakeLists.txt:5 (project)


CMake Deprecation Warning at /opt/hostedtoolcache/ndk/r27c/x64/build/cmake/android-legacy.toolchain.cmake:35 (cmake_minimum_required):
  Compatibility with CMake < 3.10 will be removed from a future version of
  CMake.

  Update the VERSION argument <min> value.  Or, use the <min>...<max> syntax
  to tell CMake that the project requires at least <min> but has been updated
  to work with policies introduced by <max> or earlier.
Call Stack (most recent call first):
  /opt/hostedtoolcache/ndk/r27c/x64/build/cmake/android.toolchain.cmake:55 (include)
  /home/runner/vcpkg/scripts/buildsystems/vcpkg.cmake:210 (include)
  /home/runner/work/zh-mobile/zh-mobile/build/android-arm64/CMakeFiles/3.31.6/CMakeSystem.cmake:6 (include)
  /home/runner/work/zh-mobile/zh-mobile/build/android-arm64/CMakeFiles/CMakeScratch/TryCompile-uwu6Pq/CMakeLists.txt:5 (project)


CMake Deprecation Warning at /opt/hostedtoolcache/ndk/r27c/x64/build/cmake/flags.cmake:18 (cmake_minimum_required):
  Compatibility with CMake < 3.10 will be removed from a future version of
  CMake.

  Update the VERSION argument <min> value.  Or, use the <min>...<max> syntax
  to tell CMake that the project requires at least <min> but has been updated
  to work with policies introduced by <max> or earlier.
Call Stack (most recent call first):
  /usr/local/share/cmake-3.31/Modules/Platform/Android-Clang.cmake:23 (include)
  /usr/local/share/cmake-3.31/Modules/Platform/Android-Clang-C.cmake:1 (include)
  /usr/local/share/cmake-3.31/Modules/CMakeCInformation.cmake:48 (include)
  /home/runner/work/zh-mobile/zh-mobile/build/android-arm64/CMakeFiles/CMakeScratch/TryCompile-uwu6Pq/CMakeLists.txt:5 (project)


-- Looking for pthread_np.h - not found
-- Performing Test HAVE_PTHREAD_SETNAME_NP
CMake Deprecation Warning at /opt/hostedtoolcache/ndk/r27c/x64/build/cmake/android.toolchain.cmake:35 (cmake_minimum_required):
  Compatibility with CMake < 3.10 will be removed from a future version of
  CMake.

  Update the VERSION argument <min> value.  Or, use the <min>...<max> syntax
  to tell CMake that the project requires at least <min> but has been updated
  to work with policies introduced by <max> or earlier.
Call Stack (most recent call first):
  /home/runner/vcpkg/scripts/buildsystems/vcpkg.cmake:210 (include)
  /home/runner/work/zh-mobile/zh-mobile/build/android-arm64/CMakeFiles/3.31.6/CMakeSystem.cmake:6 (include)
  /home/runner/work/zh-mobile/zh-mobile/build/android-arm64/CMakeFiles/CMakeScratch/TryCompile-lPCUuy/CMakeLists.txt:5 (project)


CMake Deprecation Warning at /opt/hostedtoolcache/ndk/r27c/x64/build/cmake/android-legacy.toolchain.cmake:35 (cmake_minimum_required):
  Compatibility with CMake < 3.10 will be removed from a future version of
  CMake.

  Update the VERSION argument <min> value.  Or, use the <min>...<max> syntax
  to tell CMake that the project requires at least <min> but has been updated
  to work with policies introduced by <max> or earlier.
Call Stack (most recent call first):
  /opt/hostedtoolcache/ndk/r27c/x64/build/cmake/android.toolchain.cmake:55 (include)
  /home/runner/vcpkg/scripts/buildsystems/vcpkg.cmake:210 (include)
  /home/runner/work/zh-mobile/zh-mobile/build/android-arm64/CMakeFiles/3.31.6/CMakeSystem.cmake:6 (include)
  /home/runner/work/zh-mobile/zh-mobile/build/android-arm64/CMakeFiles/CMakeScratch/TryCompile-lPCUuy/CMakeLists.txt:5 (project)


CMake Deprecation Warning at /opt/hostedtoolcache/ndk/r27c/x64/build/cmake/flags.cmake:18 (cmake_minimum_required):
  Compatibility with CMake < 3.10 will be removed from a future version of
  CMake.

  Update the VERSION argument <min> value.  Or, use the <min>...<max> syntax
  to tell CMake that the project requires at least <min> but has been updated
  to work with policies introduced by <max> or earlier.
Call Stack (most recent call first):
  /usr/local/share/cmake-3.31/Modules/Platform/Android-Clang.cmake:23 (include)
  /usr/local/share/cmake-3.31/Modules/Platform/Android-Clang-C.cmake:1 (include)
  /usr/local/share/cmake-3.31/Modules/CMakeCInformation.cmake:48 (include)
  /home/runner/work/zh-mobile/zh-mobile/build/android-arm64/CMakeFiles/CMakeScratch/TryCompile-lPCUuy/CMakeLists.txt:5 (project)


-- Performing Test HAVE_PTHREAD_SETNAME_NP - Success
-- 
-- SDL3 was configured with the following options:
-- 
-- Platform: Android-1
-- 64-bit:   TRUE
-- Compiler: /opt/hostedtoolcache/ndk/r27c/x64/toolchains/llvm/prebuilt/linux-x86_64/bin/clang
-- Revision: SDL-release-3.4.2-0-g683181b47
-- Vendor:   
-- 
-- Subsystems:
--   Audio:    ON
--   Video:    ON
--   GPU:      ON
--   Render:   ON
--   Camera:   OFF
--   Joystick: ON
--   Haptic:   ON
--   Hidapi:   ON
--   Power:    ON
--   Sensor:   ON
--   Dialog:   ON
--   Tray:     ON
-- 
-- Options:
--   SDL_ALSA                    (Wanted: OFF): OFF
--   SDL_ALSA_SHARED             (Wanted: OFF): OFF
--   SDL_ALTIVEC                 (Wanted: OFF): OFF
--   SDL_ARMNEON                 (Wanted: ON): ON
--   SDL_ASAN                    (Wanted: OFF): OFF
--   SDL_ASSEMBLY                (Wanted: ON): ON
--   SDL_ASSERTIONS              (Wanted: auto): auto
--   SDL_AVX                     (Wanted: OFF): OFF
--   SDL_AVX2                    (Wanted: OFF): OFF
--   SDL_AVX512F                 (Wanted: OFF): OFF
--   SDL_BACKGROUNDING_SIGNAL    (Wanted: OFF): OFF
--   SDL_CCACHE                  (Wanted: OFF): OFF
--   SDL_CLANG_TIDY              (Wanted: OFF): OFF
--   SDL_CLOCK_GETTIME           (Wanted: ON): ON
--   SDL_COCOA                   (Wanted: OFF): OFF
--   SDL_DBUS                    (Wanted: OFF): OFF
--   SDL_DEPS_SHARED             (Wanted: ON): OFF
--   SDL_DIRECTX                 (Wanted: OFF): OFF
--   SDL_DISKAUDIO               (Wanted: ON): ON
--   SDL_DLOPEN_NOTES            (Wanted: OFF): OFF
--   SDL_DUMMYAUDIO              (Wanted: ON): ON
--   SDL_DUMMYCAMERA             (Wanted: OFF): OFF
--   SDL_DUMMYVIDEO              (Wanted: ON): ON
--   SDL_EXAMPLES                (Wanted: OFF): OFF
--   SDL_EXAMPLES_LINK_SHARED    (Wanted: ON): OFF
--   SDL_FOREGROUNDING_SIGNAL    (Wanted: OFF): OFF
--   SDL_FRIBIDI                 (Wanted: ON): OFF
--   SDL_FRIBIDI_SHARED          (Wanted: ON): OFF
--   SDL_GCC_ATOMICS             (Wanted: ON): ON
--   SDL_HIDAPI                  (Wanted: ON): ON
--   SDL_HIDAPI_JOYSTICK         (Wanted: ON): ON
--   SDL_HIDAPI_LIBUSB           (Wanted: ON): OFF
--   SDL_HIDAPI_LIBUSB_SHARED    (Wanted: ON): OFF
--   SDL_IBUS                    (Wanted: OFF): OFF
--   SDL_INSTALL                 (Wanted: OFF): OFF
--   SDL_INSTALL_TESTS           (Wanted: OFF): OFF
--   SDL_JACK                    (Wanted: OFF): OFF
--   SDL_JACK_SHARED             (Wanted: OFF): OFF
--   SDL_KMSDRM                  (Wanted: OFF): OFF
--   SDL_KMSDRM_SHARED           (Wanted: OFF): OFF
--   SDL_LASX                    (Wanted: OFF): OFF
--   SDL_LIBC                    (Wanted: ON): ON
--   SDL_LIBICONV                (Wanted: OFF): OFF
--   SDL_LIBTHAI                 (Wanted: ON): OFF
--   SDL_LIBTHAI_SHARED          (Wanted: ON): OFF
--   SDL_LIBUDEV                 (Wanted: ON): OFF
--   SDL_LIBURING                (Wanted: OFF): OFF
--   SDL_LSX                     (Wanted: OFF): OFF
--   SDL_METAL                   (Wanted: OFF): OFF
--   SDL_MMX                     (Wanted: OFF): OFF
--   SDL_OFFSCREEN               (Wanted: ON): ON
--   SDL_OPENGL                  (Wanted: ON): OFF
--   SDL_OPENGLES                (Wanted: ON): ON
--   SDL_OPENVR                  (Wanted: OFF): OFF
--   SDL_OSS                     (Wanted: OFF): OFF
--   SDL_PIPEWIRE                (Wanted: OFF): OFF
--   SDL_PIPEWIRE_SHARED         (Wanted: OFF): OFF
--   SDL_PTHREADS                (Wanted: ON): ON
--   SDL_PTHREADS_SEM            (Wanted: ON): ON
--   SDL_PULSEAUDIO              (Wanted: OFF): OFF
--   SDL_PULSEAUDIO_SHARED       (Wanted: OFF): OFF
--   SDL_RENDER_D3D              (Wanted: OFF): OFF
--   SDL_RENDER_D3D11            (Wanted: OFF): OFF
--   SDL_RENDER_D3D12            (Wanted: OFF): OFF
--   SDL_RENDER_GPU              (Wanted: ON): ON
--   SDL_RENDER_METAL            (Wanted: OFF): OFF
--   SDL_RENDER_VULKAN           (Wanted: ON): ON
--   SDL_ROCKCHIP                (Wanted: OFF): OFF
--   SDL_RPATH                   (Wanted: OFF): OFF
--   SDL_RPI                     (Wanted: OFF): OFF
--   SDL_SNDIO                   (Wanted: OFF): OFF
--   SDL_SNDIO_SHARED            (Wanted: OFF): OFF
--   SDL_SSE                     (Wanted: OFF): OFF
--   SDL_SSE2                    (Wanted: OFF): OFF
--   SDL_SSE3                    (Wanted: OFF): OFF
--   SDL_SSE4_1                  (Wanted: OFF): OFF
--   SDL_SSE4_2                  (Wanted: OFF): OFF
--   SDL_SYSTEM_ICONV            (Wanted: ON): ON
--   SDL_TESTS                   (Wanted: OFF): OFF
--   SDL_TESTS_LINK_SHARED       (Wanted: ON): OFF
--   SDL_UNINSTALL               (Wanted: OFF): OFF
--   SDL_VIRTUAL_JOYSTICK        (Wanted: ON): ON
--   SDL_VIVANTE                 (Wanted: OFF): OFF
--   SDL_VULKAN                  (Wanted: ON): ON
--   SDL_WASAPI                  (Wanted: OFF): OFF
--   SDL_WAYLAND                 (Wanted: ON): OFF
--   SDL_WAYLAND_LIBDECOR        (Wanted: ON): OFF
--   SDL_WAYLAND_LIBDECOR_SHARED (Wanted: ON): OFF
--   SDL_WAYLAND_SHARED          (Wanted: ON): OFF
--   SDL_X11                     (Wanted: ON): OFF
--   SDL_X11_SHARED              (Wanted: ON): OFF
--   SDL_X11_XCURSOR             (Wanted: ON): OFF
--   SDL_X11_XDBE                (Wanted: ON): OFF
--   SDL_X11_XFIXES              (Wanted: ON): OFF
--   SDL_X11_XINPUT              (Wanted: ON): OFF
--   SDL_X11_XRANDR              (Wanted: ON): OFF
--   SDL_X11_XSCRNSAVER          (Wanted: ON): OFF
--   SDL_X11_XSHAPE              (Wanted: ON): OFF
--   SDL_X11_XSYNC               (Wanted: ON): OFF
--   SDL_X11_XTEST               (Wanted: ON): OFF
--   SDL_XINPUT                  (Wanted: OFF): OFF
-- 
--  Build Shared Library: ON
--  Build Static Library: OFF
-- 
-- Enabled backends:
--   Video drivers: android dummy offscreen
--   Render drivers: gpu ogl_es2 vulkan
--   GPU drivers: vulkan
--   Audio drivers: aaudio disk dummy opensles
--   Joystick drivers: android hidapi virtual
--   Camera drivers: dummy
-- 
-- If something was not detected, although the libraries
-- were installed, then make sure you have set the
-- CMAKE_C_FLAGS and CMAKE_PREFIX_PATH CMake variables correctly.
-- 
-- Configuring SDL3_image (v3.4.0) with FetchContent (native build)...
-- Configuring SDL3_image 3.4.0
-- Performing Test LINKER_SUPPORTS_VERSION_SCRIPT
CMake Deprecation Warning at /opt/hostedtoolcache/ndk/r27c/x64/build/cmake/android.toolchain.cmake:35 (cmake_minimum_required):
  Compatibility with CMake < 3.10 will be removed from a future version of
  CMake.

  Update the VERSION argument <min> value.  Or, use the <min>...<max> syntax
  to tell CMake that the project requires at least <min> but has been updated
  to work with policies introduced by <max> or earlier.
Call Stack (most recent call first):
  /home/runner/vcpkg/scripts/buildsystems/vcpkg.cmake:210 (include)
  /home/runner/work/zh-mobile/zh-mobile/build/android-arm64/CMakeFiles/3.31.6/CMakeSystem.cmake:6 (include)
  /home/runner/work/zh-mobile/zh-mobile/build/android-arm64/CMakeFiles/CMakeScratch/TryCompile-oADIMe/CMakeLists.txt:5 (project)


CMake Deprecation Warning at /opt/hostedtoolcache/ndk/r27c/x64/build/cmake/android-legacy.toolchain.cmake:35 (cmake_minimum_required):
  Compatibility with CMake < 3.10 will be removed from a future version of
  CMake.

  Update the VERSION argument <min> value.  Or, use the <min>...<max> syntax
  to tell CMake that the project requires at least <min> but has been updated
  to work with policies introduced by <max> or earlier.
Call Stack (most recent call first):
  /opt/hostedtoolcache/ndk/r27c/x64/build/cmake/android.toolchain.cmake:55 (include)
  /home/runner/vcpkg/scripts/buildsystems/vcpkg.cmake:210 (include)
  /home/runner/work/zh-mobile/zh-mobile/build/android-arm64/CMakeFiles/3.31.6/CMakeSystem.cmake:6 (include)
  /home/runner/work/zh-mobile/zh-mobile/build/android-arm64/CMakeFiles/CMakeScratch/TryCompile-oADIMe/CMakeLists.txt:5 (project)


CMake Deprecation Warning at /opt/hostedtoolcache/ndk/r27c/x64/build/cmake/flags.cmake:18 (cmake_minimum_required):
  Compatibility with CMake < 3.10 will be removed from a future version of
  CMake.

  Update the VERSION argument <min> value.  Or, use the <min>...<max> syntax
  to tell CMake that the project requires at least <min> but has been updated
  to work with policies introduced by <max> or earlier.
Call Stack (most recent call first):
  /usr/local/share/cmake-3.31/Modules/Platform/Android-Clang.cmake:23 (include)
  /usr/local/share/cmake-3.31/Modules/Platform/Android-Clang-C.cmake:1 (include)
  /usr/local/share/cmake-3.31/Modules/CMakeCInformation.cmake:48 (include)
  /home/runner/work/zh-mobile/zh-mobile/build/android-arm64/CMakeFiles/CMakeScratch/TryCompile-oADIMe/CMakeLists.txt:5 (project)


-- Performing Test LINKER_SUPPORTS_VERSION_SCRIPT - Success
-- Performing Test HAVE_WL_NO_UNDEFINED
CMake Deprecation Warning at /opt/hostedtoolcache/ndk/r27c/x64/build/cmake/android.toolchain.cmake:35 (cmake_minimum_required):
  Compatibility with CMake < 3.10 will be removed from a future version of
  CMake.

  Update the VERSION argument <min> value.  Or, use the <min>...<max> syntax
  to tell CMake that the project requires at least <min> but has been updated
  to work with policies introduced by <max> or earlier.
Call Stack (most recent call first):
  /home/runner/vcpkg/scripts/buildsystems/vcpkg.cmake:210 (include)
  /home/runner/work/zh-mobile/zh-mobile/build/android-arm64/CMakeFiles/3.31.6/CMakeSystem.cmake:6 (include)
  /home/runner/work/zh-mobile/zh-mobile/build/android-arm64/CMakeFiles/CMakeScratch/TryCompile-NQVsvH/CMakeLists.txt:5 (project)


CMake Deprecation Warning at /opt/hostedtoolcache/ndk/r27c/x64/build/cmake/android-legacy.toolchain.cmake:35 (cmake_minimum_required):
  Compatibility with CMake < 3.10 will be removed from a future version of
  CMake.

  Update the VERSION argument <min> value.  Or, use the <min>...<max> syntax
  to tell CMake that the project requires at least <min> but has been updated
  to work with policies introduced by <max> or earlier.
Call Stack (most recent call first):
  /opt/hostedtoolcache/ndk/r27c/x64/build/cmake/android.toolchain.cmake:55 (include)
  /home/runner/vcpkg/scripts/buildsystems/vcpkg.cmake:210 (include)
  /home/runner/work/zh-mobile/zh-mobile/build/android-arm64/CMakeFiles/3.31.6/CMakeSystem.cmake:6 (include)
  /home/runner/work/zh-mobile/zh-mobile/build/android-arm64/CMakeFiles/CMakeScratch/TryCompile-NQVsvH/CMakeLists.txt:5 (project)


CMake Deprecation Warning at /opt/hostedtoolcache/ndk/r27c/x64/build/cmake/flags.cmake:18 (cmake_minimum_required):
  Compatibility with CMake < 3.10 will be removed from a future version of
  CMake.

  Update the VERSION argument <min> value.  Or, use the <min>...<max> syntax
  to tell CMake that the project requires at least <min> but has been updated
  to work with policies introduced by <max> or earlier.
Call Stack (most recent call first):
  /usr/local/share/cmake-3.31/Modules/Platform/Android-Clang.cmake:23 (include)
  /usr/local/share/cmake-3.31/Modules/Platform/Android-Clang-C.cmake:1 (include)
  /usr/local/share/cmake-3.31/Modules/CMakeCInformation.cmake:48 (include)
  /home/runner/work/zh-mobile/zh-mobile/build/android-arm64/CMakeFiles/CMakeScratch/TryCompile-NQVsvH/CMakeLists.txt:5 (project)


-- Performing Test HAVE_WL_NO_UNDEFINED - Success
-- SDL3_image backends:
-- - enabled:  stb ani bmp gif jpg lbm pcx png pnm qoi svg tga xcf xpm xv
-- - disabled: imageio wic avif jxl apng tif webp
-- ✓ SDL3 (3.4.2) + SDL3_image (3.4.0) configured
--   Build approach: Native FetchContent compilation
--   PNG support: System libpng-dev (dynamic linking)
-- SDL3 windowing backend enabled
-- OpenAL audio backend enabled
-- GLM math library enabled (DirectX 8 replacement)
-- GameSpy server name is set to server.cnc-online.net
-- Performing Test CMAKE_HAVE_LIBC_PTHREAD
CMake Deprecation Warning at /opt/hostedtoolcache/ndk/r27c/x64/build/cmake/android.toolchain.cmake:35 (cmake_minimum_required):
  Compatibility with CMake < 3.10 will be removed from a future version of
  CMake.

  Update the VERSION argument <min> value.  Or, use the <min>...<max> syntax
  to tell CMake that the project requires at least <min> but has been updated
  to work with policies introduced by <max> or earlier.
Call Stack (most recent call first):
  /home/runner/vcpkg/scripts/buildsystems/vcpkg.cmake:210 (include)
  /home/runner/work/zh-mobile/zh-mobile/build/android-arm64/CMakeFiles/3.31.6/CMakeSystem.cmake:6 (include)
  /home/runner/work/zh-mobile/zh-mobile/build/android-arm64/CMakeFiles/CMakeScratch/TryCompile-H7bYR4/CMakeLists.txt:5 (project)


CMake Deprecation Warning at /opt/hostedtoolcache/ndk/r27c/x64/build/cmake/android-legacy.toolchain.cmake:35 (cmake_minimum_required):
  Compatibility with CMake < 3.10 will be removed from a future version of
  CMake.

  Update the VERSION argument <min> value.  Or, use the <min>...<max> syntax
  to tell CMake that the project requires at least <min> but has been updated
  to work with policies introduced by <max> or earlier.
Call Stack (most recent call first):
  /opt/hostedtoolcache/ndk/r27c/x64/build/cmake/android.toolchain.cmake:55 (include)
  /home/runner/vcpkg/scripts/buildsystems/vcpkg.cmake:210 (include)
  /home/runner/work/zh-mobile/zh-mobile/build/android-arm64/CMakeFiles/3.31.6/CMakeSystem.cmake:6 (include)
  /home/runner/work/zh-mobile/zh-mobile/build/android-arm64/CMakeFiles/CMakeScratch/TryCompile-H7bYR4/CMakeLists.txt:5 (project)


CMake Deprecation Warning at /opt/hostedtoolcache/ndk/r27c/x64/build/cmake/flags.cmake:18 (cmake_minimum_required):
  Compatibility with CMake < 3.10 will be removed from a future version of
  CMake.

  Update the VERSION argument <min> value.  Or, use the <min>...<max> syntax
  to tell CMake that the project requires at least <min> but has been updated
  to work with policies introduced by <max> or earlier.
Call Stack (most recent call first):
  /usr/local/share/cmake-3.31/Modules/Platform/Android-Clang.cmake:23 (include)
  /usr/local/share/cmake-3.31/Modules/Platform/Android-Clang-C.cmake:1 (include)
  /usr/local/share/cmake-3.31/Modules/CMakeCInformation.cmake:48 (include)
  /home/runner/work/zh-mobile/zh-mobile/build/android-arm64/CMakeFiles/CMakeScratch/TryCompile-H7bYR4/CMakeLists.txt:5 (project)


-- Performing Test CMAKE_HAVE_LIBC_PTHREAD - Failed
-- Looking for pthread_create in pthreads
CMake Deprecation Warning at /opt/hostedtoolcache/ndk/r27c/x64/build/cmake/android.toolchain.cmake:35 (cmake_minimum_required):
  Compatibility with CMake < 3.10 will be removed from a future version of
  CMake.

  Update the VERSION argument <min> value.  Or, use the <min>...<max> syntax
  to tell CMake that the project requires at least <min> but has been updated
  to work with policies introduced by <max> or earlier.
Call Stack (most recent call first):
  /home/runner/vcpkg/scripts/buildsystems/vcpkg.cmake:210 (include)
  /home/runner/work/zh-mobile/zh-mobile/build/android-arm64/CMakeFiles/3.31.6/CMakeSystem.cmake:6 (include)
  /home/runner/work/zh-mobile/zh-mobile/build/android-arm64/CMakeFiles/CMakeScratch/TryCompile-88QEA3/CMakeLists.txt:5 (project)


CMake Deprecation Warning at /opt/hostedtoolcache/ndk/r27c/x64/build/cmake/android-legacy.toolchain.cmake:35 (cmake_minimum_required):
  Compatibility with CMake < 3.10 will be removed from a future version of
  CMake.

  Update the VERSION argument <min> value.  Or, use the <min>...<max> syntax
  to tell CMake that the project requires at least <min> but has been updated
  to work with policies introduced by <max> or earlier.
Call Stack (most recent call first):
  /opt/hostedtoolcache/ndk/r27c/x64/build/cmake/android.toolchain.cmake:55 (include)
  /home/runner/vcpkg/scripts/buildsystems/vcpkg.cmake:210 (include)
  /home/runner/work/zh-mobile/zh-mobile/build/android-arm64/CMakeFiles/3.31.6/CMakeSystem.cmake:6 (include)
  /home/runner/work/zh-mobile/zh-mobile/build/android-arm64/CMakeFiles/CMakeScratch/TryCompile-88QEA3/CMakeLists.txt:5 (project)


CMake Deprecation Warning at /opt/hostedtoolcache/ndk/r27c/x64/build/cmake/flags.cmake:18 (cmake_minimum_required):
  Compatibility with CMake < 3.10 will be removed from a future version of
  CMake.

  Update the VERSION argument <min> value.  Or, use the <min>...<max> syntax
  to tell CMake that the project requires at least <min> but has been updated
  to work with policies introduced by <max> or earlier.
Call Stack (most recent call first):
  /usr/local/share/cmake-3.31/Modules/Platform/Android-Clang.cmake:23 (include)
  /usr/local/share/cmake-3.31/Modules/Platform/Android-Clang-C.cmake:1 (include)
  /usr/local/share/cmake-3.31/Modules/CMakeCInformation.cmake:48 (include)
  /home/runner/work/zh-mobile/zh-mobile/build/android-arm64/CMakeFiles/CMakeScratch/TryCompile-88QEA3/CMakeLists.txt:5 (project)


-- Looking for pthread_create in pthreads - not found
-- Looking for pthread_create in pthread
CMake Deprecation Warning at /opt/hostedtoolcache/ndk/r27c/x64/build/cmake/android.toolchain.cmake:35 (cmake_minimum_required):
  Compatibility with CMake < 3.10 will be removed from a future version of
  CMake.

  Update the VERSION argument <min> value.  Or, use the <min>...<max> syntax
  to tell CMake that the project requires at least <min> but has been updated
  to work with policies introduced by <max> or earlier.
Call Stack (most recent call first):
  /home/runner/vcpkg/scripts/buildsystems/vcpkg.cmake:210 (include)
  /home/runner/work/zh-mobile/zh-mobile/build/android-arm64/CMakeFiles/3.31.6/CMakeSystem.cmake:6 (include)
  /home/runner/work/zh-mobile/zh-mobile/build/android-arm64/CMakeFiles/CMakeScratch/TryCompile-n59rMw/CMakeLists.txt:5 (project)


CMake Deprecation Warning at /opt/hostedtoolcache/ndk/r27c/x64/build/cmake/android-legacy.toolchain.cmake:35 (cmake_minimum_required):
  Compatibility with CMake < 3.10 will be removed from a future version of
  CMake.

  Update the VERSION argument <min> value.  Or, use the <min>...<max> syntax
  to tell CMake that the project requires at least <min> but has been updated
  to work with policies introduced by <max> or earlier.
Call Stack (most recent call first):
  /opt/hostedtoolcache/ndk/r27c/x64/build/cmake/android.toolchain.cmake:55 (include)
  /home/runner/vcpkg/scripts/buildsystems/vcpkg.cmake:210 (include)
  /home/runner/work/zh-mobile/zh-mobile/build/android-arm64/CMakeFiles/3.31.6/CMakeSystem.cmake:6 (include)
  /home/runner/work/zh-mobile/zh-mobile/build/android-arm64/CMakeFiles/CMakeScratch/TryCompile-n59rMw/CMakeLists.txt:5 (project)


CMake Deprecation Warning at /opt/hostedtoolcache/ndk/r27c/x64/build/cmake/flags.cmake:18 (cmake_minimum_required):
  Compatibility with CMake < 3.10 will be removed from a future version of
  CMake.

  Update the VERSION argument <min> value.  Or, use the <min>...<max> syntax
  to tell CMake that the project requires at least <min> but has been updated
  to work with policies introduced by <max> or earlier.
Call Stack (most recent call first):
  /usr/local/share/cmake-3.31/Modules/Platform/Android-Clang.cmake:23 (include)
  /usr/local/share/cmake-3.31/Modules/Platform/Android-Clang-C.cmake:1 (include)
  /usr/local/share/cmake-3.31/Modules/CMakeCInformation.cmake:48 (include)
  /home/runner/work/zh-mobile/zh-mobile/build/android-arm64/CMakeFiles/CMakeScratch/TryCompile-n59rMw/CMakeLists.txt:5 (project)


-- Looking for pthread_create in pthread - not found
-- Check if compiler accepts -pthread
CMake Deprecation Warning at /opt/hostedtoolcache/ndk/r27c/x64/build/cmake/android.toolchain.cmake:35 (cmake_minimum_required):
  Compatibility with CMake < 3.10 will be removed from a future version of
  CMake.

  Update the VERSION argument <min> value.  Or, use the <min>...<max> syntax
  to tell CMake that the project requires at least <min> but has been updated
  to work with policies introduced by <max> or earlier.
Call Stack (most recent call first):
  /home/runner/vcpkg/scripts/buildsystems/vcpkg.cmake:210 (include)
  /home/runner/work/zh-mobile/zh-mobile/build/android-arm64/CMakeFiles/3.31.6/CMakeSystem.cmake:6 (include)
  /home/runner/work/zh-mobile/zh-mobile/build/android-arm64/CMakeFiles/CMakeScratch/TryCompile-W9QUG6/CMakeLists.txt:3 (project)


CMake Deprecation Warning at /opt/hostedtoolcache/ndk/r27c/x64/build/cmake/android-legacy.toolchain.cmake:35 (cmake_minimum_required):
  Compatibility with CMake < 3.10 will be removed from a future version of
  CMake.

  Update the VERSION argument <min> value.  Or, use the <min>...<max> syntax
  to tell CMake that the project requires at least <min> but has been updated
  to work with policies introduced by <max> or earlier.
Call Stack (most recent call first):
  /opt/hostedtoolcache/ndk/r27c/x64/build/cmake/android.toolchain.cmake:55 (include)
  /home/runner/vcpkg/scripts/buildsystems/vcpkg.cmake:210 (include)
  /home/runner/work/zh-mobile/zh-mobile/build/android-arm64/CMakeFiles/3.31.6/CMakeSystem.cmake:6 (include)
  /home/runner/work/zh-mobile/zh-mobile/build/android-arm64/CMakeFiles/CMakeScratch/TryCompile-W9QUG6/CMakeLists.txt:3 (project)


CMake Deprecation Warning at /opt/hostedtoolcache/ndk/r27c/x64/build/cmake/flags.cmake:18 (cmake_minimum_required):
  Compatibility with CMake < 3.10 will be removed from a future version of
  CMake.

  Update the VERSION argument <min> value.  Or, use the <min>...<max> syntax
  to tell CMake that the project requires at least <min> but has been updated
  to work with policies introduced by <max> or earlier.
Call Stack (most recent call first):
  /usr/local/share/cmake-3.31/Modules/Platform/Android-Clang.cmake:23 (include)
  /usr/local/share/cmake-3.31/Modules/Platform/Android-Clang-C.cmake:1 (include)
  /usr/local/share/cmake-3.31/Modules/CMakeCInformation.cmake:48 (include)
  /home/runner/work/zh-mobile/zh-mobile/build/android-arm64/CMakeFiles/CMakeScratch/TryCompile-W9QUG6/CMakeLists.txt:3 (project)


-- Check if compiler accepts -pthread - yes
-- Found Threads: TRUE
-- Populating lzhl
-- Configuring done (0.0s)
-- Generating done (0.0s)
-- Build files have been written to: /home/runner/work/zh-mobile/zh-mobile/build/android-arm64/lzhl-subbuild
[1/9] Creating directories for 'lzhl-populate'
[1/9] Performing download step (git clone) for 'lzhl-populate'
Cloning into 'CompLibHeader'...
HEAD is now at dfd96e2 Add lzhl
[2/9] Performing update step for 'lzhl-populate'
-- Already at requested ref: dfd96e2ca64adaddb35dd4ebadd6add7d5586783
[3/9] No patch step for 'lzhl-populate'
[5/9] No configure step for 'lzhl-populate'
[6/9] No build step for 'lzhl-populate'
[7/9] No install step for 'lzhl-populate'
[8/9] No test step for 'lzhl-populate'
[9/9] Completed 'lzhl-populate'
-- Configuring OpenAL Soft (v1.24.2) with FetchContent...
-- {fmt} version: 11.1.1
-- Build type: RelWithDebInfo
-- Performing Test HAVE_STDC_FORMAT_MACROS
CMake Deprecation Warning at /opt/hostedtoolcache/ndk/r27c/x64/build/cmake/android.toolchain.cmake:35 (cmake_minimum_required):
  Compatibility with CMake < 3.10 will be removed from a future version of
  CMake.

  Update the VERSION argument <min> value.  Or, use the <min>...<max> syntax
  to tell CMake that the project requires at least <min> but has been updated
  to work with policies introduced by <max> or earlier.
Call Stack (most recent call first):
  /home/runner/vcpkg/scripts/buildsystems/vcpkg.cmake:210 (include)
  /home/runner/work/zh-mobile/zh-mobile/build/android-arm64/CMakeFiles/3.31.6/CMakeSystem.cmake:6 (include)
  /home/runner/work/zh-mobile/zh-mobile/build/android-arm64/CMakeFiles/CMakeScratch/TryCompile-iPAFbP/CMakeLists.txt:5 (project)


CMake Deprecation Warning at /opt/hostedtoolcache/ndk/r27c/x64/build/cmake/android-legacy.toolchain.cmake:35 (cmake_minimum_required):
  Compatibility with CMake < 3.10 will be removed from a future version of
  CMake.

  Update the VERSION argument <min> value.  Or, use the <min>...<max> syntax
  to tell CMake that the project requires at least <min> but has been updated
  to work with policies introduced by <max> or earlier.
Call Stack (most recent call first):
  /opt/hostedtoolcache/ndk/r27c/x64/build/cmake/android.toolchain.cmake:55 (include)
  /home/runner/vcpkg/scripts/buildsystems/vcpkg.cmake:210 (include)
  /home/runner/work/zh-mobile/zh-mobile/build/android-arm64/CMakeFiles/3.31.6/CMakeSystem.cmake:6 (include)
  /home/runner/work/zh-mobile/zh-mobile/build/android-arm64/CMakeFiles/CMakeScratch/TryCompile-iPAFbP/CMakeLists.txt:5 (project)


CMake Deprecation Warning at /opt/hostedtoolcache/ndk/r27c/x64/build/cmake/flags.cmake:18 (cmake_minimum_required):
  Compatibility with CMake < 3.10 will be removed from a future version of
  CMake.

  Update the VERSION argument <min> value.  Or, use the <min>...<max> syntax
  to tell CMake that the project requires at least <min> but has been updated
  to work with policies introduced by <max> or earlier.
Call Stack (most recent call first):
  /usr/local/share/cmake-3.31/Modules/Platform/Android-Clang.cmake:23 (include)
  /usr/local/share/cmake-3.31/Modules/Platform/Android-Clang-CXX.cmake:1 (include)
  /usr/local/share/cmake-3.31/Modules/CMakeCXXInformation.cmake:48 (include)
  /home/runner/work/zh-mobile/zh-mobile/build/android-arm64/CMakeFiles/CMakeScratch/TryCompile-iPAFbP/CMakeLists.txt:5 (project)


-- Performing Test HAVE_STDC_FORMAT_MACROS - Success
-- Performing Test HAVE_LIBATOMIC
CMake Deprecation Warning at /opt/hostedtoolcache/ndk/r27c/x64/build/cmake/android.toolchain.cmake:35 (cmake_minimum_required):
  Compatibility with CMake < 3.10 will be removed from a future version of
  CMake.

  Update the VERSION argument <min> value.  Or, use the <min>...<max> syntax
  to tell CMake that the project requires at least <min> but has been updated
  to work with policies introduced by <max> or earlier.
Call Stack (most recent call first):
  /home/runner/vcpkg/scripts/buildsystems/vcpkg.cmake:210 (include)
  /home/runner/work/zh-mobile/zh-mobile/build/android-arm64/CMakeFiles/3.31.6/CMakeSystem.cmake:6 (include)
  /home/runner/work/zh-mobile/zh-mobile/build/android-arm64/CMakeFiles/CMakeScratch/TryCompile-YaeIpj/CMakeLists.txt:5 (project)


CMake Deprecation Warning at /opt/hostedtoolcache/ndk/r27c/x64/build/cmake/android-legacy.toolchain.cmake:35 (cmake_minimum_required):
  Compatibility with CMake < 3.10 will be removed from a future version of
  CMake.

  Update the VERSION argument <min> value.  Or, use the <min>...<max> syntax
  to tell CMake that the project requires at least <min> but has been updated
  to work with policies introduced by <max> or earlier.
Call Stack (most recent call first):
  /opt/hostedtoolcache/ndk/r27c/x64/build/cmake/android.toolchain.cmake:55 (include)
  /home/runner/vcpkg/scripts/buildsystems/vcpkg.cmake:210 (include)
  /home/runner/work/zh-mobile/zh-mobile/build/android-arm64/CMakeFiles/3.31.6/CMakeSystem.cmake:6 (include)
  /home/runner/work/zh-mobile/zh-mobile/build/android-arm64/CMakeFiles/CMakeScratch/TryCompile-YaeIpj/CMakeLists.txt:5 (project)


CMake Deprecation Warning at /opt/hostedtoolcache/ndk/r27c/x64/build/cmake/flags.cmake:18 (cmake_minimum_required):
  Compatibility with CMake < 3.10 will be removed from a future version of
  CMake.

  Update the VERSION argument <min> value.  Or, use the <min>...<max> syntax
  to tell CMake that the project requires at least <min> but has been updated
  to work with policies introduced by <max> or earlier.
Call Stack (most recent call first):
  /usr/local/share/cmake-3.31/Modules/Platform/Android-Clang.cmake:23 (include)
  /usr/local/share/cmake-3.31/Modules/Platform/Android-Clang-CXX.cmake:1 (include)
  /usr/local/share/cmake-3.31/Modules/CMakeCXXInformation.cmake:48 (include)
  /home/runner/work/zh-mobile/zh-mobile/build/android-arm64/CMakeFiles/CMakeScratch/TryCompile-YaeIpj/CMakeLists.txt:5 (project)


-- Performing Test HAVE_LIBATOMIC - Success
-- Looking for __android_log_print in log
CMake Deprecation Warning at /opt/hostedtoolcache/ndk/r27c/x64/build/cmake/android.toolchain.cmake:35 (cmake_minimum_required):
  Compatibility with CMake < 3.10 will be removed from a future version of
  CMake.

  Update the VERSION argument <min> value.  Or, use the <min>...<max> syntax
  to tell CMake that the project requires at least <min> but has been updated
  to work with policies introduced by <max> or earlier.
Call Stack (most recent call first):
  /home/runner/vcpkg/scripts/buildsystems/vcpkg.cmake:210 (include)
  /home/runner/work/zh-mobile/zh-mobile/build/android-arm64/CMakeFiles/3.31.6/CMakeSystem.cmake:6 (include)
  /home/runner/work/zh-mobile/zh-mobile/build/android-arm64/CMakeFiles/CMakeScratch/TryCompile-smAGMD/CMakeLists.txt:5 (project)


CMake Deprecation Warning at /opt/hostedtoolcache/ndk/r27c/x64/build/cmake/android-legacy.toolchain.cmake:35 (cmake_minimum_required):
  Compatibility with CMake < 3.10 will be removed from a future version of
  CMake.

  Update the VERSION argument <min> value.  Or, use the <min>...<max> syntax
  to tell CMake that the project requires at least <min> but has been updated
  to work with policies introduced by <max> or earlier.
Call Stack (most recent call first):
  /opt/hostedtoolcache/ndk/r27c/x64/build/cmake/android.toolchain.cmake:55 (include)
  /home/runner/vcpkg/scripts/buildsystems/vcpkg.cmake:210 (include)
  /home/runner/work/zh-mobile/zh-mobile/build/android-arm64/CMakeFiles/3.31.6/CMakeSystem.cmake:6 (include)
  /home/runner/work/zh-mobile/zh-mobile/build/android-arm64/CMakeFiles/CMakeScratch/TryCompile-smAGMD/CMakeLists.txt:5 (project)


CMake Deprecation Warning at /opt/hostedtoolcache/ndk/r27c/x64/build/cmake/flags.cmake:18 (cmake_minimum_required):
  Compatibility with CMake < 3.10 will be removed from a future version of
  CMake.

  Update the VERSION argument <min> value.  Or, use the <min>...<max> syntax
  to tell CMake that the project requires at least <min> but has been updated
  to work with policies introduced by <max> or earlier.
Call Stack (most recent call first):
  /usr/local/share/cmake-3.31/Modules/Platform/Android-Clang.cmake:23 (include)
  /usr/local/share/cmake-3.31/Modules/Platform/Android-Clang-C.cmake:1 (include)
  /usr/local/share/cmake-3.31/Modules/CMakeCInformation.cmake:48 (include)
  /home/runner/work/zh-mobile/zh-mobile/build/android-arm64/CMakeFiles/CMakeScratch/TryCompile-smAGMD/CMakeLists.txt:5 (project)


-- Looking for __android_log_print in log - found
-- Performing Test HAVE_WNO_CXX20_ATTR_EXT
CMake Deprecation Warning at /opt/hostedtoolcache/ndk/r27c/x64/build/cmake/android.toolchain.cmake:35 (cmake_minimum_required):
  Compatibility with CMake < 3.10 will be removed from a future version of
  CMake.

  Update the VERSION argument <min> value.  Or, use the <min>...<max> syntax
  to tell CMake that the project requires at least <min> but has been updated
  to work with policies introduced by <max> or earlier.
Call Stack (most recent call first):
  /home/runner/vcpkg/scripts/buildsystems/vcpkg.cmake:210 (include)
  /home/runner/work/zh-mobile/zh-mobile/build/android-arm64/CMakeFiles/3.31.6/CMakeSystem.cmake:6 (include)
  /home/runner/work/zh-mobile/zh-mobile/build/android-arm64/CMakeFiles/CMakeScratch/TryCompile-GRVhX1/CMakeLists.txt:5 (project)


CMake Deprecation Warning at /opt/hostedtoolcache/ndk/r27c/x64/build/cmake/android-legacy.toolchain.cmake:35 (cmake_minimum_required):
  Compatibility with CMake < 3.10 will be removed from a future version of
  CMake.

  Update the VERSION argument <min> value.  Or, use the <min>...<max> syntax
  to tell CMake that the project requires at least <min> but has been updated
  to work with policies introduced by <max> or earlier.
Call Stack (most recent call first):
  /opt/hostedtoolcache/ndk/r27c/x64/build/cmake/android.toolchain.cmake:55 (include)
  /home/runner/vcpkg/scripts/buildsystems/vcpkg.cmake:210 (include)
  /home/runner/work/zh-mobile/zh-mobile/build/android-arm64/CMakeFiles/3.31.6/CMakeSystem.cmake:6 (include)
  /home/runner/work/zh-mobile/zh-mobile/build/android-arm64/CMakeFiles/CMakeScratch/TryCompile-GRVhX1/CMakeLists.txt:5 (project)


CMake Deprecation Warning at /opt/hostedtoolcache/ndk/r27c/x64/build/cmake/flags.cmake:18 (cmake_minimum_required):
  Compatibility with CMake < 3.10 will be removed from a future version of
  CMake.

  Update the VERSION argument <min> value.  Or, use the <min>...<max> syntax
  to tell CMake that the project requires at least <min> but has been updated
  to work with policies introduced by <max> or earlier.
Call Stack (most recent call first):
  /usr/local/share/cmake-3.31/Modules/Platform/Android-Clang.cmake:23 (include)
  /usr/local/share/cmake-3.31/Modules/Platform/Android-Clang-CXX.cmake:1 (include)
  /usr/local/share/cmake-3.31/Modules/CMakeCXXInformation.cmake:48 (include)
  /home/runner/work/zh-mobile/zh-mobile/build/android-arm64/CMakeFiles/CMakeScratch/TryCompile-GRVhX1/CMakeLists.txt:5 (project)


-- Performing Test HAVE_WNO_CXX20_ATTR_EXT - Success
-- Performing Test HAVE_WNO_INTERFERENCE_SIZE
CMake Deprecation Warning at /opt/hostedtoolcache/ndk/r27c/x64/build/cmake/android.toolchain.cmake:35 (cmake_minimum_required):
  Compatibility with CMake < 3.10 will be removed from a future version of
  CMake.

  Update the VERSION argument <min> value.  Or, use the <min>...<max> syntax
  to tell CMake that the project requires at least <min> but has been updated
  to work with policies introduced by <max> or earlier.
Call Stack (most recent call first):
  /home/runner/vcpkg/scripts/buildsystems/vcpkg.cmake:210 (include)
  /home/runner/work/zh-mobile/zh-mobile/build/android-arm64/CMakeFiles/3.31.6/CMakeSystem.cmake:6 (include)
  /home/runner/work/zh-mobile/zh-mobile/build/android-arm64/CMakeFiles/CMakeScratch/TryCompile-vkS2da/CMakeLists.txt:5 (project)


CMake Deprecation Warning at /opt/hostedtoolcache/ndk/r27c/x64/build/cmake/android-legacy.toolchain.cmake:35 (cmake_minimum_required):
  Compatibility with CMake < 3.10 will be removed from a future version of
  CMake.

  Update the VERSION argument <min> value.  Or, use the <min>...<max> syntax
  to tell CMake that the project requires at least <min> but has been updated
  to work with policies introduced by <max> or earlier.
Call Stack (most recent call first):
  /opt/hostedtoolcache/ndk/r27c/x64/build/cmake/android.toolchain.cmake:55 (include)
  /home/runner/vcpkg/scripts/buildsystems/vcpkg.cmake:210 (include)
  /home/runner/work/zh-mobile/zh-mobile/build/android-arm64/CMakeFiles/3.31.6/CMakeSystem.cmake:6 (include)
  /home/runner/work/zh-mobile/zh-mobile/build/android-arm64/CMakeFiles/CMakeScratch/TryCompile-vkS2da/CMakeLists.txt:5 (project)


CMake Deprecation Warning at /opt/hostedtoolcache/ndk/r27c/x64/build/cmake/flags.cmake:18 (cmake_minimum_required):
  Compatibility with CMake < 3.10 will be removed from a future version of
  CMake.

  Update the VERSION argument <min> value.  Or, use the <min>...<max> syntax
  to tell CMake that the project requires at least <min> but has been updated
  to work with policies introduced by <max> or earlier.
Call Stack (most recent call first):
  /usr/local/share/cmake-3.31/Modules/Platform/Android-Clang.cmake:23 (include)
  /usr/local/share/cmake-3.31/Modules/Platform/Android-Clang-CXX.cmake:1 (include)
  /usr/local/share/cmake-3.31/Modules/CMakeCXXInformation.cmake:48 (include)
  /home/runner/work/zh-mobile/zh-mobile/build/android-arm64/CMakeFiles/CMakeScratch/TryCompile-vkS2da/CMakeLists.txt:5 (project)


-- Performing Test HAVE_WNO_INTERFERENCE_SIZE - Failed
-- Performing Test HAVE_FTRIVIAL_AUTO_VAR_INIT
CMake Deprecation Warning at /opt/hostedtoolcache/ndk/r27c/x64/build/cmake/android.toolchain.cmake:35 (cmake_minimum_required):
  Compatibility with CMake < 3.10 will be removed from a future version of
  CMake.

  Update the VERSION argument <min> value.  Or, use the <min>...<max> syntax
  to tell CMake that the project requires at least <min> but has been updated
  to work with policies introduced by <max> or earlier.
Call Stack (most recent call first):
  /home/runner/vcpkg/scripts/buildsystems/vcpkg.cmake:210 (include)
  /home/runner/work/zh-mobile/zh-mobile/build/android-arm64/CMakeFiles/3.31.6/CMakeSystem.cmake:6 (include)
  /home/runner/work/zh-mobile/zh-mobile/build/android-arm64/CMakeFiles/CMakeScratch/TryCompile-np1pta/CMakeLists.txt:5 (project)


CMake Deprecation Warning at /opt/hostedtoolcache/ndk/r27c/x64/build/cmake/android-legacy.toolchain.cmake:35 (cmake_minimum_required):
  Compatibility with CMake < 3.10 will be removed from a future version of
  CMake.

  Update the VERSION argument <min> value.  Or, use the <min>...<max> syntax
  to tell CMake that the project requires at least <min> but has been updated
  to work with policies introduced by <max> or earlier.
Call Stack (most recent call first):
  /opt/hostedtoolcache/ndk/r27c/x64/build/cmake/android.toolchain.cmake:55 (include)
  /home/runner/vcpkg/scripts/buildsystems/vcpkg.cmake:210 (include)
  /home/runner/work/zh-mobile/zh-mobile/build/android-arm64/CMakeFiles/3.31.6/CMakeSystem.cmake:6 (include)
  /home/runner/work/zh-mobile/zh-mobile/build/android-arm64/CMakeFiles/CMakeScratch/TryCompile-np1pta/CMakeLists.txt:5 (project)


CMake Deprecation Warning at /opt/hostedtoolcache/ndk/r27c/x64/build/cmake/flags.cmake:18 (cmake_minimum_required):
  Compatibility with CMake < 3.10 will be removed from a future version of
  CMake.

  Update the VERSION argument <min> value.  Or, use the <min>...<max> syntax
  to tell CMake that the project requires at least <min> but has been updated
  to work with policies introduced by <max> or earlier.
Call Stack (most recent call first):
  /usr/local/share/cmake-3.31/Modules/Platform/Android-Clang.cmake:23 (include)
  /usr/local/share/cmake-3.31/Modules/Platform/Android-Clang-C.cmake:1 (include)
  /usr/local/share/cmake-3.31/Modules/CMakeCInformation.cmake:48 (include)
  /home/runner/work/zh-mobile/zh-mobile/build/android-arm64/CMakeFiles/CMakeScratch/TryCompile-np1pta/CMakeLists.txt:5 (project)


-- Performing Test HAVE_FTRIVIAL_AUTO_VAR_INIT - Success
-- Performing Test HAVE_FNO_MATH_ERRNO
CMake Deprecation Warning at /opt/hostedtoolcache/ndk/r27c/x64/build/cmake/android.toolchain.cmake:35 (cmake_minimum_required):
  Compatibility with CMake < 3.10 will be removed from a future version of
  CMake.

  Update the VERSION argument <min> value.  Or, use the <min>...<max> syntax
  to tell CMake that the project requires at least <min> but has been updated
  to work with policies introduced by <max> or earlier.
Call Stack (most recent call first):
  /home/runner/vcpkg/scripts/buildsystems/vcpkg.cmake:210 (include)
  /home/runner/work/zh-mobile/zh-mobile/build/android-arm64/CMakeFiles/3.31.6/CMakeSystem.cmake:6 (include)
  /home/runner/work/zh-mobile/zh-mobile/build/android-arm64/CMakeFiles/CMakeScratch/TryCompile-bVCPAn/CMakeLists.txt:5 (project)


CMake Deprecation Warning at /opt/hostedtoolcache/ndk/r27c/x64/build/cmake/android-legacy.toolchain.cmake:35 (cmake_minimum_required):
  Compatibility with CMake < 3.10 will be removed from a future version of
  CMake.

  Update the VERSION argument <min> value.  Or, use the <min>...<max> syntax
  to tell CMake that the project requires at least <min> but has been updated
  to work with policies introduced by <max> or earlier.
Call Stack (most recent call first):
  /opt/hostedtoolcache/ndk/r27c/x64/build/cmake/android.toolchain.cmake:55 (include)
  /home/runner/vcpkg/scripts/buildsystems/vcpkg.cmake:210 (include)
  /home/runner/work/zh-mobile/zh-mobile/build/android-arm64/CMakeFiles/3.31.6/CMakeSystem.cmake:6 (include)
  /home/runner/work/zh-mobile/zh-mobile/build/android-arm64/CMakeFiles/CMakeScratch/TryCompile-bVCPAn/CMakeLists.txt:5 (project)


CMake Deprecation Warning at /opt/hostedtoolcache/ndk/r27c/x64/build/cmake/flags.cmake:18 (cmake_minimum_required):
  Compatibility with CMake < 3.10 will be removed from a future version of
  CMake.

  Update the VERSION argument <min> value.  Or, use the <min>...<max> syntax
  to tell CMake that the project requires at least <min> but has been updated
  to work with policies introduced by <max> or earlier.
Call Stack (most recent call first):
  /usr/local/share/cmake-3.31/Modules/Platform/Android-Clang.cmake:23 (include)
  /usr/local/share/cmake-3.31/Modules/Platform/Android-Clang-C.cmake:1 (include)
  /usr/local/share/cmake-3.31/Modules/CMakeCInformation.cmake:48 (include)
  /home/runner/work/zh-mobile/zh-mobile/build/android-arm64/CMakeFiles/CMakeScratch/TryCompile-bVCPAn/CMakeLists.txt:5 (project)


-- Performing Test HAVE_FNO_MATH_ERRNO - Success
-- Performing Test HAVE_GCC_PROTECTED_VISIBILITY
CMake Deprecation Warning at /opt/hostedtoolcache/ndk/r27c/x64/build/cmake/android.toolchain.cmake:35 (cmake_minimum_required):
  Compatibility with CMake < 3.10 will be removed from a future version of
  CMake.

  Update the VERSION argument <min> value.  Or, use the <min>...<max> syntax
  to tell CMake that the project requires at least <min> but has been updated
  to work with policies introduced by <max> or earlier.
Call Stack (most recent call first):
  /home/runner/vcpkg/scripts/buildsystems/vcpkg.cmake:210 (include)
  /home/runner/work/zh-mobile/zh-mobile/build/android-arm64/CMakeFiles/3.31.6/CMakeSystem.cmake:6 (include)
  /home/runner/work/zh-mobile/zh-mobile/build/android-arm64/CMakeFiles/CMakeScratch/TryCompile-9xUdZM/CMakeLists.txt:5 (project)


CMake Deprecation Warning at /opt/hostedtoolcache/ndk/r27c/x64/build/cmake/android-legacy.toolchain.cmake:35 (cmake_minimum_required):
  Compatibility with CMake < 3.10 will be removed from a future version of
  CMake.

  Update the VERSION argument <min> value.  Or, use the <min>...<max> syntax
  to tell CMake that the project requires at least <min> but has been updated
  to work with policies introduced by <max> or earlier.
Call Stack (most recent call first):
  /opt/hostedtoolcache/ndk/r27c/x64/build/cmake/android.toolchain.cmake:55 (include)
  /home/runner/vcpkg/scripts/buildsystems/vcpkg.cmake:210 (include)
  /home/runner/work/zh-mobile/zh-mobile/build/android-arm64/CMakeFiles/3.31.6/CMakeSystem.cmake:6 (include)
  /home/runner/work/zh-mobile/zh-mobile/build/android-arm64/CMakeFiles/CMakeScratch/TryCompile-9xUdZM/CMakeLists.txt:5 (project)


CMake Deprecation Warning at /opt/hostedtoolcache/ndk/r27c/x64/build/cmake/flags.cmake:18 (cmake_minimum_required):
  Compatibility with CMake < 3.10 will be removed from a future version of
  CMake.

  Update the VERSION argument <min> value.  Or, use the <min>...<max> syntax
  to tell CMake that the project requires at least <min> but has been updated
  to work with policies introduced by <max> or earlier.
Call Stack (most recent call first):
  /usr/local/share/cmake-3.31/Modules/Platform/Android-Clang.cmake:23 (include)
  /usr/local/share/cmake-3.31/Modules/Platform/Android-Clang-C.cmake:1 (include)
  /usr/local/share/cmake-3.31/Modules/CMakeCInformation.cmake:48 (include)
  /home/runner/work/zh-mobile/zh-mobile/build/android-arm64/CMakeFiles/CMakeScratch/TryCompile-9xUdZM/CMakeLists.txt:5 (project)


-- Performing Test HAVE_GCC_PROTECTED_VISIBILITY - Success
-- Performing Test HAVE_MSSE2_SWITCH
CMake Deprecation Warning at /opt/hostedtoolcache/ndk/r27c/x64/build/cmake/android.toolchain.cmake:35 (cmake_minimum_required):
  Compatibility with CMake < 3.10 will be removed from a future version of
  CMake.

  Update the VERSION argument <min> value.  Or, use the <min>...<max> syntax
  to tell CMake that the project requires at least <min> but has been updated
  to work with policies introduced by <max> or earlier.
Call Stack (most recent call first):
  /home/runner/vcpkg/scripts/buildsystems/vcpkg.cmake:210 (include)
  /home/runner/work/zh-mobile/zh-mobile/build/android-arm64/CMakeFiles/3.31.6/CMakeSystem.cmake:6 (include)
  /home/runner/work/zh-mobile/zh-mobile/build/android-arm64/CMakeFiles/CMakeScratch/TryCompile-q0wOQI/CMakeLists.txt:5 (project)


CMake Deprecation Warning at /opt/hostedtoolcache/ndk/r27c/x64/build/cmake/android-legacy.toolchain.cmake:35 (cmake_minimum_required):
  Compatibility with CMake < 3.10 will be removed from a future version of
  CMake.

  Update the VERSION argument <min> value.  Or, use the <min>...<max> syntax
  to tell CMake that the project requires at least <min> but has been updated
  to work with policies introduced by <max> or earlier.
Call Stack (most recent call first):
  /opt/hostedtoolcache/ndk/r27c/x64/build/cmake/android.toolchain.cmake:55 (include)
  /home/runner/vcpkg/scripts/buildsystems/vcpkg.cmake:210 (include)
  /home/runner/work/zh-mobile/zh-mobile/build/android-arm64/CMakeFiles/3.31.6/CMakeSystem.cmake:6 (include)
  /home/runner/work/zh-mobile/zh-mobile/build/android-arm64/CMakeFiles/CMakeScratch/TryCompile-q0wOQI/CMakeLists.txt:5 (project)


CMake Deprecation Warning at /opt/hostedtoolcache/ndk/r27c/x64/build/cmake/flags.cmake:18 (cmake_minimum_required):
  Compatibility with CMake < 3.10 will be removed from a future version of
  CMake.

  Update the VERSION argument <min> value.  Or, use the <min>...<max> syntax
  to tell CMake that the project requires at least <min> but has been updated
  to work with policies introduced by <max> or earlier.
Call Stack (most recent call first):
  /usr/local/share/cmake-3.31/Modules/Platform/Android-Clang.cmake:23 (include)
  /usr/local/share/cmake-3.31/Modules/Platform/Android-Clang-C.cmake:1 (include)
  /usr/local/share/cmake-3.31/Modules/CMakeCInformation.cmake:48 (include)
  /home/runner/work/zh-mobile/zh-mobile/build/android-arm64/CMakeFiles/CMakeScratch/TryCompile-q0wOQI/CMakeLists.txt:5 (project)


-- Performing Test HAVE_MSSE2_SWITCH - Failed
-- Looking for xmmintrin.h
CMake Deprecation Warning at /opt/hostedtoolcache/ndk/r27c/x64/build/cmake/android.toolchain.cmake:35 (cmake_minimum_required):
  Compatibility with CMake < 3.10 will be removed from a future version of
  CMake.

  Update the VERSION argument <min> value.  Or, use the <min>...<max> syntax
  to tell CMake that the project requires at least <min> but has been updated
  to work with policies introduced by <max> or earlier.
Call Stack (most recent call first):
  /home/runner/vcpkg/scripts/buildsystems/vcpkg.cmake:210 (include)
  /home/runner/work/zh-mobile/zh-mobile/build/android-arm64/CMakeFiles/3.31.6/CMakeSystem.cmake:6 (include)
  /home/runner/work/zh-mobile/zh-mobile/build/android-arm64/CMakeFiles/CMakeScratch/TryCompile-Iwkwmk/CMakeLists.txt:5 (project)


CMake Deprecation Warning at /opt/hostedtoolcache/ndk/r27c/x64/build/cmake/android-legacy.toolchain.cmake:35 (cmake_minimum_required):
  Compatibility with CMake < 3.10 will be removed from a future version of
  CMake.

  Update the VERSION argument <min> value.  Or, use the <min>...<max> syntax
  to tell CMake that the project requires at least <min> but has been updated
  to work with policies introduced by <max> or earlier.
Call Stack (most recent call first):
  /opt/hostedtoolcache/ndk/r27c/x64/build/cmake/android.toolchain.cmake:55 (include)
  /home/runner/vcpkg/scripts/buildsystems/vcpkg.cmake:210 (include)
  /home/runner/work/zh-mobile/zh-mobile/build/android-arm64/CMakeFiles/3.31.6/CMakeSystem.cmake:6 (include)
  /home/runner/work/zh-mobile/zh-mobile/build/android-arm64/CMakeFiles/CMakeScratch/TryCompile-Iwkwmk/CMakeLists.txt:5 (project)


CMake Deprecation Warning at /opt/hostedtoolcache/ndk/r27c/x64/build/cmake/flags.cmake:18 (cmake_minimum_required):
  Compatibility with CMake < 3.10 will be removed from a future version of
  CMake.

  Update the VERSION argument <min> value.  Or, use the <min>...<max> syntax
  to tell CMake that the project requires at least <min> but has been updated
  to work with policies introduced by <max> or earlier.
Call Stack (most recent call first):
  /usr/local/share/cmake-3.31/Modules/Platform/Android-Clang.cmake:23 (include)
  /usr/local/share/cmake-3.31/Modules/Platform/Android-Clang-C.cmake:1 (include)
  /usr/local/share/cmake-3.31/Modules/CMakeCInformation.cmake:48 (include)
  /home/runner/work/zh-mobile/zh-mobile/build/android-arm64/CMakeFiles/CMakeScratch/TryCompile-Iwkwmk/CMakeLists.txt:5 (project)


-- Looking for xmmintrin.h - not found
-- Looking for emmintrin.h
CMake Deprecation Warning at /opt/hostedtoolcache/ndk/r27c/x64/build/cmake/android.toolchain.cmake:35 (cmake_minimum_required):
  Compatibility with CMake < 3.10 will be removed from a future version of
  CMake.

  Update the VERSION argument <min> value.  Or, use the <min>...<max> syntax
  to tell CMake that the project requires at least <min> but has been updated
  to work with policies introduced by <max> or earlier.
Call Stack (most recent call first):
  /home/runner/vcpkg/scripts/buildsystems/vcpkg.cmake:210 (include)
  /home/runner/work/zh-mobile/zh-mobile/build/android-arm64/CMakeFiles/3.31.6/CMakeSystem.cmake:6 (include)
  /home/runner/work/zh-mobile/zh-mobile/build/android-arm64/CMakeFiles/CMakeScratch/TryCompile-JkM4h2/CMakeLists.txt:5 (project)


CMake Deprecation Warning at /opt/hostedtoolcache/ndk/r27c/x64/build/cmake/android-legacy.toolchain.cmake:35 (cmake_minimum_required):
  Compatibility with CMake < 3.10 will be removed from a future version of
  CMake.

  Update the VERSION argument <min> value.  Or, use the <min>...<max> syntax
  to tell CMake that the project requires at least <min> but has been updated
  to work with policies introduced by <max> or earlier.
Call Stack (most recent call first):
  /opt/hostedtoolcache/ndk/r27c/x64/build/cmake/android.toolchain.cmake:55 (include)
  /home/runner/vcpkg/scripts/buildsystems/vcpkg.cmake:210 (include)
  /home/runner/work/zh-mobile/zh-mobile/build/android-arm64/CMakeFiles/3.31.6/CMakeSystem.cmake:6 (include)
  /home/runner/work/zh-mobile/zh-mobile/build/android-arm64/CMakeFiles/CMakeScratch/TryCompile-JkM4h2/CMakeLists.txt:5 (project)


CMake Deprecation Warning at /opt/hostedtoolcache/ndk/r27c/x64/build/cmake/flags.cmake:18 (cmake_minimum_required):
  Compatibility with CMake < 3.10 will be removed from a future version of
  CMake.

  Update the VERSION argument <min> value.  Or, use the <min>...<max> syntax
  to tell CMake that the project requires at least <min> but has been updated
  to work with policies introduced by <max> or earlier.
Call Stack (most recent call first):
  /usr/local/share/cmake-3.31/Modules/Platform/Android-Clang.cmake:23 (include)
  /usr/local/share/cmake-3.31/Modules/Platform/Android-Clang-C.cmake:1 (include)
  /usr/local/share/cmake-3.31/Modules/CMakeCInformation.cmake:48 (include)
  /home/runner/work/zh-mobile/zh-mobile/build/android-arm64/CMakeFiles/CMakeScratch/TryCompile-JkM4h2/CMakeLists.txt:5 (project)


-- Looking for emmintrin.h - not found
-- Looking for pmmintrin.h
CMake Deprecation Warning at /opt/hostedtoolcache/ndk/r27c/x64/build/cmake/android.toolchain.cmake:35 (cmake_minimum_required):
  Compatibility with CMake < 3.10 will be removed from a future version of
  CMake.

  Update the VERSION argument <min> value.  Or, use the <min>...<max> syntax
  to tell CMake that the project requires at least <min> but has been updated
  to work with policies introduced by <max> or earlier.
Call Stack (most recent call first):
  /home/runner/vcpkg/scripts/buildsystems/vcpkg.cmake:210 (include)
  /home/runner/work/zh-mobile/zh-mobile/build/android-arm64/CMakeFiles/3.31.6/CMakeSystem.cmake:6 (include)
  /home/runner/work/zh-mobile/zh-mobile/build/android-arm64/CMakeFiles/CMakeScratch/TryCompile-cd5uRR/CMakeLists.txt:5 (project)


CMake Deprecation Warning at /opt/hostedtoolcache/ndk/r27c/x64/build/cmake/android-legacy.toolchain.cmake:35 (cmake_minimum_required):
  Compatibility with CMake < 3.10 will be removed from a future version of
  CMake.

  Update the VERSION argument <min> value.  Or, use the <min>...<max> syntax
  to tell CMake that the project requires at least <min> but has been updated
  to work with policies introduced by <max> or earlier.
Call Stack (most recent call first):
  /opt/hostedtoolcache/ndk/r27c/x64/build/cmake/android.toolchain.cmake:55 (include)
  /home/runner/vcpkg/scripts/buildsystems/vcpkg.cmake:210 (include)
  /home/runner/work/zh-mobile/zh-mobile/build/android-arm64/CMakeFiles/3.31.6/CMakeSystem.cmake:6 (include)
  /home/runner/work/zh-mobile/zh-mobile/build/android-arm64/CMakeFiles/CMakeScratch/TryCompile-cd5uRR/CMakeLists.txt:5 (project)


CMake Deprecation Warning at /opt/hostedtoolcache/ndk/r27c/x64/build/cmake/flags.cmake:18 (cmake_minimum_required):
  Compatibility with CMake < 3.10 will be removed from a future version of
  CMake.

  Update the VERSION argument <min> value.  Or, use the <min>...<max> syntax
  to tell CMake that the project requires at least <min> but has been updated
  to work with policies introduced by <max> or earlier.
Call Stack (most recent call first):
  /usr/local/share/cmake-3.31/Modules/Platform/Android-Clang.cmake:23 (include)
  /usr/local/share/cmake-3.31/Modules/Platform/Android-Clang-C.cmake:1 (include)
  /usr/local/share/cmake-3.31/Modules/CMakeCInformation.cmake:48 (include)
  /home/runner/work/zh-mobile/zh-mobile/build/android-arm64/CMakeFiles/CMakeScratch/TryCompile-cd5uRR/CMakeLists.txt:5 (project)


-- Looking for pmmintrin.h - not found
-- Looking for smmintrin.h
CMake Deprecation Warning at /opt/hostedtoolcache/ndk/r27c/x64/build/cmake/android.toolchain.cmake:35 (cmake_minimum_required):
  Compatibility with CMake < 3.10 will be removed from a future version of
  CMake.

  Update the VERSION argument <min> value.  Or, use the <min>...<max> syntax
  to tell CMake that the project requires at least <min> but has been updated
  to work with policies introduced by <max> or earlier.
Call Stack (most recent call first):
  /home/runner/vcpkg/scripts/buildsystems/vcpkg.cmake:210 (include)
  /home/runner/work/zh-mobile/zh-mobile/build/android-arm64/CMakeFiles/3.31.6/CMakeSystem.cmake:6 (include)
  /home/runner/work/zh-mobile/zh-mobile/build/android-arm64/CMakeFiles/CMakeScratch/TryCompile-9ymCm8/CMakeLists.txt:5 (project)


CMake Deprecation Warning at /opt/hostedtoolcache/ndk/r27c/x64/build/cmake/android-legacy.toolchain.cmake:35 (cmake_minimum_required):
  Compatibility with CMake < 3.10 will be removed from a future version of
  CMake.

  Update the VERSION argument <min> value.  Or, use the <min>...<max> syntax
  to tell CMake that the project requires at least <min> but has been updated
  to work with policies introduced by <max> or earlier.
Call Stack (most recent call first):
  /opt/hostedtoolcache/ndk/r27c/x64/build/cmake/android.toolchain.cmake:55 (include)
  /home/runner/vcpkg/scripts/buildsystems/vcpkg.cmake:210 (include)
  /home/runner/work/zh-mobile/zh-mobile/build/android-arm64/CMakeFiles/3.31.6/CMakeSystem.cmake:6 (include)
  /home/runner/work/zh-mobile/zh-mobile/build/android-arm64/CMakeFiles/CMakeScratch/TryCompile-9ymCm8/CMakeLists.txt:5 (project)


CMake Deprecation Warning at /opt/hostedtoolcache/ndk/r27c/x64/build/cmake/flags.cmake:18 (cmake_minimum_required):
  Compatibility with CMake < 3.10 will be removed from a future version of
  CMake.

  Update the VERSION argument <min> value.  Or, use the <min>...<max> syntax
  to tell CMake that the project requires at least <min> but has been updated
  to work with policies introduced by <max> or earlier.
Call Stack (most recent call first):
  /usr/local/share/cmake-3.31/Modules/Platform/Android-Clang.cmake:23 (include)
  /usr/local/share/cmake-3.31/Modules/Platform/Android-Clang-C.cmake:1 (include)
  /usr/local/share/cmake-3.31/Modules/CMakeCInformation.cmake:48 (include)
  /home/runner/work/zh-mobile/zh-mobile/build/android-arm64/CMakeFiles/CMakeScratch/TryCompile-9ymCm8/CMakeLists.txt:5 (project)


-- Looking for smmintrin.h - not found
-- Looking for arm_neon.h
CMake Deprecation Warning at /opt/hostedtoolcache/ndk/r27c/x64/build/cmake/android.toolchain.cmake:35 (cmake_minimum_required):
  Compatibility with CMake < 3.10 will be removed from a future version of
  CMake.

  Update the VERSION argument <min> value.  Or, use the <min>...<max> syntax
  to tell CMake that the project requires at least <min> but has been updated
  to work with policies introduced by <max> or earlier.
Call Stack (most recent call first):
  /home/runner/vcpkg/scripts/buildsystems/vcpkg.cmake:210 (include)
  /home/runner/work/zh-mobile/zh-mobile/build/android-arm64/CMakeFiles/3.31.6/CMakeSystem.cmake:6 (include)
  /home/runner/work/zh-mobile/zh-mobile/build/android-arm64/CMakeFiles/CMakeScratch/TryCompile-u9xzLn/CMakeLists.txt:5 (project)


CMake Deprecation Warning at /opt/hostedtoolcache/ndk/r27c/x64/build/cmake/android-legacy.toolchain.cmake:35 (cmake_minimum_required):
  Compatibility with CMake < 3.10 will be removed from a future version of
  CMake.

  Update the VERSION argument <min> value.  Or, use the <min>...<max> syntax
  to tell CMake that the project requires at least <min> but has been updated
  to work with policies introduced by <max> or earlier.
Call Stack (most recent call first):
  /opt/hostedtoolcache/ndk/r27c/x64/build/cmake/android.toolchain.cmake:55 (include)
  /home/runner/vcpkg/scripts/buildsystems/vcpkg.cmake:210 (include)
  /home/runner/work/zh-mobile/zh-mobile/build/android-arm64/CMakeFiles/3.31.6/CMakeSystem.cmake:6 (include)
  /home/runner/work/zh-mobile/zh-mobile/build/android-arm64/CMakeFiles/CMakeScratch/TryCompile-u9xzLn/CMakeLists.txt:5 (project)


CMake Deprecation Warning at /opt/hostedtoolcache/ndk/r27c/x64/build/cmake/flags.cmake:18 (cmake_minimum_required):
  Compatibility with CMake < 3.10 will be removed from a future version of
  CMake.

  Update the VERSION argument <min> value.  Or, use the <min>...<max> syntax
  to tell CMake that the project requires at least <min> but has been updated
  to work with policies introduced by <max> or earlier.
Call Stack (most recent call first):
  /usr/local/share/cmake-3.31/Modules/Platform/Android-Clang.cmake:23 (include)
  /usr/local/share/cmake-3.31/Modules/Platform/Android-Clang-C.cmake:1 (include)
  /usr/local/share/cmake-3.31/Modules/CMakeCInformation.cmake:48 (include)
  /home/runner/work/zh-mobile/zh-mobile/build/android-arm64/CMakeFiles/CMakeScratch/TryCompile-u9xzLn/CMakeLists.txt:5 (project)


-- Looking for arm_neon.h - found
-- Performing Test HAVE_NEON_INTRINSICS
CMake Deprecation Warning at /opt/hostedtoolcache/ndk/r27c/x64/build/cmake/android.toolchain.cmake:35 (cmake_minimum_required):
  Compatibility with CMake < 3.10 will be removed from a future version of
  CMake.

  Update the VERSION argument <min> value.  Or, use the <min>...<max> syntax
  to tell CMake that the project requires at least <min> but has been updated
  to work with policies introduced by <max> or earlier.
Call Stack (most recent call first):
  /home/runner/vcpkg/scripts/buildsystems/vcpkg.cmake:210 (include)
  /home/runner/work/zh-mobile/zh-mobile/build/android-arm64/CMakeFiles/3.31.6/CMakeSystem.cmake:6 (include)
  /home/runner/work/zh-mobile/zh-mobile/build/android-arm64/CMakeFiles/CMakeScratch/TryCompile-uaJyjk/CMakeLists.txt:5 (project)


CMake Deprecation Warning at /opt/hostedtoolcache/ndk/r27c/x64/build/cmake/android-legacy.toolchain.cmake:35 (cmake_minimum_required):
  Compatibility with CMake < 3.10 will be removed from a future version of
  CMake.

  Update the VERSION argument <min> value.  Or, use the <min>...<max> syntax
  to tell CMake that the project requires at least <min> but has been updated
  to work with policies introduced by <max> or earlier.
Call Stack (most recent call first):
  /opt/hostedtoolcache/ndk/r27c/x64/build/cmake/android.toolchain.cmake:55 (include)
  /home/runner/vcpkg/scripts/buildsystems/vcpkg.cmake:210 (include)
  /home/runner/work/zh-mobile/zh-mobile/build/android-arm64/CMakeFiles/3.31.6/CMakeSystem.cmake:6 (include)
  /home/runner/work/zh-mobile/zh-mobile/build/android-arm64/CMakeFiles/CMakeScratch/TryCompile-uaJyjk/CMakeLists.txt:5 (project)


CMake Deprecation Warning at /opt/hostedtoolcache/ndk/r27c/x64/build/cmake/flags.cmake:18 (cmake_minimum_required):
  Compatibility with CMake < 3.10 will be removed from a future version of
  CMake.

  Update the VERSION argument <min> value.  Or, use the <min>...<max> syntax
  to tell CMake that the project requires at least <min> but has been updated
  to work with policies introduced by <max> or earlier.
Call Stack (most recent call first):
  /usr/local/share/cmake-3.31/Modules/Platform/Android-Clang.cmake:23 (include)
  /usr/local/share/cmake-3.31/Modules/Platform/Android-Clang-C.cmake:1 (include)
  /usr/local/share/cmake-3.31/Modules/CMakeCInformation.cmake:48 (include)
  /home/runner/work/zh-mobile/zh-mobile/build/android-arm64/CMakeFiles/CMakeScratch/TryCompile-uaJyjk/CMakeLists.txt:5 (project)


-- Performing Test HAVE_NEON_INTRINSICS - Success
-- Looking for cpuid.h
CMake Deprecation Warning at /opt/hostedtoolcache/ndk/r27c/x64/build/cmake/android.toolchain.cmake:35 (cmake_minimum_required):
  Compatibility with CMake < 3.10 will be removed from a future version of
  CMake.

  Update the VERSION argument <min> value.  Or, use the <min>...<max> syntax
  to tell CMake that the project requires at least <min> but has been updated
  to work with policies introduced by <max> or earlier.
Call Stack (most recent call first):
  /home/runner/vcpkg/scripts/buildsystems/vcpkg.cmake:210 (include)
  /home/runner/work/zh-mobile/zh-mobile/build/android-arm64/CMakeFiles/3.31.6/CMakeSystem.cmake:6 (include)
  /home/runner/work/zh-mobile/zh-mobile/build/android-arm64/CMakeFiles/CMakeScratch/TryCompile-rY5D9z/CMakeLists.txt:5 (project)


CMake Deprecation Warning at /opt/hostedtoolcache/ndk/r27c/x64/build/cmake/android-legacy.toolchain.cmake:35 (cmake_minimum_required):
  Compatibility with CMake < 3.10 will be removed from a future version of
  CMake.

  Update the VERSION argument <min> value.  Or, use the <min>...<max> syntax
  to tell CMake that the project requires at least <min> but has been updated
  to work with policies introduced by <max> or earlier.
Call Stack (most recent call first):
  /opt/hostedtoolcache/ndk/r27c/x64/build/cmake/android.toolchain.cmake:55 (include)
  /home/runner/vcpkg/scripts/buildsystems/vcpkg.cmake:210 (include)
  /home/runner/work/zh-mobile/zh-mobile/build/android-arm64/CMakeFiles/3.31.6/CMakeSystem.cmake:6 (include)
  /home/runner/work/zh-mobile/zh-mobile/build/android-arm64/CMakeFiles/CMakeScratch/TryCompile-rY5D9z/CMakeLists.txt:5 (project)


CMake Deprecation Warning at /opt/hostedtoolcache/ndk/r27c/x64/build/cmake/flags.cmake:18 (cmake_minimum_required):
  Compatibility with CMake < 3.10 will be removed from a future version of
  CMake.

  Update the VERSION argument <min> value.  Or, use the <min>...<max> syntax
  to tell CMake that the project requires at least <min> but has been updated
  to work with policies introduced by <max> or earlier.
Call Stack (most recent call first):
  /usr/local/share/cmake-3.31/Modules/Platform/Android-Clang.cmake:23 (include)
  /usr/local/share/cmake-3.31/Modules/Platform/Android-Clang-C.cmake:1 (include)
  /usr/local/share/cmake-3.31/Modules/CMakeCInformation.cmake:48 (include)
  /home/runner/work/zh-mobile/zh-mobile/build/android-arm64/CMakeFiles/CMakeScratch/TryCompile-rY5D9z/CMakeLists.txt:5 (project)


-- Looking for cpuid.h - not found
-- Looking for intrin.h
CMake Deprecation Warning at /opt/hostedtoolcache/ndk/r27c/x64/build/cmake/android.toolchain.cmake:35 (cmake_minimum_required):
  Compatibility with CMake < 3.10 will be removed from a future version of
  CMake.

  Update the VERSION argument <min> value.  Or, use the <min>...<max> syntax
  to tell CMake that the project requires at least <min> but has been updated
  to work with policies introduced by <max> or earlier.
Call Stack (most recent call first):
  /home/runner/vcpkg/scripts/buildsystems/vcpkg.cmake:210 (include)
  /home/runner/work/zh-mobile/zh-mobile/build/android-arm64/CMakeFiles/3.31.6/CMakeSystem.cmake:6 (include)
  /home/runner/work/zh-mobile/zh-mobile/build/android-arm64/CMakeFiles/CMakeScratch/TryCompile-nTkz4T/CMakeLists.txt:5 (project)


CMake Deprecation Warning at /opt/hostedtoolcache/ndk/r27c/x64/build/cmake/android-legacy.toolchain.cmake:35 (cmake_minimum_required):
  Compatibility with CMake < 3.10 will be removed from a future version of
  CMake.

  Update the VERSION argument <min> value.  Or, use the <min>...<max> syntax
  to tell CMake that the project requires at least <min> but has been updated
  to work with policies introduced by <max> or earlier.
Call Stack (most recent call first):
  /opt/hostedtoolcache/ndk/r27c/x64/build/cmake/android.toolchain.cmake:55 (include)
  /home/runner/vcpkg/scripts/buildsystems/vcpkg.cmake:210 (include)
  /home/runner/work/zh-mobile/zh-mobile/build/android-arm64/CMakeFiles/3.31.6/CMakeSystem.cmake:6 (include)
  /home/runner/work/zh-mobile/zh-mobile/build/android-arm64/CMakeFiles/CMakeScratch/TryCompile-nTkz4T/CMakeLists.txt:5 (project)


CMake Deprecation Warning at /opt/hostedtoolcache/ndk/r27c/x64/build/cmake/flags.cmake:18 (cmake_minimum_required):
  Compatibility with CMake < 3.10 will be removed from a future version of
  CMake.

  Update the VERSION argument <min> value.  Or, use the <min>...<max> syntax
  to tell CMake that the project requires at least <min> but has been updated
  to work with policies introduced by <max> or earlier.
Call Stack (most recent call first):
  /usr/local/share/cmake-3.31/Modules/Platform/Android-Clang.cmake:23 (include)
  /usr/local/share/cmake-3.31/Modules/Platform/Android-Clang-C.cmake:1 (include)
  /usr/local/share/cmake-3.31/Modules/CMakeCInformation.cmake:48 (include)
  /home/runner/work/zh-mobile/zh-mobile/build/android-arm64/CMakeFiles/CMakeScratch/TryCompile-nTkz4T/CMakeLists.txt:5 (project)


-- Looking for intrin.h - not found
-- Looking for guiddef.h
CMake Deprecation Warning at /opt/hostedtoolcache/ndk/r27c/x64/build/cmake/android.toolchain.cmake:35 (cmake_minimum_required):
  Compatibility with CMake < 3.10 will be removed from a future version of
  CMake.

  Update the VERSION argument <min> value.  Or, use the <min>...<max> syntax
  to tell CMake that the project requires at least <min> but has been updated
  to work with policies introduced by <max> or earlier.
Call Stack (most recent call first):
  /home/runner/vcpkg/scripts/buildsystems/vcpkg.cmake:210 (include)
  /home/runner/work/zh-mobile/zh-mobile/build/android-arm64/CMakeFiles/3.31.6/CMakeSystem.cmake:6 (include)
  /home/runner/work/zh-mobile/zh-mobile/build/android-arm64/CMakeFiles/CMakeScratch/TryCompile-EiZMRR/CMakeLists.txt:5 (project)


CMake Deprecation Warning at /opt/hostedtoolcache/ndk/r27c/x64/build/cmake/android-legacy.toolchain.cmake:35 (cmake_minimum_required):
  Compatibility with CMake < 3.10 will be removed from a future version of
  CMake.

  Update the VERSION argument <min> value.  Or, use the <min>...<max> syntax
  to tell CMake that the project requires at least <min> but has been updated
  to work with policies introduced by <max> or earlier.
Call Stack (most recent call first):
  /opt/hostedtoolcache/ndk/r27c/x64/build/cmake/android.toolchain.cmake:55 (include)
  /home/runner/vcpkg/scripts/buildsystems/vcpkg.cmake:210 (include)
  /home/runner/work/zh-mobile/zh-mobile/build/android-arm64/CMakeFiles/3.31.6/CMakeSystem.cmake:6 (include)
  /home/runner/work/zh-mobile/zh-mobile/build/android-arm64/CMakeFiles/CMakeScratch/TryCompile-EiZMRR/CMakeLists.txt:5 (project)


CMake Deprecation Warning at /opt/hostedtoolcache/ndk/r27c/x64/build/cmake/flags.cmake:18 (cmake_minimum_required):
  Compatibility with CMake < 3.10 will be removed from a future version of
  CMake.

  Update the VERSION argument <min> value.  Or, use the <min>...<max> syntax
  to tell CMake that the project requires at least <min> but has been updated
  to work with policies introduced by <max> or earlier.
Call Stack (most recent call first):
  /usr/local/share/cmake-3.31/Modules/Platform/Android-Clang.cmake:23 (include)
  /usr/local/share/cmake-3.31/Modules/Platform/Android-Clang-C.cmake:1 (include)
  /usr/local/share/cmake-3.31/Modules/CMakeCInformation.cmake:48 (include)
  /home/runner/work/zh-mobile/zh-mobile/build/android-arm64/CMakeFiles/CMakeScratch/TryCompile-EiZMRR/CMakeLists.txt:5 (project)


-- Looking for guiddef.h - not found
-- Looking for clock_gettime in rt
CMake Deprecation Warning at /opt/hostedtoolcache/ndk/r27c/x64/build/cmake/android.toolchain.cmake:35 (cmake_minimum_required):
  Compatibility with CMake < 3.10 will be removed from a future version of
  CMake.

  Update the VERSION argument <min> value.  Or, use the <min>...<max> syntax
  to tell CMake that the project requires at least <min> but has been updated
  to work with policies introduced by <max> or earlier.
Call Stack (most recent call first):
  /home/runner/vcpkg/scripts/buildsystems/vcpkg.cmake:210 (include)
  /home/runner/work/zh-mobile/zh-mobile/build/android-arm64/CMakeFiles/3.31.6/CMakeSystem.cmake:6 (include)
  /home/runner/work/zh-mobile/zh-mobile/build/android-arm64/CMakeFiles/CMakeScratch/TryCompile-aHTeqs/CMakeLists.txt:5 (project)


CMake Deprecation Warning at /opt/hostedtoolcache/ndk/r27c/x64/build/cmake/android-legacy.toolchain.cmake:35 (cmake_minimum_required):
  Compatibility with CMake < 3.10 will be removed from a future version of
  CMake.

  Update the VERSION argument <min> value.  Or, use the <min>...<max> syntax
  to tell CMake that the project requires at least <min> but has been updated
  to work with policies introduced by <max> or earlier.
Call Stack (most recent call first):
  /opt/hostedtoolcache/ndk/r27c/x64/build/cmake/android.toolchain.cmake:55 (include)
  /home/runner/vcpkg/scripts/buildsystems/vcpkg.cmake:210 (include)
  /home/runner/work/zh-mobile/zh-mobile/build/android-arm64/CMakeFiles/3.31.6/CMakeSystem.cmake:6 (include)
  /home/runner/work/zh-mobile/zh-mobile/build/android-arm64/CMakeFiles/CMakeScratch/TryCompile-aHTeqs/CMakeLists.txt:5 (project)


CMake Deprecation Warning at /opt/hostedtoolcache/ndk/r27c/x64/build/cmake/flags.cmake:18 (cmake_minimum_required):
  Compatibility with CMake < 3.10 will be removed from a future version of
  CMake.

  Update the VERSION argument <min> value.  Or, use the <min>...<max> syntax
  to tell CMake that the project requires at least <min> but has been updated
  to work with policies introduced by <max> or earlier.
Call Stack (most recent call first):
  /usr/local/share/cmake-3.31/Modules/Platform/Android-Clang.cmake:23 (include)
  /usr/local/share/cmake-3.31/Modules/Platform/Android-Clang-C.cmake:1 (include)
  /usr/local/share/cmake-3.31/Modules/CMakeCInformation.cmake:48 (include)
  /home/runner/work/zh-mobile/zh-mobile/build/android-arm64/CMakeFiles/CMakeScratch/TryCompile-aHTeqs/CMakeLists.txt:5 (project)


-- Looking for clock_gettime in rt - not found
-- Looking for dlfcn.h
CMake Deprecation Warning at /opt/hostedtoolcache/ndk/r27c/x64/build/cmake/android.toolchain.cmake:35 (cmake_minimum_required):
  Compatibility with CMake < 3.10 will be removed from a future version of
  CMake.

  Update the VERSION argument <min> value.  Or, use the <min>...<max> syntax
  to tell CMake that the project requires at least <min> but has been updated
  to work with policies introduced by <max> or earlier.
Call Stack (most recent call first):
  /home/runner/vcpkg/scripts/buildsystems/vcpkg.cmake:210 (include)
  /home/runner/work/zh-mobile/zh-mobile/build/android-arm64/CMakeFiles/3.31.6/CMakeSystem.cmake:6 (include)
  /home/runner/work/zh-mobile/zh-mobile/build/android-arm64/CMakeFiles/CMakeScratch/TryCompile-Snbusc/CMakeLists.txt:5 (project)


CMake Deprecation Warning at /opt/hostedtoolcache/ndk/r27c/x64/build/cmake/android-legacy.toolchain.cmake:35 (cmake_minimum_required):
  Compatibility with CMake < 3.10 will be removed from a future version of
  CMake.

  Update the VERSION argument <min> value.  Or, use the <min>...<max> syntax
  to tell CMake that the project requires at least <min> but has been updated
  to work with policies introduced by <max> or earlier.
Call Stack (most recent call first):
  /opt/hostedtoolcache/ndk/r27c/x64/build/cmake/android.toolchain.cmake:55 (include)
  /home/runner/vcpkg/scripts/buildsystems/vcpkg.cmake:210 (include)
  /home/runner/work/zh-mobile/zh-mobile/build/android-arm64/CMakeFiles/3.31.6/CMakeSystem.cmake:6 (include)
  /home/runner/work/zh-mobile/zh-mobile/build/android-arm64/CMakeFiles/CMakeScratch/TryCompile-Snbusc/CMakeLists.txt:5 (project)


CMake Deprecation Warning at /opt/hostedtoolcache/ndk/r27c/x64/build/cmake/flags.cmake:18 (cmake_minimum_required):
  Compatibility with CMake < 3.10 will be removed from a future version of
  CMake.

  Update the VERSION argument <min> value.  Or, use the <min>...<max> syntax
  to tell CMake that the project requires at least <min> but has been updated
  to work with policies introduced by <max> or earlier.
Call Stack (most recent call first):
  /usr/local/share/cmake-3.31/Modules/Platform/Android-Clang.cmake:23 (include)
  /usr/local/share/cmake-3.31/Modules/Platform/Android-Clang-C.cmake:1 (include)
  /usr/local/share/cmake-3.31/Modules/CMakeCInformation.cmake:48 (include)
  /home/runner/work/zh-mobile/zh-mobile/build/android-arm64/CMakeFiles/CMakeScratch/TryCompile-Snbusc/CMakeLists.txt:5 (project)


-- Looking for dlfcn.h - found
-- Looking for dlopen in dl
CMake Deprecation Warning at /opt/hostedtoolcache/ndk/r27c/x64/build/cmake/android.toolchain.cmake:35 (cmake_minimum_required):
  Compatibility with CMake < 3.10 will be removed from a future version of
  CMake.

  Update the VERSION argument <min> value.  Or, use the <min>...<max> syntax
  to tell CMake that the project requires at least <min> but has been updated
  to work with policies introduced by <max> or earlier.
Call Stack (most recent call first):
  /home/runner/vcpkg/scripts/buildsystems/vcpkg.cmake:210 (include)
  /home/runner/work/zh-mobile/zh-mobile/build/android-arm64/CMakeFiles/3.31.6/CMakeSystem.cmake:6 (include)
  /home/runner/work/zh-mobile/zh-mobile/build/android-arm64/CMakeFiles/CMakeScratch/TryCompile-sOZZIa/CMakeLists.txt:5 (project)


CMake Deprecation Warning at /opt/hostedtoolcache/ndk/r27c/x64/build/cmake/android-legacy.toolchain.cmake:35 (cmake_minimum_required):
  Compatibility with CMake < 3.10 will be removed from a future version of
  CMake.

  Update the VERSION argument <min> value.  Or, use the <min>...<max> syntax
  to tell CMake that the project requires at least <min> but has been updated
  to work with policies introduced by <max> or earlier.
Call Stack (most recent call first):
  /opt/hostedtoolcache/ndk/r27c/x64/build/cmake/android.toolchain.cmake:55 (include)
  /home/runner/vcpkg/scripts/buildsystems/vcpkg.cmake:210 (include)
  /home/runner/work/zh-mobile/zh-mobile/build/android-arm64/CMakeFiles/3.31.6/CMakeSystem.cmake:6 (include)
  /home/runner/work/zh-mobile/zh-mobile/build/android-arm64/CMakeFiles/CMakeScratch/TryCompile-sOZZIa/CMakeLists.txt:5 (project)


CMake Deprecation Warning at /opt/hostedtoolcache/ndk/r27c/x64/build/cmake/flags.cmake:18 (cmake_minimum_required):
  Compatibility with CMake < 3.10 will be removed from a future version of
  CMake.

  Update the VERSION argument <min> value.  Or, use the <min>...<max> syntax
  to tell CMake that the project requires at least <min> but has been updated
  to work with policies introduced by <max> or earlier.
Call Stack (most recent call first):
  /usr/local/share/cmake-3.31/Modules/Platform/Android-Clang.cmake:23 (include)
  /usr/local/share/cmake-3.31/Modules/Platform/Android-Clang-C.cmake:1 (include)
  /usr/local/share/cmake-3.31/Modules/CMakeCInformation.cmake:48 (include)
  /home/runner/work/zh-mobile/zh-mobile/build/android-arm64/CMakeFiles/CMakeScratch/TryCompile-sOZZIa/CMakeLists.txt:5 (project)


-- Looking for dlopen in dl - found
-- Looking for proc_pidpath
CMake Deprecation Warning at /opt/hostedtoolcache/ndk/r27c/x64/build/cmake/android.toolchain.cmake:35 (cmake_minimum_required):
  Compatibility with CMake < 3.10 will be removed from a future version of
  CMake.

  Update the VERSION argument <min> value.  Or, use the <min>...<max> syntax
  to tell CMake that the project requires at least <min> but has been updated
  to work with policies introduced by <max> or earlier.
Call Stack (most recent call first):
  /home/runner/vcpkg/scripts/buildsystems/vcpkg.cmake:210 (include)
  /home/runner/work/zh-mobile/zh-mobile/build/android-arm64/CMakeFiles/3.31.6/CMakeSystem.cmake:6 (include)
  /home/runner/work/zh-mobile/zh-mobile/build/android-arm64/CMakeFiles/CMakeScratch/TryCompile-2F1Ii3/CMakeLists.txt:5 (project)


CMake Deprecation Warning at /opt/hostedtoolcache/ndk/r27c/x64/build/cmake/android-legacy.toolchain.cmake:35 (cmake_minimum_required):
  Compatibility with CMake < 3.10 will be removed from a future version of
  CMake.

  Update the VERSION argument <min> value.  Or, use the <min>...<max> syntax
  to tell CMake that the project requires at least <min> but has been updated
  to work with policies introduced by <max> or earlier.
Call Stack (most recent call first):
  /opt/hostedtoolcache/ndk/r27c/x64/build/cmake/android.toolchain.cmake:55 (include)
  /home/runner/vcpkg/scripts/buildsystems/vcpkg.cmake:210 (include)
  /home/runner/work/zh-mobile/zh-mobile/build/android-arm64/CMakeFiles/3.31.6/CMakeSystem.cmake:6 (include)
  /home/runner/work/zh-mobile/zh-mobile/build/android-arm64/CMakeFiles/CMakeScratch/TryCompile-2F1Ii3/CMakeLists.txt:5 (project)


CMake Deprecation Warning at /opt/hostedtoolcache/ndk/r27c/x64/build/cmake/flags.cmake:18 (cmake_minimum_required):
  Compatibility with CMake < 3.10 will be removed from a future version of
  CMake.

  Update the VERSION argument <min> value.  Or, use the <min>...<max> syntax
  to tell CMake that the project requires at least <min> but has been updated
  to work with policies introduced by <max> or earlier.
Call Stack (most recent call first):
  /usr/local/share/cmake-3.31/Modules/Platform/Android-Clang.cmake:23 (include)
  /usr/local/share/cmake-3.31/Modules/Platform/Android-Clang-C.cmake:1 (include)
  /usr/local/share/cmake-3.31/Modules/CMakeCInformation.cmake:48 (include)
  /home/runner/work/zh-mobile/zh-mobile/build/android-arm64/CMakeFiles/CMakeScratch/TryCompile-2F1Ii3/CMakeLists.txt:5 (project)


-- Looking for proc_pidpath - not found
-- Performing Test HAVE_PTHREAD
CMake Deprecation Warning at /opt/hostedtoolcache/ndk/r27c/x64/build/cmake/android.toolchain.cmake:35 (cmake_minimum_required):
  Compatibility with CMake < 3.10 will be removed from a future version of
  CMake.

  Update the VERSION argument <min> value.  Or, use the <min>...<max> syntax
  to tell CMake that the project requires at least <min> but has been updated
  to work with policies introduced by <max> or earlier.
Call Stack (most recent call first):
  /home/runner/vcpkg/scripts/buildsystems/vcpkg.cmake:210 (include)
  /home/runner/work/zh-mobile/zh-mobile/build/android-arm64/CMakeFiles/3.31.6/CMakeSystem.cmake:6 (include)
  /home/runner/work/zh-mobile/zh-mobile/build/android-arm64/CMakeFiles/CMakeScratch/TryCompile-BXu3J5/CMakeLists.txt:5 (project)


CMake Deprecation Warning at /opt/hostedtoolcache/ndk/r27c/x64/build/cmake/android-legacy.toolchain.cmake:35 (cmake_minimum_required):
  Compatibility with CMake < 3.10 will be removed from a future version of
  CMake.

  Update the VERSION argument <min> value.  Or, use the <min>...<max> syntax
  to tell CMake that the project requires at least <min> but has been updated
  to work with policies introduced by <max> or earlier.
Call Stack (most recent call first):
  /opt/hostedtoolcache/ndk/r27c/x64/build/cmake/android.toolchain.cmake:55 (include)
  /home/runner/vcpkg/scripts/buildsystems/vcpkg.cmake:210 (include)
  /home/runner/work/zh-mobile/zh-mobile/build/android-arm64/CMakeFiles/3.31.6/CMakeSystem.cmake:6 (include)
  /home/runner/work/zh-mobile/zh-mobile/build/android-arm64/CMakeFiles/CMakeScratch/TryCompile-BXu3J5/CMakeLists.txt:5 (project)


CMake Deprecation Warning at /opt/hostedtoolcache/ndk/r27c/x64/build/cmake/flags.cmake:18 (cmake_minimum_required):
  Compatibility with CMake < 3.10 will be removed from a future version of
  CMake.

  Update the VERSION argument <min> value.  Or, use the <min>...<max> syntax
  to tell CMake that the project requires at least <min> but has been updated
  to work with policies introduced by <max> or earlier.
Call Stack (most recent call first):
  /usr/local/share/cmake-3.31/Modules/Platform/Android-Clang.cmake:23 (include)
  /usr/local/share/cmake-3.31/Modules/Platform/Android-Clang-C.cmake:1 (include)
  /usr/local/share/cmake-3.31/Modules/CMakeCInformation.cmake:48 (include)
  /home/runner/work/zh-mobile/zh-mobile/build/android-arm64/CMakeFiles/CMakeScratch/TryCompile-BXu3J5/CMakeLists.txt:5 (project)


-- Performing Test HAVE_PTHREAD - Success
-- Looking for pthread_setschedparam
CMake Deprecation Warning at /opt/hostedtoolcache/ndk/r27c/x64/build/cmake/android.toolchain.cmake:35 (cmake_minimum_required):
  Compatibility with CMake < 3.10 will be removed from a future version of
  CMake.

  Update the VERSION argument <min> value.  Or, use the <min>...<max> syntax
  to tell CMake that the project requires at least <min> but has been updated
  to work with policies introduced by <max> or earlier.
Call Stack (most recent call first):
  /home/runner/vcpkg/scripts/buildsystems/vcpkg.cmake:210 (include)
  /home/runner/work/zh-mobile/zh-mobile/build/android-arm64/CMakeFiles/3.31.6/CMakeSystem.cmake:6 (include)
  /home/runner/work/zh-mobile/zh-mobile/build/android-arm64/CMakeFiles/CMakeScratch/TryCompile-8ywsBx/CMakeLists.txt:5 (project)


CMake Deprecation Warning at /opt/hostedtoolcache/ndk/r27c/x64/build/cmake/android-legacy.toolchain.cmake:35 (cmake_minimum_required):
  Compatibility with CMake < 3.10 will be removed from a future version of
  CMake.

  Update the VERSION argument <min> value.  Or, use the <min>...<max> syntax
  to tell CMake that the project requires at least <min> but has been updated
  to work with policies introduced by <max> or earlier.
Call Stack (most recent call first):
  /opt/hostedtoolcache/ndk/r27c/x64/build/cmake/android.toolchain.cmake:55 (include)
  /home/runner/vcpkg/scripts/buildsystems/vcpkg.cmake:210 (include)
  /home/runner/work/zh-mobile/zh-mobile/build/android-arm64/CMakeFiles/3.31.6/CMakeSystem.cmake:6 (include)
  /home/runner/work/zh-mobile/zh-mobile/build/android-arm64/CMakeFiles/CMakeScratch/TryCompile-8ywsBx/CMakeLists.txt:5 (project)


CMake Deprecation Warning at /opt/hostedtoolcache/ndk/r27c/x64/build/cmake/flags.cmake:18 (cmake_minimum_required):
  Compatibility with CMake < 3.10 will be removed from a future version of
  CMake.

  Update the VERSION argument <min> value.  Or, use the <min>...<max> syntax
  to tell CMake that the project requires at least <min> but has been updated
  to work with policies introduced by <max> or earlier.
Call Stack (most recent call first):
  /usr/local/share/cmake-3.31/Modules/Platform/Android-Clang.cmake:23 (include)
  /usr/local/share/cmake-3.31/Modules/Platform/Android-Clang-C.cmake:1 (include)
  /usr/local/share/cmake-3.31/Modules/CMakeCInformation.cmake:48 (include)
  /home/runner/work/zh-mobile/zh-mobile/build/android-arm64/CMakeFiles/CMakeScratch/TryCompile-8ywsBx/CMakeLists.txt:5 (project)


-- Looking for pthread_setschedparam - found
-- Checking for module 'dbus-1'
--   Package 'dbus-1', required by 'virtual:world', not found
-- Could NOT find DBus1 (missing: DBus1_INCLUDE_DIRS DBus1_LIBRARIES)
-- Checking for module 'libpipewire-0.3>=0.3.23'
--   Package 'libpipewire-0.3', required by 'virtual:world', not found
-- Could NOT find PulseAudio (missing: PULSEAUDIO_LIBRARY PULSEAUDIO_INCLUDE_DIR) 
-- Could NOT find ALSA (missing: ALSA_LIBRARY ALSA_INCLUDE_DIR) 
-- Could NOT find OSS (missing: OSS_INCLUDE_DIR) 
-- Could NOT find AudioIO (missing: AUDIOIO_INCLUDE_DIR) 
-- Could NOT find JACK (missing: JACK_LIBRARY JACK_INCLUDE_DIR) 
-- Could NOT find oboe (missing: oboe_DIR)
-- Could NOT find Oboe (missing: OBOE_LIBRARY OBOE_INCLUDE_DIR) 
-- Found OpenSL: /opt/hostedtoolcache/ndk/r27c/x64/toolchains/llvm/prebuilt/linux-x86_64/sysroot/usr/lib/aarch64-linux-android/29/libOpenSLES.so
-- Could NOT find PortAudio (missing: PORTAUDIO_LIBRARY PORTAUDIO_INCLUDE_DIR) 
-- Found Git: /bin/git (found version "2.55.0")
-- 
-- Building OpenAL with support for the following backends:
--     OpenSL, WaveFile, Null
-- 
-- Building with support for CPU extensions:
--     Default, Neon
-- 
-- Embedding HRTF datasets
-- 
-- Installing library and headers
-- Installing sample configuration
-- Installing HRTF data files
-- Installing AmbDec presets
-- 
-- OpenAL Soft configured: target OpenAL::OpenAL available
-- Deterministic math disabled (SAGE_USE_DETERMINISTIC_MATH=OFF)
--   Math operations will use platform-native CRT/x87
--   Note: Replays may differ between platforms due to FMA/rounding differences
-- Found ZLIB: optimized;/home/runner/work/zh-mobile/zh-mobile/build/android-arm64/vcpkg_installed/arm64-android-zh/lib/libz.a;debug;/home/runner/work/zh-mobile/zh-mobile/build/android-arm64/vcpkg_installed/arm64-android-zh/debug/lib/libz.a (found version "1.3.1")
-- Found BZip2: optimized;/home/runner/work/zh-mobile/zh-mobile/build/android-arm64/vcpkg_installed/arm64-android-zh/lib/libbz2.a;debug;/home/runner/work/zh-mobile/zh-mobile/build/android-arm64/vcpkg_installed/arm64-android-zh/debug/lib/libbz2d.a (found version "1.0.8")
-- Looking for BZ2_bzCompressInit
CMake Deprecation Warning at /opt/hostedtoolcache/ndk/r27c/x64/build/cmake/android.toolchain.cmake:35 (cmake_minimum_required):
  Compatibility with CMake < 3.10 will be removed from a future version of
  CMake.

  Update the VERSION argument <min> value.  Or, use the <min>...<max> syntax
  to tell CMake that the project requires at least <min> but has been updated
  to work with policies introduced by <max> or earlier.
Call Stack (most recent call first):
  /home/runner/vcpkg/scripts/buildsystems/vcpkg.cmake:210 (include)
  /home/runner/work/zh-mobile/zh-mobile/build/android-arm64/CMakeFiles/3.31.6/CMakeSystem.cmake:6 (include)
  /home/runner/work/zh-mobile/zh-mobile/build/android-arm64/CMakeFiles/CMakeScratch/TryCompile-mHa8Zy/CMakeLists.txt:5 (project)


CMake Deprecation Warning at /opt/hostedtoolcache/ndk/r27c/x64/build/cmake/android-legacy.toolchain.cmake:35 (cmake_minimum_required):
  Compatibility with CMake < 3.10 will be removed from a future version of
  CMake.

  Update the VERSION argument <min> value.  Or, use the <min>...<max> syntax
  to tell CMake that the project requires at least <min> but has been updated
  to work with policies introduced by <max> or earlier.
Call Stack (most recent call first):
  /opt/hostedtoolcache/ndk/r27c/x64/build/cmake/android.toolchain.cmake:55 (include)
  /home/runner/vcpkg/scripts/buildsystems/vcpkg.cmake:210 (include)
  /home/runner/work/zh-mobile/zh-mobile/build/android-arm64/CMakeFiles/3.31.6/CMakeSystem.cmake:6 (include)
  /home/runner/work/zh-mobile/zh-mobile/build/android-arm64/CMakeFiles/CMakeScratch/TryCompile-mHa8Zy/CMakeLists.txt:5 (project)


CMake Deprecation Warning at /opt/hostedtoolcache/ndk/r27c/x64/build/cmake/flags.cmake:18 (cmake_minimum_required):
  Compatibility with CMake < 3.10 will be removed from a future version of
  CMake.

  Update the VERSION argument <min> value.  Or, use the <min>...<max> syntax
  to tell CMake that the project requires at least <min> but has been updated
  to work with policies introduced by <max> or earlier.
Call Stack (most recent call first):
  /usr/local/share/cmake-3.31/Modules/Platform/Android-Clang.cmake:23 (include)
  /usr/local/share/cmake-3.31/Modules/Platform/Android-Clang-C.cmake:1 (include)
  /usr/local/share/cmake-3.31/Modules/CMakeCInformation.cmake:48 (include)
  /home/runner/work/zh-mobile/zh-mobile/build/android-arm64/CMakeFiles/CMakeScratch/TryCompile-mHa8Zy/CMakeLists.txt:5 (project)


-- Looking for BZ2_bzCompressInit - found
-- Found PNG: optimized;/home/runner/work/zh-mobile/zh-mobile/build/android-arm64/vcpkg_installed/arm64-android-zh/lib/libpng16.a;debug;/home/runner/work/zh-mobile/zh-mobile/build/android-arm64/vcpkg_installed/arm64-android-zh/debug/lib/libpng16d.a (found version "1.6.46")
-- Checking for modules 'libavcodec;libavformat;libavutil;libswscale'
--   Found libavcodec, version 62.28.101
--   Found libavformat, version 62.12.101
--   Found libavutil, version 60.26.101
--   Found libswscale, version 9.5.101
-- Zero Hour install path not found. Registry keys for 'Command and Conquer Generals Zero Hour' not found. Zero Hour targets will be built, but not installed. You can specify the path manually by setting RTS_INSTALL_PREFIX_ZEROHOUR.
-- Enabled features:
 * ZeroHourStuff, Build Zero Hour code
 * FFmpegSupport, Building with FFmpeg support
 * SDL3Windowing, Using SDL3 for windowing (Linux)
 * OpenALAudio, Using OpenAL for audio (Linux)
 * GameMemoryEnable, Build with the original game memory implementation
 * MemoryPoolMpsbDlink, Build with Memory Pool backlink
 * MemoryPoolDebug, Build with Memory Pool debug
 * MemoryPoolDebugCustomNew, Build with Memory Pool custom new
 * MemoryPoolDebugBoundingwall, Build with Memory Pool Bounding Wall
 * SecureConnections, Connect to services using HTTPS.

-- Disabled features:
 * CoreTools, Build Core Mod Tools
 * CoreExtras, Build Core Extra Tools/Tests
 * GeneralsStuff, Build Generals code
 * ProfileBuild, Building as a "Profile" build
 * DebugBuild, Building as a "Debug" build
 * AddressSanitizer, Building with address sanitizer
 * Vc6FullDebug, Building VC6 with full debug info
 * UpdateCheck, In-game update check via GitHub Releases API
 * SagePatch, Build SagePatch QoL extras (macOS)
 * ZeroHourTools, Build Zero Hour Mod Tools
 * ZeroHourExtras, Build Zero Hour Extra Tools/Tests
 * ZeroHourDocs, Build Zero Hour Documentation
 * DebugCheats, Build with Debug Cheats in release builds
 * DebugIncludeDebugLogInCrcLog, Build with Debug Logging in CRC log
 * DebugMultiInstance, Build with Multi Client Instance support
 * MemoryPoolOverrideMalloc, Build with Memory Pool malloc
 * MemoryPoolDebugCheckpointing, Build with Memory Pool checkpointing
 * MemoryPoolDebugStacktrace, Build with Memory Pool Stacktrace
 * MemoryPoolDebugIntenseVerify, Build with Memory Pool intense verify
 * MemoryPoolDebugCheckBlockOwnership, Build with Memory Pool block ownership checks
 * MemoryPoolDebugIntenseDmaBookkeeping, Build with Memory Pool intense DMA bookkeeping
 * CrashDumpEnable, Build with Crash Dumps
 * OpenSSL, Use OpenSSL library for HTTPS support.
 * HttpLogging, Log HTTP activity.
 * BuildTests, Build small test applications to demo the library.
 * IncludeVoiceSDK, Library will include the Voice2 SDK component.

-- Configuring done (343.6s)
-- Generating done (0.3s)
-- Build files have been written to: /home/runner/work/zh-mobile/zh-mobile/build/android-arm64
